Date,Player,Team,Pitcher,BestBook,BestOdds,ModelProb,RawModelProb,Edge,Confidence,Grade,Stake,Play,Result,Profit
2026-05-29,Rafael Devers,San Francisco Giants,Michael Lorenzen,BetMGM,658,0.2123,0.071,0.0803,78,B,0.0,NO,,
2026-05-29,JJ Wetherholt,St. Louis Cardinals,Shota Imanaga,FanDuel,638,0.2123,0.071,0.0768,77,B,0.0,NO,,
2026-05-29,Willson Contreras,Boston Red Sox,Slade Cecconi,DraftKings,639,0.2113,0.0707,0.076,77,B,0.0,NO,,
2026-05-29,Jared Young,New York Mets,Max Meyer,DraftKings,629,0.2123,0.071,0.0751,77,B,0.0,NO,,
2026-05-29,Gabriel Moreno,Arizona Diamondbacks,George Kirby,DraftKings,+617,0.2123,0.071,0.0728,77,B,1.0,YES 🔥,,
2026-05-29,Rhys Hoskins,Cleveland Guardians,Tyler Samaniego,BetMGM,+616,0.2123,0.071,0.0726,77,B,1.0,YES 🔥,,
2026-05-29,Michael Busch,Chicago Cubs,Andre Pallante,BetMGM,649,0.2053,0.071,0.0718,73,B,0.0,NO,,
2026-05-29,Nick Sogard,Boston Red Sox,Slade Cecconi,DraftKings,+596,0.213,0.0713,0.0693,76,B,1.0,YES 🔥,,
2026-05-29,Manny Machado,San Diego Padres,Paxton Schultz,DraftKings,595,0.2123,0.071,0.0684,76,B,0.0,NO,,
2026-05-29,Freddie Freeman,Los Angeles Dodgers,Zack Wheeler,DraftKings,+627,0.206,0.0712,0.0684,73,B,0.5,YES 🔥,,
2026-05-29,Christian Walker,Houston Astros,Coleman Crow,FanDuel,+594,0.2123,0.071,0.0682,76,B,1.0,YES 🔥,,
2026-05-29,Christian Walker,Houston Astros,Coleman Crow,BetMGM,592,0.2123,0.071,0.0678,76,B,0.0,NO,,
2026-05-29,Rafael Devers,San Francisco Giants,Michael Lorenzen,FanDuel,+592,0.2123,0.071,0.0678,76,B,1.0,YES 🔥,,
2026-05-29,Junior Caminero,Tampa Bay Rays,Walbert Ureña,FanDuel,+623,0.2053,0.071,0.067,72,B,0.5,YES 🔥,,
2026-05-29,Ozzie Albies,Atlanta Braves,Chris Paddack,BetMGM,588,0.2123,0.071,0.0669,76,B,0.0,NO,,
2026-05-29,Kody Clemens,Minnesota Twins,Jared Jones,FanDuel,622,0.2053,0.071,0.0668,72,B,0.0,NO,,
2026-05-29,Chase DeLauter,Cleveland Guardians,Tyler Samaniego,DraftKings,+621,0.2053,0.071,0.0666,72,B,0.0,NO,,
2026-05-29,James Outman,Minnesota Twins,Jared Jones,BetMGM,+586,0.2123,0.071,0.0665,76,B,1.0,YES 🔥,,
2026-05-29,Bryson Stott,Philadelphia Phillies,Justin Wrobleski,BetMGM,+650,0.199,0.0713,0.0657,68,B,0.5,YES 🔥,,
2026-05-29,Curtis Mead,Washington Nationals,Lucas Giolito,DraftKings,+616,0.2053,0.071,0.0656,72,B,0.5,YES 🔥,,
2026-05-29,CJ Abrams,Washington Nationals,Lucas Giolito,FanDuel,580,0.2123,0.071,0.0652,76,B,0.0,NO,,
2026-05-29,Chase DeLauter,Cleveland Guardians,Tyler Samaniego,BetMGM,609,0.2053,0.071,0.0643,72,B,0.0,NO,,
2026-05-29,César Prieto,St. Louis Cardinals,Shota Imanaga,BetMGM,646,0.1983,0.071,0.0643,68,B,0.0,NO,,
2026-05-29,Xander Bogaerts,San Diego Padres,Paxton Schultz,DraftKings,608,0.2053,0.071,0.0641,72,B,0.0,NO,,
2026-05-29,Curtis Mead,Washington Nationals,Lucas Giolito,BetMGM,608,0.2053,0.071,0.0641,72,B,0.0,NO,,
2026-05-29,Jake Rogers,Detroit Tigers,Erick Fedde,DraftKings,657,0.1961,0.0715,0.064,66,B,0.0,NO,,
2026-05-29,Liam Hicks,Miami Marlins,Freddy Peralta,BetMGM,+664,0.1949,0.071,0.064,66,B,0.0,NO,,
2026-05-29,Spencer Torkelson,Detroit Tigers,Erick Fedde,BetMGM,619,0.2027,0.0726,0.0636,68,B,0.0,NO,,
2026-05-29,Taylor Walls,Tampa Bay Rays,Walbert Ureña,BetMGM,+605,0.2053,0.071,0.0635,72,B,0.0,NO,,
2026-05-29,Jackson Chourio,Milwaukee Brewers,Kai-Wei Teng,DraftKings,+655,0.1958,0.0714,0.0634,66,B,0.5,YES 🔥,,
2026-05-29,Maikel Garcia,Kansas City Royals,MacKenzie Gore,DraftKings,601,0.2053,0.071,0.0627,72,B,0.0,NO,,
2026-05-29,J.T. Realmuto,Philadelphia Phillies,Justin Wrobleski,DraftKings,648,0.1955,0.0713,0.0619,66,B,0.0,NO,,
2026-05-29,Austin Riley,Atlanta Braves,Chris Paddack,BetMGM,631,0.1983,0.071,0.0615,68,B,0.0,NO,,
2026-05-29,Andrés Chaparro,Washington Nationals,Lucas Giolito,BetMGM,595,0.2053,0.071,0.0614,72,B,0.0,NO,,
2026-05-29,Tristan Gray,Minnesota Twins,Jared Jones,DraftKings,629,0.1983,0.071,0.0612,68,B,0.0,NO,,
2026-05-29,Tyler Soderstrom,Athletics,Carlos Rodón,BetMGM,+629,0.1983,0.071,0.0612,68,B,0.5,YES 🔥,,
2026-05-29,Chandler Simpson,Tampa Bay Rays,Walbert Ureña,DraftKings,628,0.1983,0.071,0.061,68,B,0.0,NO,,
2026-05-29,Hunter Goodman,Colorado Rockies,Logan Webb,BetMGM,+563,0.2116,0.0708,0.0608,75,B,1.0,YES 🔥,,
2026-05-29,Wilyer Abreu,Boston Red Sox,Slade Cecconi,DraftKings,+588,0.206,0.0713,0.0607,72,B,0.0,NO,,
2026-05-29,Luis Rengifo,Milwaukee Brewers,Kai-Wei Teng,DraftKings,606,0.2015,0.0721,0.0598,64,C,0.0,NO,,
2026-05-29,Bobby Witt Jr.,Kansas City Royals,MacKenzie Gore,BetMGM,+640,0.1949,0.071,0.0597,66,B,0.0,NO,,
2026-05-29,Bo Bichette,New York Mets,Max Meyer,BetMGM,+639,0.1949,0.071,0.0595,66,B,0.0,NO,,
2026-05-29,Willson Contreras,Boston Red Sox,Slade Cecconi,BetMGM,+551,0.213,0.0713,0.0594,75,B,0.0,NO,,
2026-05-29,Casey Schmitt,San Francisco Giants,Michael Lorenzen,DraftKings,+585,0.2053,0.071,0.0593,71,B,0.0,NO,,
2026-05-29,Bryson Stott,Philadelphia Phillies,Justin Wrobleski,DraftKings,612,0.1996,0.0715,0.0592,68,B,0.0,NO,,
2026-05-29,Andy Pages,Los Angeles Dodgers,Zack Wheeler,FanDuel,+630,0.1955,0.0712,0.0585,66,B,0.0,NO,,
2026-05-29,Colson Montgomery,Chicago White Sox,Troy Melton,BetMGM,549,0.2123,0.071,0.0582,75,B,0.0,NO,,
2026-05-29,Ryan Vilade,Tampa Bay Rays,Walbert Ureña,DraftKings,548,0.2123,0.071,0.0579,75,B,0.0,NO,,
2026-05-29,Junior Caminero,Tampa Bay Rays,Walbert Ureña,BetMGM,612,0.1983,0.071,0.0579,67,B,0.0,NO,,
2026-05-29,MJ Melendez,New York Mets,Max Meyer,BetMGM,+547,0.2123,0.071,0.0577,75,B,1.0,YES 🔥,,
2026-05-29,Wilyer Abreu,Boston Red Sox,Slade Cecconi,BetMGM,581,0.2044,0.0707,0.0576,71,B,0.0,NO,,
2026-05-29,Cole Young,Seattle Mariners,Zac Gallen,DraftKings,546,0.2123,0.071,0.0575,75,B,0.0,NO,,
2026-05-29,Luke Raley,Seattle Mariners,Zac Gallen,DraftKings,+608,0.1983,0.071,0.0571,67,B,0.5,YES 🔥,,
2026-05-29,Ernie Clement,Toronto Blue Jays,Trevor Rogers,DraftKings,+617,0.1965,0.0716,0.0571,66,B,0.5,YES 🔥,,
2026-05-29,Kody Clemens,Minnesota Twins,Jared Jones,DraftKings,+574,0.2053,0.071,0.0569,71,B,0.0,NO,,
2026-05-29,Manny Machado,San Diego Padres,Paxton Schultz,FanDuel,+542,0.2123,0.071,0.0565,75,B,1.0,YES 🔥,,
2026-05-29,Jake Bauers,Milwaukee Brewers,Kai-Wei Teng,BetMGM,+597,0.1993,0.0714,0.0558,67,B,0.0,NO,,
2026-05-29,Brandon Valenzuela,Toronto Blue Jays,Trevor Rogers,BetMGM,648,0.1895,0.0716,0.0558,62,B,0.0,NO,,
2026-05-29,Troy Johnston,Colorado Rockies,Logan Webb,FanDuel,+602,0.1978,0.0708,0.0553,67,B,0.0,NO,,
2026-05-29,Ezequiel Duran,Texas Rangers,Stephen Kolek,DraftKings,532,0.2135,0.0714,0.0552,75,B,0.0,NO,,
2026-05-29,Josh Jung,Texas Rangers,Stephen Kolek,FanDuel,+617,0.1944,0.0709,0.055,65,B,0.0,NO,,
2026-05-29,Chad Stevens,Colorado Rockies,Logan Webb,BetMGM,600,0.1978,0.0708,0.0549,67,B,0.0,NO,,
2026-05-29,Samuel Basallo,Baltimore Orioles,Adam Macko,FanDuel,+593,0.1992,0.0713,0.0549,67,B,0.5,YES 🔥,,
2026-05-29,Jazz Chisholm Jr.,New York Yankees,Luis Severino,FanDuel,+587,0.1999,0.0716,0.0543,67,B,0.5,YES 🔥,,
2026-05-29,Eric Wagaman,New York Mets,Max Meyer,FanDuel,562,0.2053,0.071,0.0542,71,B,0.0,NO,,
2026-05-29,Pete Crow-Armstrong,Chicago Cubs,Andre Pallante,BetMGM,+647,0.1879,0.071,0.054,61,B,0.0,NO,,
2026-05-29,Mike Trout,Los Angeles Angels,Nick Martinez,DraftKings,+588,0.1992,0.0726,0.0539,86,A,0.5,YES 🔥,,
2026-05-29,Colby Thomas,Athletics,Carlos Rodón,DraftKings,+645,0.1879,0.071,0.0537,61,B,0.0,NO,,
2026-05-29,Jake Burger,Texas Rangers,Stephen Kolek,FanDuel,+530,0.2118,0.0709,0.0531,74,B,1.0,YES 🔥,,
2026-05-29,Jonah Heim,Athletics,Carlos Rodón,BetMGM,641,0.1879,0.071,0.053,61,B,0.0,NO,,
2026-05-29,Jordan Walker,St. Louis Cardinals,Shota Imanaga,DraftKings,+555,0.2053,0.071,0.0526,71,B,0.5,YES 🔥,,
2026-05-29,Hunter Goodman,Colorado Rockies,Logan Webb,FanDuel,557,0.2047,0.0708,0.0525,71,B,0.0,NO,,
2026-05-29,Dominic Smith,Atlanta Braves,Chris Paddack,DraftKings,+584,0.1983,0.071,0.0521,67,B,0.5,YES 🔥,,
2026-05-29,Spencer Torkelson,Detroit Tigers,Erick Fedde,DraftKings,+577,0.1996,0.0715,0.0519,67,B,0.0,NO,,
2026-05-29,Charles McAdoo,Toronto Blue Jays,Trevor Rogers,DraftKings,+655,0.1843,0.0716,0.0518,58,B,0.0,NO,,
2026-05-29,Luis Arraez,San Francisco Giants,Michael Lorenzen,FanDuel,582,0.1983,0.071,0.0517,67,B,0.0,NO,,
2026-05-29,Ryan Vilade,Tampa Bay Rays,Walbert Ureña,BetMGM,+522,0.2123,0.071,0.0515,74,B,0.0,NO,,
2026-05-29,Nico Hoerner,Chicago Cubs,Andre Pallante,DraftKings,595,0.1949,0.071,0.051,65,B,0.0,NO,,
2026-05-29,Tyler Freeman,Colorado Rockies,Logan Webb,FanDuel,+596,0.1943,0.0708,0.0506,65,B,0.0,NO,,
2026-05-29,Luisangel Acuña,Chicago White Sox,Troy Melton,DraftKings,+592,0.1949,0.071,0.0504,65,B,0.0,NO,,
2026-05-29,Aramis Garcia,Arizona Diamondbacks,George Kirby,BetMGM,627,0.1879,0.071,0.0504,61,B,0.0,NO,,
2026-05-29,Maikel Garcia,Kansas City Royals,MacKenzie Gore,BetMGM,+544,0.2053,0.071,0.05,70,B,0.5,YES 🔥,,
2026-05-29,Alec Burleson,St. Louis Cardinals,Shota Imanaga,BetMGM,574,0.1983,0.071,0.05,67,B,0.0,NO,,
2026-05-29,Taylor Trammell,Houston Astros,Coleman Crow,BetMGM,+625,0.1879,0.071,0.05,61,B,0.0,NO,,
2026-05-29,CJ Abrams,Washington Nationals,Lucas Giolito,BetMGM,+515,0.2123,0.071,0.0497,74,B,0.0,NO,,
2026-05-29,Jake Burger,Texas Rangers,Stephen Kolek,BetMGM,538,0.2065,0.0714,0.0497,70,B,0.0,NO,,
2026-05-29,TJ Rumfield,Colorado Rockies,Logan Webb,BetMGM,+545,0.2047,0.0708,0.0497,70,B,0.0,NO,,
2026-05-29,Henry Davis,Pittsburgh Pirates,Taj Bradley,DraftKings,589,0.1949,0.071,0.0497,65,B,0.0,NO,,
2026-05-29,Joc Pederson,Texas Rangers,Stephen Kolek,FanDuel,+625,0.1875,0.0709,0.0496,61,B,0.0,NO,,
2026-05-29,Jeremy Peña,Houston Astros,Coleman Crow,DraftKings,651,0.1827,0.071,0.0495,58,B,0.0,NO,,
2026-05-29,Austin Riley,Atlanta Braves,Chris Paddack,DraftKings,+651,0.1827,0.071,0.0495,58,B,0.0,NO,,
2026-05-29,Connor Wong,Boston Red Sox,Slade Cecconi,FanDuel,579,0.1961,0.0715,0.0488,65,B,0.0,NO,,
2026-05-29,Wade Meckler,Los Angeles Angels,Nick Martinez,BetMGM,+555,0.2012,0.072,0.0485,67,B,0.0,NO,,
2026-05-29,Oneil Cruz,Pittsburgh Pirates,Taj Bradley,BetMGM,+567,0.1983,0.071,0.0484,66,B,0.5,YES 🔥,,
2026-05-29,Rafael Devers,San Francisco Giants,Michael Lorenzen,DraftKings,509,0.2123,0.071,0.0481,74,B,0.0,NO,,
2026-05-29,Zach Neto,Los Angeles Angels,Nick Martinez,DraftKings,+596,0.1918,0.0725,0.0481,65,B,0.0,NO,,
2026-05-29,Bobby Witt Jr.,Kansas City Royals,MacKenzie Gore,DraftKings,578,0.1949,0.071,0.0474,64,B,0.0,NO,,
2026-05-29,Derek Hill,Chicago White Sox,Troy Melton,FanDuel,+578,0.1949,0.071,0.0474,64,B,0.0,NO,,
2026-05-29,Corbin Carroll,Arizona Diamondbacks,George Kirby,DraftKings,+577,0.1949,0.071,0.0472,64,B,0.0,NO,,
2026-05-29,Luke Raley,Seattle Mariners,Zac Gallen,FanDuel,561,0.1983,0.071,0.0471,66,B,0.0,NO,,
2026-05-29,Curtis Mead,Washington Nationals,Lucas Giolito,FanDuel,505,0.2123,0.071,0.047,74,B,0.0,NO,,
2026-05-29,Jake Bauers,Milwaukee Brewers,Kai-Wei Teng,FanDuel,527,0.2063,0.0714,0.0468,70,B,0.0,NO,,
2026-05-29,Vladimir Guerrero Jr.,Toronto Blue Jays,Trevor Rogers,BetMGM,+524,0.2071,0.0716,0.0468,70,B,0.0,NO,,
2026-05-29,Matt Chapman,San Francisco Giants,Michael Lorenzen,BetMGM,560,0.1983,0.071,0.0468,66,B,0.0,NO,,
2026-05-29,Alex Bregman,Chicago Cubs,Andre Pallante,BetMGM,636,0.1827,0.071,0.0468,58,B,0.0,NO,,
2026-05-29,Sam Antonacci,Chicago White Sox,Troy Melton,BetMGM,+607,0.1879,0.071,0.0465,61,B,0.0,NO,,
2026-05-29,J.P. Crawford,Seattle Mariners,Zac Gallen,FanDuel,+607,0.1879,0.071,0.0465,61,B,0.0,NO,,
2026-05-29,Masyn Winn,St. Louis Cardinals,Shota Imanaga,BetMGM,+632,0.1827,0.071,0.0461,58,B,0.0,NO,,
2026-05-29,Tyler Freeman,Colorado Rockies,Logan Webb,BetMGM,572,0.1948,0.071,0.046,64,B,0.0,NO,,
2026-05-29,Miguel Vargas,Chicago White Sox,Troy Melton,DraftKings,555,0.1983,0.071,0.0457,66,B,0.0,NO,,
2026-05-29,Eugenio Suárez,Cincinnati Reds,Grant Holmes,BetMGM,557,0.1976,0.0708,0.0454,66,B,0.0,NO,,
2026-05-29,Jackson Merrill,San Diego Padres,Paxton Schultz,FanDuel,+553,0.1983,0.071,0.0452,66,B,0.0,NO,,
2026-05-29,Eugenio Suárez,Cincinnati Reds,Grant Holmes,DraftKings,+554,0.1976,0.0708,0.0447,66,B,0.5,YES 🔥,,
2026-05-29,Austin Wells,New York Yankees,Luis Severino,DraftKings,594,0.1887,0.0713,0.0446,60,B,0.0,NO,,
2026-05-29,Cam Smith,Houston Astros,Coleman Crow,BetMGM,550,0.1983,0.071,0.0445,66,B,0.0,NO,,
2026-05-29,Vladimir Guerrero Jr.,Toronto Blue Jays,Trevor Rogers,FanDuel,514,0.2071,0.0716,0.0442,70,B,0.0,NO,,
2026-05-29,Pedro Pagés,St. Louis Cardinals,Shota Imanaga,DraftKings,593,0.1879,0.071,0.0436,60,B,0.0,NO,,
2026-05-29,Shea Langeliers,Athletics,Carlos Rodón,DraftKings,+517,0.2053,0.071,0.0432,69,B,0.0,NO,,
2026-05-29,Christian Yelich,Milwaukee Brewers,Kai-Wei Teng,BetMGM,+586,0.1888,0.0714,0.043,60,B,0.0,NO,,
2026-05-29,Jung Hoo Lee,San Francisco Giants,Michael Lorenzen,DraftKings,+616,0.1827,0.071,0.043,57,B,0.0,NO,,
2026-05-29,JJ Bleday,Cincinnati Reds,Grant Holmes,BetMGM,+518,0.2046,0.0708,0.0427,69,B,0.0,NO,,
2026-05-29,Iván Herrera,St. Louis Cardinals,Shota Imanaga,FanDuel,557,0.1949,0.071,0.0427,64,B,0.0,NO,,
2026-05-29,Dillon Dingler,Detroit Tigers,Erick Fedde,BetMGM,539,0.1991,0.0726,0.0426,64,B,0.0,NO,,
2026-05-29,Jarren Duran,Boston Red Sox,Slade Cecconi,DraftKings,592,0.1871,0.0707,0.0426,60,B,0.0,NO,,
2026-05-29,Edgar Quero,Chicago White Sox,Troy Melton,FanDuel,556,0.1949,0.071,0.0424,64,B,0.0,NO,,
2026-05-29,Trea Turner,Philadelphia Phillies,Justin Wrobleski,DraftKings,550,0.1961,0.0715,0.0423,64,B,0.0,NO,,
2026-05-29,JJ Bleday,Cincinnati Reds,Grant Holmes,DraftKings,516,0.2046,0.0708,0.0422,69,B,0.0,NO,,
2026-05-29,Samuel Basallo,Baltimore Orioles,TBD,BetMGM,551,0.1957,0.0713,0.0421,64,B,0.0,NO,,
2026-05-29,Xavier Edwards,Miami Marlins,Freddy Peralta,FanDuel,530,0.2004,0.0718,0.0417,86,B,0.0,NO,,
2026-05-29,Ian Happ,Chicago Cubs,Andre Pallante,DraftKings,+538,0.1983,0.071,0.0416,66,B,0.5,YES 🔥,,
2026-05-29,Mickey Gasper,Boston Red Sox,Slade Cecconi,DraftKings,613,0.1819,0.0707,0.0416,57,B,0.0,NO,,
2026-05-29,Iván Herrera,St. Louis Cardinals,Shota Imanaga,DraftKings,+552,0.1949,0.071,0.0415,64,B,0.0,NO,,
2026-05-29,Braxton Fulford,Colorado Rockies,Logan Webb,FanDuel,584,0.1874,0.0708,0.0412,60,B,0.0,NO,,
2026-05-29,Mike Trout,Los Angeles Angels,Nick Martinez,FanDuel,531,0.1994,0.0727,0.0409,84,B,0.0,NO,,
2026-05-29,Hao-Yu  Lee,Detroit Tigers,Erick Fedde,FanDuel,+503,0.2066,0.0715,0.0408,69,B,0.5,YES 🔥,,
2026-05-29,Nick Fortes,Tampa Bay Rays,Walbert Ureña,DraftKings,548,0.1949,0.071,0.0405,64,B,0.0,NO,,
2026-05-29,Randy Arozarena,Seattle Mariners,Zac Gallen,BetMGM,+482,0.2123,0.071,0.0404,73,B,0.0,NO,,
2026-05-29,Tyler Callihan,Pittsburgh Pirates,Taj Bradley,BetMGM,+577,0.1879,0.071,0.0402,60,B,0.0,NO,,
2026-05-29,Eric Wagaman,New York Mets,Max Meyer,DraftKings,+481,0.2123,0.071,0.0401,73,B,0.0,NO,,
2026-05-29,Adley Rutschman,Baltimore Orioles,Adam Macko,DraftKings,+502,0.2062,0.0713,0.0401,69,B,0.0,NO,,
2026-05-29,Andrew Benintendi,Chicago White Sox,Troy Melton,DraftKings,+601,0.1827,0.071,0.04,57,B,0.0,NO,,
2026-05-29,Alika Williams,Athletics,Carlos Rodón,DraftKings,480,0.2123,0.071,0.0399,73,B,0.0,NO,,
2026-05-29,Max Muncy,Los Angeles Dodgers,Zack Wheeler,DraftKings,534,0.1976,0.0708,0.0399,65,B,0.0,NO,,
2026-05-29,Ryan Waldschmidt,Arizona Diamondbacks,George Kirby,DraftKings,+600,0.1827,0.071,0.0398,57,B,0.0,NO,,
2026-05-29,Elly De La Cruz,Cincinnati Reds,Grant Holmes,BetMGM,547,0.1942,0.0708,0.0396,63,B,0.0,NO,,
2026-05-29,Carter Jensen,Kansas City Royals,MacKenzie Gore,BetMGM,574,0.1879,0.071,0.0395,60,B,0.0,NO,,
2026-05-29,Xavier Edwards,Miami Marlins,Freddy Peralta,DraftKings,564,0.1899,0.0718,0.0393,80,B,0.0,NO,,
2026-05-29,Xander Bogaerts,San Diego Padres,Paxton Schultz,FanDuel,+502,0.2053,0.071,0.0392,69,B,0.0,NO,,
2026-05-29,Mitch Garver,Seattle Mariners,Zac Gallen,BetMGM,542,0.1949,0.071,0.0391,63,B,0.0,NO,,
2026-05-29,Gunnar Henderson,Baltimore Orioles,Adam Macko,BetMGM,+538,0.1957,0.0713,0.039,63,B,0.0,NO,,
2026-05-29,Rodolfo Durán,San Diego Padres,Paxton Schultz,BetMGM,540,0.1949,0.071,0.0386,63,B,0.0,NO,,
2026-05-29,Nick Gonzales,Pittsburgh Pirates,Taj Bradley,FanDuel,+474,0.2123,0.071,0.038,73,B,0.0,NO,,
2026-05-29,Colson Montgomery,Chicago White Sox,Troy Melton,DraftKings,+474,0.2123,0.071,0.038,73,B,0.0,NO,,
2026-05-29,Jung Hoo Lee,San Francisco Giants,Michael Lorenzen,BetMGM,590,0.1827,0.071,0.0378,57,B,0.0,NO,,
2026-05-29,Byron Buxton,Minnesota Twins,Jared Jones,DraftKings,+565,0.1879,0.071,0.0375,59,B,0.0,NO,,
2026-05-29,Trent Grisham,New York Yankees,Luis Severino,DraftKings,+558,0.1894,0.0716,0.0374,60,B,0.0,NO,,
2026-05-29,Angel Martínez,Cleveland Guardians,Tyler Samaniego,FanDuel,+588,0.1827,0.071,0.0373,57,B,0.0,NO,,
2026-05-29,Brent Rooker,Athletics,Carlos Rodón,FanDuel,+464,0.2145,0.0718,0.0372,93,B,0.0,NO,,
2026-05-29,Brice Turang,Milwaukee Brewers,Kai-Wei Teng,FanDuel,466,0.2133,0.0714,0.0366,72,B,0.0,NO,,
2026-05-29,Oneil Cruz,Pittsburgh Pirates,Taj Bradley,DraftKings,518,0.1983,0.071,0.0365,65,B,0.0,NO,,
2026-05-29,Nasim Nuñez,Washington Nationals,Lucas Giolito,DraftKings,583,0.1827,0.071,0.0363,57,B,0.0,NO,,
2026-05-29,Freddie Freeman,Los Angeles Dodgers,Zack Wheeler,FanDuel,487,0.2065,0.0714,0.0362,69,B,0.0,NO,,
2026-05-29,Julio Rodríguez,Seattle Mariners,Zac Gallen,BetMGM,530,0.1949,0.071,0.0361,63,B,0.0,NO,,
2026-05-29,Alec Bohm,Philadelphia Phillies,Justin Wrobleski,BetMGM,463,0.2136,0.0715,0.036,72,B,0.0,NO,,
2026-05-29,Brandon Lowe,Pittsburgh Pirates,Taj Bradley,BetMGM,+529,0.1949,0.071,0.0359,63,B,0.0,NO,,
2026-05-29,Jazz Chisholm Jr.,New York Yankees,Luis Severino,BetMGM,512,0.1992,0.0713,0.0358,65,B,0.0,NO,,
2026-05-29,Shea Langeliers,Athletics,Carlos Rodón,BetMGM,528,0.1949,0.071,0.0356,63,B,0.0,NO,,
2026-05-29,Adam Frazier,Los Angeles Angels,Nick Martinez,DraftKings,489,0.2053,0.071,0.0355,69,B,0.0,NO,,
2026-05-29,Eric Haase,San Francisco Giants,Michael Lorenzen,BetMGM,527,0.1949,0.071,0.0354,63,B,0.0,NO,,
2026-05-29,Julio Rodríguez,Seattle Mariners,Zac Gallen,DraftKings,+527,0.1949,0.071,0.0354,63,B,0.0,NO,,
2026-05-29,Braden Shewmake,Houston Astros,Coleman Crow,FanDuel,579,0.1827,0.071,0.0354,56,B,0.0,NO,,
2026-05-29,Alec Burleson,St. Louis Cardinals,Shota Imanaga,FanDuel,+513,0.1983,0.071,0.0352,65,B,0.0,NO,,
2026-05-29,Michael Busch,Chicago Cubs,Andre Pallante,FanDuel,+487,0.2053,0.071,0.0349,68,B,0.0,NO,,
2026-05-29,Trent Grisham,New York Yankees,Luis Severino,BetMGM,547,0.1894,0.0716,0.0348,59,B,0.0,NO,,
2026-05-29,Jonathan Aranda,Tampa Bay Rays,Walbert Ureña,FanDuel,486,0.2053,0.071,0.0347,68,B,0.0,NO,,
2026-05-29,Sandy León,Atlanta Braves,Chris Paddack,FanDuel,524,0.1949,0.071,0.0346,63,B,0.0,NO,,
2026-05-29,Ezequiel Duran,Texas Rangers,Stephen Kolek,BetMGM,+512,0.1979,0.0709,0.0345,65,B,0.0,NO,,
2026-05-29,Jordan Walker,St. Louis Cardinals,Shota Imanaga,FanDuel,485,0.2053,0.071,0.0344,68,B,0.0,NO,,
2026-05-29,Nathaniel Lowe,Cincinnati Reds,Grant Holmes,FanDuel,577,0.182,0.0708,0.0343,56,B,0.0,NO,,
2026-05-29,Oswald Peraza,Los Angeles Angels,Nick Martinez,BetMGM,560,0.1856,0.0721,0.0341,56,B,0.0,NO,,
2026-05-29,Nick Kurtz,Athletics,Carlos Rodón,DraftKings,521,0.1949,0.071,0.0338,63,B,0.0,NO,,
2026-05-29,Nathaniel Lowe,Cincinnati Reds,Grant Holmes,DraftKings,+574,0.182,0.0708,0.0337,56,B,0.0,NO,,
2026-05-29,Max Muncy,Los Angeles Dodgers,Zack Wheeler,FanDuel,+568,0.1833,0.0712,0.0336,56,B,0.0,NO,,
2026-05-29,Miguel Amaya,Chicago Cubs,Andre Pallante,DraftKings,519,0.1949,0.071,0.0333,63,B,0.0,NO,,
2026-05-29,Christian Vázquez,Houston Astros,Coleman Crow,BetMGM,547,0.1879,0.071,0.0333,59,B,0.0,NO,,
2026-05-29,Carson Benge,New York Mets,Max Meyer,DraftKings,+547,0.1879,0.071,0.0333,59,B,0.0,NO,,
2026-05-29,Connor Norby,Miami Marlins,Freddy Peralta,BetMGM,458,0.2123,0.071,0.0331,72,B,0.0,NO,,
2026-05-29,Hao-Yu  Lee,Detroit Tigers,Erick Fedde,DraftKings,454,0.2136,0.0715,0.0331,72,B,0.0,NO,,
2026-05-29,Adrian Del Castillo,Arizona Diamondbacks,George Kirby,FanDuel,+504,0.1983,0.071,0.0328,64,B,0.0,NO,,
2026-05-29,Sung-Mun Song,San Diego Padres,Paxton Schultz,FanDuel,+517,0.1949,0.071,0.0328,63,B,0.0,NO,,
2026-05-29,Ketel Marte,Arizona Diamondbacks,George Kirby,DraftKings,+544,0.1879,0.071,0.0326,59,B,0.0,NO,,
2026-05-29,Colt Emerson,Seattle Mariners,Zac Gallen,BetMGM,503,0.1983,0.071,0.0325,64,B,0.0,NO,,
2026-05-29,Mookie Betts,Los Angeles Dodgers,Zack Wheeler,DraftKings,438,0.2181,0.073,0.0323,92,B,0.0,NO,,
2026-05-29,Sal Stewart,Cincinnati Reds,Grant Holmes,DraftKings,+458,0.2115,0.0708,0.0323,72,B,0.0,NO,,
2026-05-29,Jorge Mateo,Atlanta Braves,Chris Paddack,FanDuel,642,0.167,0.071,0.0323,48,C,0.0,NO,,
2026-05-29,Colton Cowser,Baltimore Orioles,Adam Macko,FanDuel,+638,0.1678,0.0713,0.0323,48,C,0.0,NO,,
2026-05-29,Alex Jackson,Minnesota Twins,Jared Jones,BetMGM,542,0.1879,0.071,0.0321,59,B,0.0,NO,,
2026-05-29,Byron Buxton,Minnesota Twins,Jared Jones,BetMGM,542,0.1879,0.071,0.0321,59,B,0.0,NO,,
2026-05-29,Jarren Duran,Boston Red Sox,Slade Cecconi,FanDuel,+539,0.1886,0.0713,0.0321,59,B,0.0,NO,,
2026-05-29,A.J. Ewing,New York Mets,Max Meyer,DraftKings,+501,0.1983,0.071,0.032,64,B,0.0,NO,,
2026-05-29,Brooks Lee,Minnesota Twins,Jared Jones,DraftKings,563,0.1827,0.071,0.0319,56,B,0.0,NO,,
2026-05-29,Luis Rengifo,Milwaukee Brewers,Kai-Wei Teng,FanDuel,624,0.1696,0.0721,0.0315,44,C,0.0,NO,,
2026-05-29,Michael Massey,Kansas City Royals,MacKenzie Gore,BetMGM,453,0.2123,0.071,0.0314,72,B,0.0,NO,,
2026-05-29,Chase Meidroth,Chicago White Sox,Troy Melton,DraftKings,499,0.1983,0.071,0.0314,64,B,0.0,NO,,
2026-05-29,Masyn Winn,St. Louis Cardinals,Shota Imanaga,FanDuel,561,0.1827,0.071,0.0314,56,B,0.0,NO,,
2026-05-29,TJ Rumfield,Colorado Rockies,Logan Webb,FanDuel,475,0.2052,0.071,0.0313,68,B,0.0,NO,,
2026-05-29,Masataka Yoshida,Boston Red Sox,Slade Cecconi,BetMGM,+496,0.199,0.0713,0.0313,64,B,0.0,NO,,
2026-05-29,Bo Bichette,New York Mets,Max Meyer,DraftKings,511,0.1949,0.071,0.0312,62,B,0.0,NO,,
2026-05-29,Luis García Jr.,Washington Nationals,Lucas Giolito,FanDuel,+510,0.1949,0.071,0.0309,62,B,0.0,NO,,
2026-05-29,Endy Rodríguez,Pittsburgh Pirates,Taj Bradley,DraftKings,537,0.1879,0.071,0.0309,59,B,0.0,NO,,
2026-05-29,Kevin McGonigle,Detroit Tigers,Erick Fedde,DraftKings,+532,0.1891,0.0715,0.0309,59,B,0.0,NO,,
2026-05-29,Jonathan Aranda,Tampa Bay Rays,Walbert Ureña,DraftKings,509,0.1949,0.071,0.0307,62,B,0.0,NO,,
2026-05-29,Vaughn Grissom,Los Angeles Angels,Nick Martinez,DraftKings,+463,0.2082,0.072,0.0306,68,B,0.0,NO,,
2026-05-29,Nick Allen,Houston Astros,Coleman Crow,BetMGM,633,0.167,0.071,0.0306,47,C,0.0,NO,,
2026-05-29,Dominic Canzone,Seattle Mariners,Zac Gallen,DraftKings,632,0.167,0.071,0.0304,47,C,0.0,NO,,
2026-05-29,Josh Naylor,Seattle Mariners,Zac Gallen,DraftKings,471,0.2053,0.071,0.0302,68,B,0.0,NO,,
2026-05-29,Jo Adell,Los Angeles Angels,Nick Martinez,FanDuel,+442,0.2145,0.0718,0.03,88,B,0.0,NO,,
2026-05-29,Tim Tawa,Arizona Diamondbacks,George Kirby,BetMGM,630,0.167,0.071,0.03,47,C,0.0,NO,,
2026-05-29,Yandy Díaz,Tampa Bay Rays,Walbert Ureña,DraftKings,+532,0.1879,0.071,0.0297,59,B,0.0,NO,,
2026-05-29,Josh Jung,Texas Rangers,Stephen Kolek,BetMGM,623,0.168,0.0714,0.0296,47,C,0.0,NO,,
2026-05-29,Alex Bregman,Chicago Cubs,Andre Pallante,FanDuel,+447,0.2123,0.071,0.0294,71,B,0.0,NO,,
2026-05-29,Chase Meidroth,Chicago White Sox,Troy Melton,BetMGM,+491,0.1983,0.071,0.0291,64,B,0.0,NO,,
2026-05-29,Ildemaro Vargas,Arizona Diamondbacks,George Kirby,DraftKings,625,0.167,0.071,0.0291,47,C,0.0,NO,,
2026-05-29,Coby Mayo,Baltimore Orioles,Adam Macko,BetMGM,654,0.1614,0.0724,0.0287,43,C,0.0,NO,,
2026-05-29,Yohel Pozo,St. Louis Cardinals,Shota Imanaga,BetMGM,501,0.1949,0.071,0.0285,62,B,0.0,NO,,
2026-05-29,Ozzie Albies,Atlanta Braves,Chris Paddack,FanDuel,+442,0.2123,0.071,0.0278,71,B,0.0,NO,,
2026-05-29,Alec Bohm,Philadelphia Phillies,Justin Wrobleski,DraftKings,+440,0.213,0.0713,0.0278,71,B,0.0,NO,,
2026-05-29,Dominic Canzone,Seattle Mariners,Zac Gallen,FanDuel,+615,0.167,0.071,0.0272,47,C,0.0,NO,,
2026-05-29,Mookie Betts,Los Angeles Dodgers,Zack Wheeler,BetMGM,+424,0.218,0.0729,0.0271,92,B,0.0,NO,,
2026-05-29,Jorge Mateo,Atlanta Braves,Chris Paddack,DraftKings,+662,0.1583,0.071,0.0271,42,C,0.0,NO,,
2026-05-29,Jeff McNeil,Athletics,Carlos Rodón,BetMGM,483,0.1983,0.071,0.0268,64,B,0.0,NO,,
2026-05-29,Ronald Acuña Jr.,Atlanta Braves,Chris Paddack,DraftKings,+520,0.1879,0.071,0.0266,58,B,0.0,NO,,
2026-05-29,Starling Marte,Kansas City Royals,MacKenzie Gore,BetMGM,482,0.1983,0.071,0.0265,64,B,0.0,NO,,
2026-05-29,Willy Adames,San Francisco Giants,Michael Lorenzen,FanDuel,519,0.1879,0.071,0.0264,58,B,0.0,NO,,
2026-05-29,Ceddanne Rafaela,Boston Red Sox,Slade Cecconi,DraftKings,+491,0.1955,0.0713,0.0263,62,B,0.0,NO,,
2026-05-29,Blake Dunn,Cincinnati Reds,Grant Holmes,BetMGM,+521,0.1872,0.0708,0.0262,58,B,0.0,NO,,
2026-05-29,Bryce Eldridge,San Francisco Giants,Michael Lorenzen,DraftKings,656,0.1583,0.071,0.0261,42,C,0.0,NO,,
2026-05-29,Owen Caissie,Miami Marlins,Freddy Peralta,BetMGM,+609,0.167,0.071,0.026,47,C,0.0,NO,,
2026-05-29,Taylor Ward,Baltimore Orioles,Adam Macko,BetMGM,+517,0.188,0.071,0.0259,66,B,0.0,NO,,
2026-05-29,Michael Harris II,Atlanta Braves,Chris Paddack,FanDuel,+492,0.1949,0.071,0.0259,62,B,0.0,NO,,
2026-05-29,Oliver Dunn,Tampa Bay Rays,Walbert Ureña,BetMGM,+538,0.1827,0.071,0.0259,55,B,0.0,NO,,
2026-05-29,Weston Wilson,Baltimore Orioles,TBD,BetMGM,650,0.159,0.0713,0.0257,42,C,0.0,NO,,
2026-05-29,Angel Martínez,Cleveland Guardians,Tyler Samaniego,DraftKings,654,0.1583,0.071,0.0257,42,C,0.0,NO,,
2026-05-29,Jorbit Vivas,Washington Nationals,Lucas Giolito,BetMGM,607,0.167,0.071,0.0256,47,C,0.0,NO,,
2026-05-29,Blaze Alexander,Baltimore Orioles,TBD,DraftKings,533,0.1835,0.0713,0.0255,55,B,0.0,NO,,
2026-05-29,Jhostynxon Garcia,Pittsburgh Pirates,Taj Bradley,BetMGM,+652,0.1583,0.071,0.0253,42,C,0.0,NO,,
2026-05-29,Isaac Paredes,Houston Astros,Coleman Crow,DraftKings,489,0.1949,0.071,0.0251,62,B,0.0,NO,,
2026-05-29,Jackson Merrill,San Diego Padres,Paxton Schultz,DraftKings,476,0.1983,0.071,0.0247,63,B,0.0,NO,,
2026-05-29,Oliver Dunn,Tampa Bay Rays,Walbert Ureña,DraftKings,533,0.1827,0.071,0.0247,55,B,0.0,NO,,
2026-05-29,Sal Stewart,Cincinnati Reds,Grant Holmes,FanDuel,434,0.2115,0.0708,0.0242,71,B,0.0,NO,,
2026-05-29,Mike Yastrzemski,Atlanta Braves,Chris Paddack,BetMGM,600,0.167,0.071,0.0242,47,C,0.0,NO,,
2026-05-29,Victor Caratini,Minnesota Twins,Jared Jones,BetMGM,600,0.167,0.071,0.0242,47,C,0.0,NO,,
2026-05-29,Colton Cowser,Baltimore Orioles,Adam Macko,BetMGM,584,0.1702,0.0724,0.024,47,C,0.0,NO,,
2026-05-29,Michael Conforto,Chicago Cubs,Andre Pallante,FanDuel,+599,0.167,0.071,0.024,47,C,0.0,NO,,
2026-05-29,Zack Gelof,Athletics,Carlos Rodón,DraftKings,+598,0.167,0.071,0.0238,47,C,0.0,NO,,
2026-05-29,Munetaka Murakami,Chicago White Sox,Troy Melton,BetMGM,483,0.1949,0.071,0.0233,61,B,0.0,NO,,
2026-05-29,Ildemaro Vargas,Arizona Diamondbacks,George Kirby,BetMGM,+596,0.167,0.071,0.0233,47,C,0.0,NO,,
2026-05-29,James Wood,Washington Nationals,Lucas Giolito,BetMGM,507,0.1879,0.071,0.0232,58,B,0.0,NO,,
2026-05-29,Dalton Rushing,Los Angeles Dodgers,Zack Wheeler,DraftKings,508,0.1872,0.0708,0.0228,58,B,0.0,NO,,
2026-05-29,Josh Naylor,Seattle Mariners,Zac Gallen,BetMGM,+447,0.2053,0.071,0.0225,67,B,0.0,NO,,
2026-05-29,Edgar Quero,Chicago White Sox,Troy Melton,BetMGM,+478,0.1949,0.071,0.0219,61,B,0.0,NO,,
2026-05-29,Miguel Rojas,Los Angeles Dodgers,Zack Wheeler,BetMGM,592,0.1664,0.0708,0.0219,46,C,0.0,NO,,
2026-05-29,Anthony Volpe,New York Yankees,Luis Severino,DraftKings,629,0.159,0.0713,0.0219,42,C,0.0,NO,,
2026-05-29,Matt McLain,Cincinnati Reds,Grant Holmes,DraftKings,427,0.2115,0.0708,0.0217,71,B,0.0,NO,,
2026-05-29,Konnor Griffin,Pittsburgh Pirates,Taj Bradley,DraftKings,+521,0.1827,0.071,0.0217,55,B,0.0,NO,,
2026-05-29,Freddy Fermin,San Diego Padres,Paxton Schultz,DraftKings,660,0.1531,0.071,0.0215,39,D,0.0,NO,,
2026-05-29,Samuel Basallo,Baltimore Orioles,Adam Macko,BetMGM,453,0.2021,0.0724,0.0213,63,B,0.0,NO,,
2026-05-29,Geraldo Perdomo,Arizona Diamondbacks,George Kirby,BetMGM,+443,0.2053,0.071,0.0211,67,B,0.0,NO,,
2026-05-29,Christopher Morel,Miami Marlins,Freddy Peralta,FanDuel,442,0.2053,0.071,0.0208,67,B,0.0,NO,,
2026-05-29,Miguel Vargas,Chicago White Sox,Troy Melton,BetMGM,+442,0.2053,0.071,0.0208,67,B,0.0,NO,,
2026-05-29,Gavin Sheets,San Diego Padres,Paxton Schultz,BetMGM,+474,0.1949,0.071,0.0206,61,B,0.0,NO,,
2026-05-29,Tristan Peters,Chicago White Sox,Troy Melton,DraftKings,583,0.167,0.071,0.0206,46,C,0.0,NO,,
2026-05-29,Riley Greene,Detroit Tigers,Erick Fedde,BetMGM,+417,0.2136,0.0715,0.0202,70,B,0.0,NO,,
2026-05-29,Brandon Marsh,Philadelphia Phillies,Justin Wrobleski,BetMGM,576,0.1681,0.0715,0.0202,46,C,0.0,NO,,
2026-05-29,Pete Crow-Armstrong,Chicago Cubs,Andre Pallante,FanDuel,496,0.1879,0.071,0.0201,57,B,0.0,NO,,
2026-05-29,Carson Benge,New York Mets,Max Meyer,BetMGM,495,0.1879,0.071,0.0198,57,B,0.0,NO,,
2026-05-29,Luke Keaschall,Minnesota Twins,Jared Jones,DraftKings,419,0.2123,0.071,0.0196,70,B,0.0,NO,,
2026-05-29,Luis Torrens,New York Mets,Max Meyer,BetMGM,648,0.1531,0.071,0.0194,39,D,0.0,NO,,
2026-05-29,Elly De La Cruz,Cincinnati Reds,Grant Holmes,FanDuel,+472,0.1942,0.0708,0.0193,61,B,0.0,NO,,
2026-05-29,Paul Goldschmidt,New York Yankees,Luis Severino,BetMGM,506,0.1841,0.0716,0.0191,55,B,0.0,NO,,
2026-05-29,Spencer Steer,Cincinnati Reds,Grant Holmes,DraftKings,579,0.1664,0.0708,0.0191,46,C,0.0,NO,,
2026-05-29,Mike Yastrzemski,Atlanta Braves,Chris Paddack,DraftKings,+574,0.167,0.071,0.0187,46,C,0.0,NO,,
2026-05-29,Jorge Barrosa,Arizona Diamondbacks,George Kirby,BetMGM,616,0.1583,0.071,0.0187,41,C,0.0,NO,,
2026-05-29,Miguel Andujar,San Diego Padres,Paxton Schultz,DraftKings,+509,0.1827,0.071,0.0185,54,C,0.0,NO,,
2026-05-29,Will Smith,Los Angeles Dodgers,Zack Wheeler,DraftKings,+570,0.1676,0.0712,0.0183,46,C,0.0,NO,,
2026-05-29,Ha-Seong Kim,Atlanta Braves,Chris Paddack,BetMGM,508,0.1827,0.071,0.0182,54,C,0.0,NO,,
2026-05-29,Jahmai Jones,Detroit Tigers,Erick Fedde,BetMGM,+430,0.2066,0.0715,0.018,67,B,0.0,NO,,
2026-05-29,Jesus Rodriguez,San Francisco Giants,Michael Lorenzen,BetMGM,434,0.2053,0.071,0.018,66,B,0.0,NO,,
2026-05-29,Liam Hicks,Miami Marlins,Freddy Peralta,FanDuel,465,0.1949,0.071,0.0179,61,B,0.0,NO,,
2026-05-29,Jhonny Pereda,Seattle Mariners,Zac Gallen,DraftKings,+611,0.1583,0.071,0.0177,41,C,0.0,NO,,
2026-05-29,Evan Carter,Texas Rangers,Stephen Kolek,FanDuel,+506,0.1823,0.0709,0.0173,54,C,0.0,NO,,
2026-05-29,Steward Berroa,Philadelphia Phillies,Justin Wrobleski,BetMGM,+624,0.1553,0.0721,0.0172,58,B,0.0,NO,,
2026-05-29,Jackson Holliday,Baltimore Orioles,TBD,FanDuel,410,0.2132,0.0713,0.0171,70,B,0.0,NO,,
2026-05-29,Geraldo Perdomo,Arizona Diamondbacks,George Kirby,DraftKings,504,0.1827,0.071,0.0171,54,C,0.0,NO,,
2026-05-29,Drew Millas,Washington Nationals,Lucas Giolito,BetMGM,485,0.1879,0.071,0.017,57,B,0.0,NO,,
2026-05-29,Zack Short,Detroit Tigers,Erick Fedde,BetMGM,617,0.1564,0.0726,0.017,39,D,0.0,NO,,
2026-05-29,Ramón Laureano,San Diego Padres,Paxton Schultz,FanDuel,606,0.1583,0.071,0.0167,41,C,0.0,NO,,
2026-05-29,Jose Siri,Los Angeles Angels,Nick Martinez,BetMGM,619,0.1555,0.0721,0.0165,38,D,0.0,NO,,
2026-05-29,Trea Turner,Philadelphia Phillies,Justin Wrobleski,BetMGM,+458,0.1955,0.0713,0.0163,61,B,0.0,NO,,
2026-05-29,Will Smith,Los Angeles Dodgers,Zack Wheeler,FanDuel,462,0.1942,0.0708,0.0162,61,B,0.0,NO,,
2026-05-29,George Springer,Toronto Blue Jays,Trevor Rogers,BetMGM,+477,0.1895,0.0716,0.0162,57,B,0.0,NO,,
2026-05-29,Sam Antonacci,Chicago White Sox,Troy Melton,FanDuel,562,0.167,0.071,0.016,46,C,0.0,NO,,
2026-05-29,Keibert Ruiz,Washington Nationals,Lucas Giolito,DraftKings,+602,0.1583,0.071,0.0159,41,C,0.0,NO,,
2026-05-29,Marcelo Mayer,Boston Red Sox,Slade Cecconi,BetMGM,+599,0.1589,0.0713,0.0158,41,C,0.0,NO,,
2026-05-29,Kazuma Okamoto,Toronto Blue Jays,Trevor Rogers,FanDuel,+404,0.2141,0.0716,0.0157,70,B,0.0,NO,,
2026-05-29,Connor Norby,Miami Marlins,Freddy Peralta,DraftKings,+499,0.1827,0.071,0.0157,54,C,0.0,NO,,
2026-05-29,José Tena,Washington Nationals,Lucas Giolito,DraftKings,+559,0.167,0.071,0.0153,46,C,0.0,NO,,
2026-05-29,Austin Hedges,Cleveland Guardians,Tyler Samaniego,BetMGM,479,0.1879,0.071,0.0152,57,B,0.0,NO,,
2026-05-29,David Hamilton,Milwaukee Brewers,Kai-Wei Teng,DraftKings,+621,0.1538,0.0714,0.0151,38,D,0.0,NO,,
2026-05-29,William Contreras,Milwaukee Brewers,Kai-Wei Teng,FanDuel,404,0.2133,0.0714,0.0149,70,B,0.0,NO,,
2026-05-29,James Wood,Washington Nationals,Lucas Giolito,FanDuel,+478,0.1879,0.071,0.0149,57,B,0.0,NO,,
2026-05-29,José Ramírez,Cleveland Guardians,Tyler Samaniego,BetMGM,+455,0.1949,0.071,0.0147,60,B,0.0,NO,,
2026-05-29,Dane Myers,Cincinnati Reds,Grant Holmes,BetMGM,599,0.1578,0.0708,0.0147,41,C,0.0,NO,,
2026-05-29,Victor Scott II,St. Louis Cardinals,Shota Imanaga,BetMGM,622,0.1531,0.071,0.0146,38,D,0.0,NO,,
2026-05-29,Colt Emerson,Seattle Mariners,Zac Gallen,DraftKings,+622,0.1531,0.071,0.0146,38,D,0.0,NO,,
2026-05-29,Gavin Sheets,San Diego Padres,Paxton Schultz,DraftKings,424,0.2053,0.071,0.0145,66,B,0.0,NO,,
2026-05-29,Vinnie Pasquantino,Kansas City Royals,MacKenzie Gore,BetMGM,424,0.2053,0.071,0.0145,66,B,0.0,NO,,
2026-05-29,Adrian Del Castillo,Arizona Diamondbacks,George Kirby,DraftKings,444,0.1983,0.071,0.0145,62,B,0.0,NO,,
2026-05-29,Ty France,San Diego Padres,Paxton Schultz,DraftKings,+595,0.1583,0.071,0.0144,41,C,0.0,NO,,
2026-05-29,Colby Thomas,Athletics,Carlos Rodón,BetMGM,476,0.1879,0.071,0.0143,57,B,0.0,NO,,
2026-05-29,Kyle Stowers,Miami Marlins,Freddy Peralta,BetMGM,+405,0.2123,0.071,0.0142,70,B,0.0,NO,,
2026-05-29,Cody Bellinger,New York Yankees,Luis Severino,BetMGM,400,0.2139,0.0716,0.0139,70,B,0.0,NO,,
2026-05-29,Richie Palacios,Tampa Bay Rays,Walbert Ureña,BetMGM,553,0.167,0.071,0.0139,45,C,0.0,NO,,
2026-05-29,Daniel Susac,San Francisco Giants,Michael Lorenzen,BetMGM,+553,0.167,0.071,0.0139,45,C,0.0,NO,,
2026-05-29,Vidal Bruján,New York Mets,Max Meyer,FanDuel,617,0.1531,0.071,0.0136,38,D,0.0,NO,,
2026-05-29,Jakob Marsee,Miami Marlins,Freddy Peralta,BetMGM,+441,0.1983,0.071,0.0135,62,B,0.0,NO,,
2026-05-29,Alex Call,Los Angeles Dodgers,Zack Wheeler,DraftKings,+588,0.1588,0.0712,0.0135,41,C,0.0,NO,,
2026-05-29,Nick Kurtz,Athletics,Carlos Rodón,BetMGM,421,0.2053,0.071,0.0134,66,B,0.0,NO,,
2026-05-29,Masyn Winn,St. Louis Cardinals,Shota Imanaga,DraftKings,551,0.167,0.071,0.0134,45,C,0.0,NO,,
2026-05-29,Brice Turang,Milwaukee Brewers,Kai-Wei Teng,BetMGM,418,0.2063,0.0714,0.0132,66,B,0.0,NO,,
2026-05-29,Manny Machado,San Diego Padres,Paxton Schultz,BetMGM,490,0.1827,0.071,0.0132,54,C,0.0,NO,,
2026-05-29,Isiah Kiner-Falefa,Boston Red Sox,Slade Cecconi,DraftKings,553,0.1663,0.0707,0.0132,45,C,0.0,NO,,
2026-05-29,Brice Matthews,Houston Astros,Coleman Crow,FanDuel,+472,0.1879,0.071,0.0131,57,B,0.0,NO,,
2026-05-29,Gage Workman,Detroit Tigers,Erick Fedde,BetMGM,545,0.1681,0.0715,0.0131,45,C,0.0,NO,,
2026-05-29,Dillon Dingler,Detroit Tigers,Erick Fedde,DraftKings,+445,0.1961,0.0715,0.0126,60,B,0.0,NO,,
2026-05-29,Daylen Lile,Washington Nationals,Lucas Giolito,DraftKings,+488,0.1827,0.071,0.0126,54,C,0.0,NO,,
2026-05-29,Carlos Narváez,Boston Red Sox,Slade Cecconi,DraftKings,466,0.1891,0.0715,0.0124,57,B,0.0,NO,,
2026-05-29,Edmundo Sosa,Philadelphia Phillies,Justin Wrobleski,FanDuel,485,0.1833,0.0713,0.0124,54,C,0.0,NO,,
2026-05-29,Zach McKinstry,Detroit Tigers,Erick Fedde,FanDuel,569,0.1618,0.0726,0.0123,41,C,0.0,NO,,
2026-05-29,Tommy Troy,Arizona Diamondbacks,George Kirby,DraftKings,610,0.1531,0.071,0.0123,38,D,0.0,NO,,
2026-05-29,Dansby Swanson,Chicago Cubs,Andre Pallante,BetMGM,+610,0.1531,0.071,0.0123,38,D,0.0,NO,,
2026-05-29,Nick Madrigal,Los Angeles Angels,Nick Martinez,BetMGM,+536,0.1694,0.072,0.0122,45,C,0.0,NO,,
2026-05-29,Trevor Larnach,Minnesota Twins,Jared Jones,DraftKings,+437,0.1983,0.071,0.0121,62,B,0.0,NO,,
2026-05-29,P.J. Higgins,Cincinnati Reds,Grant Holmes,BetMGM,471,0.1872,0.0708,0.0121,56,B,0.0,NO,,
2026-05-29,Darell Hernaiz,Athletics,Carlos Rodón,BetMGM,+608,0.1531,0.071,0.0119,38,D,0.0,NO,,
2026-05-29,Drew Gilbert,San Francisco Giants,Michael Lorenzen,FanDuel,582,0.1583,0.071,0.0117,41,C,0.0,NO,,
2026-05-29,Cole Young,Seattle Mariners,Zac Gallen,BetMGM,+484,0.1827,0.071,0.0115,54,C,0.0,NO,,
2026-05-29,J.T. Realmuto,Philadelphia Phillies,Justin Wrobleski,BetMGM,+482,0.1833,0.0713,0.0115,54,C,0.0,NO,,
2026-05-29,Nolan Gorman,St. Louis Cardinals,Shota Imanaga,BetMGM,+581,0.1583,0.071,0.0115,41,C,0.0,NO,,
2026-05-29,Graham Pauley,Miami Marlins,Freddy Peralta,FanDuel,483,0.1827,0.071,0.0112,53,C,0.0,NO,,
2026-05-29,Chandler Simpson,Tampa Bay Rays,Walbert Ureña,FanDuel,+434,0.1983,0.071,0.0111,62,B,0.0,NO,,
2026-05-29,Wade Meckler,Los Angeles Angels,Nick Martinez,DraftKings,425,0.2015,0.0721,0.011,62,B,0.0,NO,,
2026-05-29,Bryan Reynolds,Pittsburgh Pirates,Taj Bradley,BetMGM,+414,0.2053,0.071,0.0108,66,B,0.0,NO,,
2026-05-29,Nelson Velázquez,St. Louis Cardinals,Shota Imanaga,DraftKings,+396,0.2123,0.071,0.0107,69,B,0.0,NO,,
2026-05-29,Cam Smith,Houston Astros,Coleman Crow,FanDuel,+433,0.1983,0.071,0.0107,62,B,0.0,NO,,
2026-05-29,Kevin McGonigle,Detroit Tigers,Erick Fedde,FanDuel,451,0.192,0.0726,0.0105,57,B,0.0,NO,,
2026-05-29,Isaac Paredes,Houston Astros,Coleman Crow,BetMGM,+442,0.1949,0.071,0.0104,60,B,0.0,NO,,
2026-05-29,Kyle Tucker,Los Angeles Dodgers,Zack Wheeler,BetMGM,+430,0.199,0.0712,0.0103,62,B,0.0,NO,,
2026-05-29,Ramón Laureano,San Diego Padres,Paxton Schultz,DraftKings,538,0.167,0.071,0.0103,45,C,0.0,NO,,
2026-05-29,Sal Frelick,Milwaukee Brewers,Kai-Wei Teng,BetMGM,+572,0.1591,0.0714,0.0103,40,C,0.0,NO,,
2026-05-29,Ben Rice,New York Yankees,Luis Severino,BetMGM,+437,0.1964,0.0716,0.0102,60,B,0.0,NO,,
2026-05-29,J.P. Crawford,Seattle Mariners,Zac Gallen,DraftKings,462,0.1879,0.071,0.01,56,B,0.0,NO,,
2026-05-29,JJ Wetherholt,St. Louis Cardinals,Shota Imanaga,DraftKings,+462,0.1879,0.071,0.01,56,B,0.0,NO,,
2026-05-29,Salvador Perez,Kansas City Royals,MacKenzie Gore,BetMGM,+394,0.2123,0.071,0.0098,69,B,0.0,NO,,
2026-05-29,Cody Bellinger,New York Yankees,Luis Severino,FanDuel,+390,0.2139,0.0716,0.0098,69,B,0.0,NO,,
2026-05-29,Nick Madrigal,Los Angeles Angels,Nick Martinez,FanDuel,525,0.1697,0.0721,0.0097,45,C,0.0,NO,,
2026-05-29,Matt Vierling,Detroit Tigers,Erick Fedde,FanDuel,520,0.1707,0.0726,0.0094,45,C,0.0,NO,,
2026-05-29,Thomas Saggese,St. Louis Cardinals,Shota Imanaga,DraftKings,571,0.1583,0.071,0.0093,40,C,0.0,NO,,
2026-05-29,J.C. Escarra,New York Yankees,Luis Severino,FanDuel,+565,0.1596,0.0716,0.0092,40,C,0.0,NO,,
2026-05-29,Orlando Arcia,Minnesota Twins,Jared Jones,FanDuel,533,0.167,0.071,0.0091,45,C,0.0,NO,,
2026-05-29,Hyeseong Kim,Los Angeles Dodgers,Zack Wheeler,FanDuel,478,0.182,0.0708,0.009,53,C,0.0,NO,,
2026-05-29,Jake Mangum,Pittsburgh Pirates,Taj Bradley,BetMGM,594,0.1531,0.071,0.009,37,D,0.0,NO,,
2026-05-29,William Contreras,Milwaukee Brewers,Kai-Wei Teng,DraftKings,+389,0.2133,0.0714,0.0088,69,B,0.0,NO,,
2026-05-29,Pete Crow-Armstrong,Chicago Cubs,Andre Pallante,DraftKings,593,0.1531,0.071,0.0088,37,D,0.0,NO,,
2026-05-29,Xavier Edwards,Miami Marlins,Freddy Peralta,BetMGM,+452,0.1899,0.0718,0.0087,76,B,0.0,NO,,
2026-05-29,Josh Bell,Minnesota Twins,Jared Jones,FanDuel,+391,0.2123,0.071,0.0086,69,B,0.0,NO,,
2026-05-29,Jeremiah Jackson,Baltimore Orioles,TBD,DraftKings,424,0.1992,0.0713,0.0084,62,B,0.0,NO,,
2026-05-29,Starling Marte,Kansas City Royals,MacKenzie Gore,FanDuel,+426,0.1983,0.071,0.0082,62,B,0.0,NO,,
2026-05-29,Vinnie Pasquantino,Kansas City Royals,MacKenzie Gore,DraftKings,+472,0.1827,0.071,0.0079,53,C,0.0,NO,,
2026-05-29,Mickey Gasper,Boston Red Sox,Slade Cecconi,FanDuel,403,0.2066,0.0715,0.0078,65,B,0.0,NO,,
2026-05-29,J.C. Escarra,New York Yankees,Luis Severino,BetMGM,431,0.1957,0.0713,0.0074,60,B,0.0,NO,,
2026-05-29,Dansby Swanson,Chicago Cubs,Andre Pallante,FanDuel,525,0.167,0.071,0.007,45,C,0.0,NO,,
2026-05-29,Nick Fortes,Tampa Bay Rays,Walbert Ureña,BetMGM,561,0.1583,0.071,0.007,40,C,0.0,NO,,
2026-05-29,Drew Romo,Chicago White Sox,Troy Melton,BetMGM,584,0.1531,0.071,0.0069,37,D,0.0,NO,,
2026-05-29,Daniel Schneemann,Cleveland Guardians,Tyler Samaniego,DraftKings,524,0.167,0.071,0.0068,45,C,0.0,NO,,
2026-05-29,Brett Baty,New York Mets,Max Meyer,BetMGM,+522,0.167,0.071,0.0063,45,C,0.0,NO,,
2026-05-29,Adolis García,Philadelphia Phillies,Justin Wrobleski,FanDuel,+555,0.1589,0.0713,0.0062,40,C,0.0,NO,,
2026-05-29,Jose Fernandez,Arizona Diamondbacks,George Kirby,DraftKings,+557,0.1583,0.071,0.0061,40,C,0.0,NO,,
2026-05-29,Austin Martin,Minnesota Twins,Jared Jones,DraftKings,+466,0.1827,0.071,0.006,53,C,0.0,NO,,
2026-05-29,Nick Kurtz,Athletics,Carlos Rodón,FanDuel,+428,0.1949,0.071,0.0055,59,B,0.0,NO,,
2026-05-29,Michael Conforto,Chicago Cubs,Andre Pallante,DraftKings,519,0.167,0.071,0.0055,44,C,0.0,NO,,
2026-05-29,Jhostynxon Garcia,Pittsburgh Pirates,Taj Bradley,DraftKings,551,0.1583,0.071,0.0047,40,C,0.0,NO,,
2026-05-29,Luke Keaschall,Minnesota Twins,Jared Jones,BetMGM,550,0.1583,0.071,0.0045,40,C,0.0,NO,,
2026-05-29,Alex Bregman,Chicago Cubs,Andre Pallante,DraftKings,381,0.2123,0.071,0.0044,68,B,0.0,NO,,
2026-05-29,Nick Gonzales,Pittsburgh Pirates,Taj Bradley,DraftKings,380,0.2123,0.071,0.0039,68,B,0.0,NO,,
2026-05-29,Vladimir Guerrero Jr.,Toronto Blue Jays,Trevor Rogers,DraftKings,391,0.2071,0.0716,0.0034,65,B,0.0,NO,,
2026-05-29,César Salazar,Houston Astros,Coleman Crow,DraftKings,568,0.1531,0.071,0.0034,37,D,0.0,NO,,
2026-05-29,Adolis García,Philadelphia Phillies,Justin Wrobleski,BetMGM,541,0.1593,0.0715,0.0033,40,C,0.0,NO,,
2026-05-29,Tyler Heineman,Toronto Blue Jays,Trevor Rogers,FanDuel,417,0.1965,0.0716,0.0031,59,B,0.0,NO,,
2026-05-29,Daniel Schneemann,Cleveland Guardians,Tyler Samaniego,BetMGM,+510,0.167,0.071,0.0031,44,C,0.0,NO,,
2026-05-29,Amed Rosario,New York Yankees,Luis Severino,BetMGM,454,0.1835,0.0713,0.003,53,C,0.0,NO,,
2026-05-29,Seiya Suzuki,Chicago Cubs,Andre Pallante,BetMGM,+456,0.1827,0.071,0.0028,52,C,0.0,NO,,
2026-05-29,Rhys Hoskins,Cleveland Guardians,Tyler Samaniego,FanDuel,377,0.2123,0.071,0.0026,68,B,0.0,NO,,
2026-05-29,Blake Dunn,Cincinnati Reds,Grant Holmes,FanDuel,441,0.1872,0.0708,0.0024,55,B,0.0,NO,,
2026-05-29,Daulton Varsho,Toronto Blue Jays,Trevor Rogers,BetMGM,405,0.2001,0.0716,0.002,61,B,0.0,NO,,
2026-05-29,Yandy Díaz,Tampa Bay Rays,Walbert Ureña,FanDuel,438,0.1879,0.071,0.002,55,B,0.0,NO,,
2026-05-29,Edouard Julien,Colorado Rockies,Logan Webb,DraftKings,+541,0.1579,0.0708,0.0019,39,D,0.0,NO,,
2026-05-29,Will Smith,Los Angeles Dodgers,Zack Wheeler,BetMGM,501,0.168,0.0714,0.0016,44,C,0.0,NO,,
2026-05-29,Kyle Higashioka,Texas Rangers,Stephen Kolek,DraftKings,414,0.196,0.0714,0.0014,59,B,0.0,NO,,
2026-05-29,Ryan McMahon,New York Yankees,Luis Severino,DraftKings,501,0.1678,0.0713,0.0014,44,C,0.0,NO,,
2026-05-29,Christian Walker,Houston Astros,Coleman Crow,DraftKings,390,0.2053,0.071,0.0012,64,B,0.0,NO,,
2026-05-29,Garrett Mitchell,Milwaukee Brewers,Kai-Wei Teng,FanDuel,+448,0.1836,0.0714,0.0011,52,C,0.0,NO,,
2026-05-29,Ezequiel Tovar,Colorado Rockies,Logan Webb,BetMGM,558,0.1527,0.0708,0.0007,36,D,0.0,NO,,
2026-05-29,Riley Greene,Detroit Tigers,Erick Fedde,FanDuel,362,0.2169,0.0726,0.0004,68,B,0.0,NO,,
2026-05-29,Sebastián Rivero,Los Angeles Angels,Nick Martinez,BetMGM,414,0.1949,0.071,0.0003,59,B,0.0,NO,,
2026-05-29,Jared Young,New York Mets,Max Meyer,BetMGM,+371,0.2123,0.071,-0.0,68,B,0.0,NO,,
2026-05-29,Josh Jung,Texas Rangers,Stephen Kolek,DraftKings,410,0.196,0.0714,-0.0001,59,C,0.0,NO,,
2026-05-29,Nathan Lukes,Toronto Blue Jays,Trevor Rogers,FanDuel,+493,0.1685,0.0716,-0.0002,44,C,0.0,NO,,
2026-05-29,Daniel Susac,San Francisco Giants,Michael Lorenzen,FanDuel,431,0.1879,0.071,-0.0004,55,C,0.0,NO,,
2026-05-29,Myles Straw,Toronto Blue Jays,Trevor Rogers,DraftKings,+492,0.1685,0.0716,-0.0005,44,C,0.0,NO,,
2026-05-29,Taylor Ward,Baltimore Orioles,Adam Macko,FanDuel,421,0.1909,0.0722,-0.001,63,C,0.0,NO,,
2026-05-29,Pedro Ramírez,Chicago Cubs,Andre Pallante,BetMGM,401,0.1983,0.071,-0.0013,60,C,0.0,NO,,
2026-05-29,Colt Keith,Detroit Tigers,Erick Fedde,BetMGM,440,0.1839,0.0715,-0.0013,52,C,0.0,NO,,
2026-05-29,Jonathan Aranda,Tampa Bay Rays,Walbert Ureña,BetMGM,+409,0.1949,0.071,-0.0016,58,C,0.0,NO,,
2026-05-29,Tommy Troy,Arizona Diamondbacks,George Kirby,FanDuel,+546,0.1531,0.071,-0.0017,36,D,0.0,NO,,
2026-05-29,Donovan Walton,Los Angeles Angels,Nick Martinez,BetMGM,367,0.2123,0.071,-0.0019,68,C,0.0,NO,,
2026-05-29,Jake McCarthy,Colorado Rockies,Logan Webb,FanDuel,+428,0.1874,0.0708,-0.002,55,C,0.0,NO,,
2026-05-29,Kyle Manzardo,Cleveland Guardians,Tyler Samaniego,FanDuel,382,0.2053,0.071,-0.0022,64,C,0.0,NO,,
2026-05-29,Justin Foscue,Texas Rangers,Stephen Kolek,BetMGM,396,0.1995,0.0714,-0.0022,60,C,0.0,NO,,
2026-05-29,Henry Bolte,Athletics,Carlos Rodón,BetMGM,+440,0.1827,0.071,-0.0025,52,C,0.0,NO,,
2026-05-29,Jake Meyers,Houston Astros,Coleman Crow,DraftKings,+490,0.167,0.071,-0.0025,43,C,0.0,NO,,
2026-05-29,Ketel Marte,Arizona Diamondbacks,George Kirby,BetMGM,425,0.1879,0.071,-0.0026,55,C,0.0,NO,,
2026-05-29,Myles Straw,Toronto Blue Jays,Trevor Rogers,BetMGM,484,0.1685,0.0716,-0.0028,44,C,0.0,NO,,
2026-05-29,Thomas Saggese,St. Louis Cardinals,Shota Imanaga,FanDuel,541,0.1531,0.071,-0.0029,36,D,0.0,NO,,
2026-05-29,Jhonny Pereda,Seattle Mariners,Zac Gallen,BetMGM,519,0.1583,0.071,-0.0032,39,D,0.0,NO,,
2026-05-29,Ian Happ,Chicago Cubs,Andre Pallante,BetMGM,396,0.1983,0.071,-0.0033,60,C,0.0,NO,,
2026-05-29,Braden Shewmake,Houston Astros,Coleman Crow,DraftKings,+437,0.1827,0.071,-0.0035,52,C,0.0,NO,,
2026-05-29,Harrison Bader,San Francisco Giants,Michael Lorenzen,FanDuel,538,0.1531,0.071,-0.0036,36,D,0.0,NO,,
2026-05-29,Edouard Julien,Colorado Rockies,Logan Webb,FanDuel,517,0.1583,0.071,-0.0038,39,D,0.0,NO,,
2026-05-29,Isiah Kiner-Falefa,Boston Red Sox,Slade Cecconi,FanDuel,+483,0.1676,0.0713,-0.0039,43,C,0.0,NO,,
2026-05-29,Hayden Senger,New York Mets,Max Meyer,BetMGM,421,0.1879,0.071,-0.004,54,C,0.0,NO,,
2026-05-29,Spencer Horwitz,Pittsburgh Pirates,Taj Bradley,BetMGM,421,0.1879,0.071,-0.004,54,C,0.0,NO,,
2026-05-29,JJ Wetherholt,St. Louis Cardinals,Shota Imanaga,BetMGM,420,0.1879,0.071,-0.0044,54,C,0.0,NO,,
2026-05-29,Taylor Walls,Tampa Bay Rays,Walbert Ureña,DraftKings,514,0.1583,0.071,-0.0045,39,D,0.0,NO,,
2026-05-29,Daulton Varsho,Toronto Blue Jays,Trevor Rogers,FanDuel,+388,0.2001,0.0716,-0.0049,60,C,0.0,NO,,
2026-05-29,Angel Martínez,Cleveland Guardians,Tyler Samaniego,BetMGM,433,0.1827,0.071,-0.0049,52,C,0.0,NO,,
2026-05-29,Matt Vierling,Detroit Tigers,Erick Fedde,BetMGM,+478,0.1681,0.0715,-0.0049,43,C,0.0,NO,,
2026-05-29,Daniel Susac,San Francisco Giants,Michael Lorenzen,DraftKings,481,0.167,0.071,-0.0051,43,C,0.0,NO,,
2026-05-29,Matt Chapman,San Francisco Giants,Michael Lorenzen,FanDuel,+391,0.1983,0.071,-0.0053,60,C,0.0,NO,,
2026-05-29,Austin Riley,Atlanta Braves,Chris Paddack,FanDuel,431,0.1827,0.071,-0.0056,51,C,0.0,NO,,
2026-05-29,Javier Sanoja,Miami Marlins,Freddy Peralta,FanDuel,510,0.1583,0.071,-0.0056,38,D,0.0,NO,,
2026-05-29,Luis García Jr.,Washington Nationals,Lucas Giolito,BetMGM,398,0.1949,0.071,-0.0059,58,C,0.0,NO,,
2026-05-29,Travis Bazzana,Cleveland Guardians,Tyler Samaniego,DraftKings,416,0.1879,0.071,-0.0059,54,C,0.0,NO,,
2026-05-29,Nasim Nuñez,Washington Nationals,Lucas Giolito,FanDuel,528,0.1531,0.071,-0.0061,36,D,0.0,NO,,
2026-05-29,Seiya Suzuki,Chicago Cubs,Andre Pallante,FanDuel,429,0.1827,0.071,-0.0063,51,C,0.0,NO,,
2026-05-29,Endy Rodríguez,Pittsburgh Pirates,Taj Bradley,BetMGM,+477,0.167,0.071,-0.0063,43,C,0.0,NO,,
2026-05-29,Andy Pages,Los Angeles Dodgers,Zack Wheeler,DraftKings,394,0.196,0.0714,-0.0064,58,C,0.0,NO,,
2026-05-29,David Hamilton,Milwaukee Brewers,Kai-Wei Teng,FanDuel,524,0.1538,0.0714,-0.0064,36,D,0.0,NO,,
2026-05-29,Bryan Reynolds,Pittsburgh Pirates,Taj Bradley,DraftKings,372,0.2053,0.071,-0.0066,63,C,0.0,NO,,
2026-05-29,Tyler Stephenson,Cincinnati Reds,Grant Holmes,BetMGM,398,0.1942,0.0708,-0.0066,58,C,0.0,NO,,
2026-05-29,Spencer Horwitz,Pittsburgh Pirates,Taj Bradley,FanDuel,+414,0.1879,0.071,-0.0066,54,C,0.0,NO,,
2026-05-29,Nick Loftin,Kansas City Royals,MacKenzie Gore,BetMGM,+475,0.167,0.071,-0.0069,43,C,0.0,NO,,
2026-05-29,Dylan Crews,Washington Nationals,Lucas Giolito,BetMGM,+387,0.1983,0.071,-0.007,60,C,0.0,NO,,
2026-05-29,Jac Caglianone,Kansas City Royals,MacKenzie Gore,BetMGM,+503,0.1583,0.071,-0.0075,38,D,0.0,NO,,
2026-05-29,Jeff McNeil,Athletics,Carlos Rodón,DraftKings,+503,0.1583,0.071,-0.0075,38,D,0.0,NO,,
2026-05-29,Brett Sullivan,Colorado Rockies,Logan Webb,DraftKings,395,0.1943,0.0708,-0.0077,58,C,0.0,NO,,
2026-05-29,Brandon Nimmo,Texas Rangers,Stephen Kolek,FanDuel,+370,0.2049,0.0709,-0.0079,63,C,0.0,NO,,
2026-05-29,Alex Call,Los Angeles Dodgers,Zack Wheeler,BetMGM,498,0.1593,0.0714,-0.0079,38,D,0.0,NO,,
2026-05-29,Munetaka Murakami,Chicago White Sox,Troy Melton,DraftKings,368,0.2053,0.071,-0.0084,63,C,0.0,NO,,
2026-05-29,Spencer Steer,Cincinnati Reds,Grant Holmes,FanDuel,+472,0.1664,0.0708,-0.0084,43,C,0.0,NO,,
2026-05-29,Miguel Andujar,San Diego Padres,Paxton Schultz,BetMGM,423,0.1827,0.071,-0.0085,51,C,0.0,NO,,
2026-05-29,Brice Turang,Milwaukee Brewers,Kai-Wei Teng,DraftKings,+365,0.2063,0.0714,-0.0088,63,C,0.0,NO,,
2026-05-29,Ezequiel Tovar,Colorado Rockies,Logan Webb,FanDuel,+469,0.1665,0.0708,-0.0092,43,C,0.0,NO,,
2026-05-29,Chadwick Tromp,Atlanta Braves,Chris Paddack,DraftKings,+516,0.1531,0.071,-0.0092,35,D,0.0,NO,,
2026-05-29,Mark Vientos,New York Mets,Max Meyer,DraftKings,+421,0.1827,0.071,-0.0093,51,C,0.0,NO,,
2026-05-29,Ryan McMahon,New York Yankees,Luis Severino,FanDuel,+463,0.1683,0.0716,-0.0093,43,C,0.0,NO,,
2026-05-29,Kyle Karros,Colorado Rockies,Logan Webb,DraftKings,+517,0.1527,0.0708,-0.0094,35,D,0.0,NO,,
2026-05-29,Trevor Larnach,Minnesota Twins,Jared Jones,FanDuel,515,0.1531,0.071,-0.0095,35,D,0.0,NO,,
2026-05-29,Rafael Marchán,Philadelphia Phillies,Justin Wrobleski,FanDuel,363,0.206,0.0713,-0.01,63,C,0.0,NO,,
2026-05-29,Salvador Perez,Kansas City Royals,MacKenzie Gore,DraftKings,388,0.1949,0.071,-0.0101,57,C,0.0,NO,,
2026-05-29,Thomas Saggese,St. Louis Cardinals,Shota Imanaga,BetMGM,+493,0.1583,0.071,-0.0103,38,D,0.0,NO,,
2026-05-29,Bryce Harper,Philadelphia Phillies,Justin Wrobleski,FanDuel,+357,0.2083,0.0721,-0.0105,91,C,0.0,NO,,
2026-05-29,Colt Keith,Detroit Tigers,Erick Fedde,FanDuel,+360,0.2066,0.0715,-0.0108,63,C,0.0,NO,,
2026-05-29,Mickey Gasper,Boston Red Sox,Slade Cecconi,BetMGM,+414,0.1833,0.0713,-0.0112,51,C,0.0,NO,,
2026-05-29,Logan O'Hoppe,Los Angeles Angels,Nick Martinez,BetMGM,484,0.16,0.0718,-0.0112,48,C,0.0,NO,,
2026-05-29,Andrew Vaughn,Milwaukee Brewers,Kai-Wei Teng,FanDuel,382,0.1958,0.0714,-0.0117,57,C,0.0,NO,,
2026-05-29,Luis Arraez,San Francisco Giants,Michael Lorenzen,BetMGM,+384,0.1949,0.071,-0.0117,57,C,0.0,NO,,
2026-05-29,Lane Thomas,Kansas City Royals,MacKenzie Gore,FanDuel,+401,0.1879,0.071,-0.0117,54,C,0.0,NO,,
2026-05-29,Nick Madrigal,Los Angeles Angels,Nick Martinez,DraftKings,459,0.167,0.071,-0.0119,42,C,0.0,NO,,
2026-05-29,Pete Alonso,Baltimore Orioles,Adam Macko,DraftKings,+343,0.2132,0.0713,-0.0125,67,C,0.0,NO,,
2026-05-29,José Fermín,St. Louis Cardinals,Shota Imanaga,FanDuel,+457,0.167,0.071,-0.0125,42,C,0.0,NO,,
2026-05-29,Matt Olson,Atlanta Braves,Chris Paddack,BetMGM,+359,0.2053,0.071,-0.0126,63,C,0.0,NO,,
2026-05-29,Wenceel Pérez,Detroit Tigers,Erick Fedde,FanDuel,+408,0.1839,0.0715,-0.013,51,C,0.0,NO,,
2026-05-29,Danny Jansen,Texas Rangers,Stephen Kolek,FanDuel,395,0.189,0.0714,-0.0131,53,C,0.0,NO,,
2026-05-29,Jose Siri,Los Angeles Angels,Nick Martinez,FanDuel,+494,0.1553,0.072,-0.0131,35,D,0.0,NO,,
2026-05-29,Garrett Stubbs,Philadelphia Phillies,Justin Wrobleski,BetMGM,395,0.1886,0.0713,-0.0135,53,C,0.0,NO,,
2026-05-29,Zack Gelof,Athletics,Carlos Rodón,BetMGM,454,0.167,0.071,-0.0135,42,C,0.0,NO,,
2026-05-29,Isaac Collins,Kansas City Royals,MacKenzie Gore,DraftKings,499,0.1531,0.071,-0.0138,35,D,0.0,NO,,
2026-05-29,Brooks Lee,Minnesota Twins,Jared Jones,FanDuel,+379,0.1949,0.071,-0.0139,57,C,0.0,NO,,
2026-05-29,Josh Naylor,Seattle Mariners,Zac Gallen,FanDuel,356,0.2053,0.071,-0.014,63,C,0.0,NO,,
2026-05-29,Adley Rutschman,Baltimore Orioles,TBD,BetMGM,393,0.1887,0.0713,-0.0141,53,C,0.0,NO,,
2026-05-29,Carson Kelly,Chicago Cubs,Andre Pallante,DraftKings,+480,0.1583,0.071,-0.0141,37,D,0.0,NO,,
2026-05-29,Andrés Giménez,Toronto Blue Jays,Trevor Rogers,BetMGM,+404,0.1843,0.0716,-0.0142,51,C,0.0,NO,,
2026-05-29,Logan O'Hoppe,Los Angeles Angels,Nick Martinez,DraftKings,+474,0.1599,0.0717,-0.0143,48,C,0.0,NO,,
2026-05-29,Christian Yelich,Milwaukee Brewers,Kai-Wei Teng,FanDuel,391,0.1888,0.0714,-0.0149,53,C,0.0,NO,,
2026-05-29,Fernando Tatis Jr.,San Diego Padres,Paxton Schultz,DraftKings,+393,0.1879,0.071,-0.0149,53,C,0.0,NO,,
2026-05-29,Alex Freeland,Los Angeles Dodgers,Zack Wheeler,DraftKings,492,0.154,0.0714,-0.0149,35,D,0.0,NO,,
2026-05-29,José Ramírez,Cleveland Guardians,Tyler Samaniego,DraftKings,375,0.1949,0.071,-0.0157,57,C,0.0,NO,,
2026-05-29,Konnor Griffin,Pittsburgh Pirates,Taj Bradley,FanDuel,404,0.1827,0.071,-0.0157,50,C,0.0,NO,,
2026-05-29,Travis Bazzana,Cleveland Guardians,Tyler Samaniego,BetMGM,+391,0.1879,0.071,-0.0158,53,C,0.0,NO,,
2026-05-29,Brayan Rocchio,Cleveland Guardians,Tyler Samaniego,FanDuel,+492,0.1531,0.071,-0.0158,34,D,0.0,NO,,
2026-05-29,Brett Baty,New York Mets,Max Meyer,FanDuel,446,0.167,0.071,-0.0161,42,C,0.0,NO,,
2026-05-29,Ben Williamson,Tampa Bay Rays,Walbert Ureña,DraftKings,+402,0.1827,0.071,-0.0165,50,C,0.0,NO,,
2026-05-29,Tyler O'Neill,Baltimore Orioles,Adam Macko,BetMGM,+442,0.1678,0.0713,-0.0167,42,C,0.0,NO,,
2026-05-29,Ben Rice,New York Yankees,Luis Severino,DraftKings,369,0.1964,0.0716,-0.0168,57,C,0.0,NO,,
2026-05-29,Marcus Semien,New York Mets,Max Meyer,DraftKings,471,0.1583,0.071,-0.0168,37,D,0.0,NO,,
2026-05-29,Chadwick Tromp,Atlanta Braves,Chris Paddack,BetMGM,488,0.1531,0.071,-0.017,34,D,0.0,NO,,
2026-05-29,Nolan Arenado,Arizona Diamondbacks,George Kirby,DraftKings,364,0.1983,0.071,-0.0172,58,C,0.0,NO,,
2026-05-29,Willy Adames,San Francisco Giants,Michael Lorenzen,DraftKings,+387,0.1879,0.071,-0.0174,53,C,0.0,NO,,
2026-05-29,Sung-Mun Song,San Diego Padres,Paxton Schultz,BetMGM,363,0.1983,0.071,-0.0176,58,C,0.0,NO,,
2026-05-29,Oswald Peraza,Los Angeles Angels,Nick Martinez,DraftKings,+393,0.1853,0.072,-0.0176,50,C,0.0,NO,,
2026-05-29,Otto Lopez,Miami Marlins,Freddy Peralta,BetMGM,+396,0.1839,0.0708,-0.0177,48,C,0.0,NO,,
2026-05-29,Bryson Stott,Philadelphia Phillies,Justin Wrobleski,FanDuel,361,0.199,0.0713,-0.0179,58,C,0.0,NO,,
2026-05-29,Evan Carter,Texas Rangers,Stephen Kolek,BetMGM,396,0.1837,0.0714,-0.0179,50,C,0.0,NO,,
2026-05-29,Paul Goldschmidt,New York Yankees,Luis Severino,FanDuel,+394,0.1841,0.0716,-0.0183,50,C,0.0,NO,,
2026-05-29,Munetaka Murakami,Chicago White Sox,Troy Melton,FanDuel,+369,0.1949,0.071,-0.0184,56,C,0.0,NO,,
2026-05-29,Richie Palacios,Tampa Bay Rays,Walbert Ureña,FanDuel,+438,0.167,0.071,-0.0188,42,C,0.0,NO,,
2026-05-29,Leody Taveras,Baltimore Orioles,Adam Macko,BetMGM,+394,0.1835,0.0713,-0.0189,50,C,0.0,NO,,
2026-05-29,Kyle Manzardo,Cleveland Guardians,Tyler Samaniego,BetMGM,+359,0.1983,0.071,-0.0195,58,C,0.0,NO,,
2026-05-29,Javier Sanoja,Miami Marlins,Freddy Peralta,BetMGM,436,0.167,0.071,-0.0195,41,C,0.0,NO,,
2026-05-29,Austin Martin,Minnesota Twins,Jared Jones,BetMGM,462,0.1583,0.071,-0.0196,37,D,0.0,NO,,
2026-05-29,Rikuu Nishida,Chicago White Sox,Troy Melton,DraftKings,462,0.1583,0.071,-0.0196,37,D,0.0,NO,,
2026-05-29,Sam Haggerty,Texas Rangers,Stephen Kolek,DraftKings,476,0.154,0.0714,-0.0196,34,D,0.0,NO,,
2026-05-29,Colson Montgomery,Chicago White Sox,Troy Melton,FanDuel,392,0.1827,0.071,-0.0206,50,C,0.0,NO,,
2026-05-29,Nicky Lopez,Texas Rangers,Stephen Kolek,BetMGM,+476,0.1528,0.0709,-0.0208,34,D,0.0,NO,,
2026-05-29,Corbin Carroll,Arizona Diamondbacks,George Kirby,FanDuel,363,0.1949,0.071,-0.0211,56,C,0.0,NO,,
2026-05-29,Wenceel Pérez,Detroit Tigers,Erick Fedde,BetMGM,381,0.1867,0.0726,-0.0212,50,C,0.0,NO,,
2026-05-29,George Springer,Toronto Blue Jays,Trevor Rogers,FanDuel,374,0.1895,0.0716,-0.0214,52,C,0.0,NO,,
2026-05-29,Matt Olson,Atlanta Braves,Chris Paddack,DraftKings,341,0.2053,0.071,-0.0215,62,C,0.0,NO,,
2026-05-29,Alex Freeland,Los Angeles Dodgers,Zack Wheeler,BetMGM,+471,0.1536,0.0712,-0.0215,34,D,0.0,NO,,
2026-05-29,Victor Caratini,Minnesota Twins,Jared Jones,FanDuel,+430,0.167,0.071,-0.0217,41,C,0.0,NO,,
2026-05-29,TJ Friedl,Cincinnati Reds,Grant Holmes,FanDuel,474,0.1526,0.0708,-0.0217,34,D,0.0,NO,,
2026-05-29,Carson Williams,Tampa Bay Rays,Walbert Ureña,BetMGM,429,0.167,0.071,-0.022,41,C,0.0,NO,,
2026-05-29,Luis Rengifo,Milwaukee Brewers,Kai-Wei Teng,BetMGM,+419,0.1696,0.0721,-0.023,38,D,0.0,NO,,
2026-05-29,Blake Perkins,Milwaukee Brewers,Kai-Wei Teng,DraftKings,464,0.1538,0.0714,-0.0235,34,D,0.0,NO,,
2026-05-29,Brandon Lowe,Pittsburgh Pirates,Taj Bradley,DraftKings,356,0.1949,0.071,-0.0244,56,C,0.0,NO,,
2026-05-29,Nico Hoerner,Chicago Cubs,Andre Pallante,BetMGM,+356,0.1949,0.071,-0.0244,56,C,0.0,NO,,
2026-05-29,Yordan Alvarez,Houston Astros,Coleman Crow,FanDuel,335,0.2053,0.071,-0.0246,61,C,0.0,NO,,
2026-05-29,Jeremiah Jackson,Baltimore Orioles,Adam Macko,BetMGM,+419,0.1678,0.0713,-0.0249,41,C,0.0,NO,,
2026-05-29,Bryce Harper,Philadelphia Phillies,Justin Wrobleski,BetMGM,328,0.2081,0.072,-0.0255,89,C,0.0,NO,,
2026-05-29,Zach Dezenzo,Houston Astros,Coleman Crow,FanDuel,443,0.1583,0.071,-0.0258,36,D,0.0,NO,,
2026-05-29,César Salazar,Houston Astros,Coleman Crow,FanDuel,351,0.1949,0.071,-0.0269,55,C,0.0,NO,,
2026-05-29,Pete Alonso,Baltimore Orioles,Adam Macko,BetMGM,310,0.2163,0.0724,-0.0276,65,C,0.0,NO,,
2026-05-29,Hunter Feduccia,Tampa Bay Rays,Walbert Ureña,FanDuel,364,0.1879,0.071,-0.0276,52,C,0.0,NO,,
2026-05-29,Coby Mayo,Baltimore Orioles,TBD,DraftKings,412,0.1678,0.0713,-0.0276,41,C,0.0,NO,,
2026-05-29,Brandon Valenzuela,Toronto Blue Jays,Trevor Rogers,DraftKings,448,0.1544,0.0716,-0.0281,33,D,0.0,NO,,
2026-05-29,Nolan Gorman,St. Louis Cardinals,Shota Imanaga,FanDuel,373,0.1827,0.071,-0.0287,49,C,0.0,NO,,
2026-05-29,Luisangel Acuña,Chicago White Sox,Troy Melton,FanDuel,432,0.1583,0.071,-0.0296,36,D,0.0,NO,,
2026-05-29,Alejandro Osuna,Texas Rangers,Stephen Kolek,DraftKings,429,0.1592,0.0714,-0.0298,36,D,0.0,NO,,
2026-05-29,Matt Olson,Atlanta Braves,Chris Paddack,FanDuel,325,0.2053,0.071,-0.03,61,C,0.0,NO,,
2026-05-29,Tristan Peters,Chicago White Sox,Troy Melton,BetMGM,445,0.1531,0.071,-0.0304,33,D,0.0,NO,,
2026-05-29,J.P. Crawford,Seattle Mariners,Zac Gallen,BetMGM,406,0.167,0.071,-0.0306,40,C,0.0,NO,,
2026-05-29,Andruw Monasterio,Boston Red Sox,Slade Cecconi,BetMGM,441,0.1541,0.0715,-0.0308,33,D,0.0,NO,,
2026-05-29,Taylor Trammell,Houston Astros,Coleman Crow,FanDuel,357,0.1879,0.071,-0.0309,51,C,0.0,NO,,
2026-05-29,Jackson Chourio,Milwaukee Brewers,Kai-Wei Teng,FanDuel,426,0.1591,0.0714,-0.031,35,D,0.0,NO,,
2026-05-29,Willi Castro,Colorado Rockies,Logan Webb,DraftKings,+368,0.1821,0.0708,-0.0315,48,C,0.0,NO,,
2026-05-29,Ryan Waldschmidt,Arizona Diamondbacks,George Kirby,FanDuel,439,0.1531,0.071,-0.0324,32,D,0.0,NO,,
2026-05-29,Matt Chapman,San Francisco Giants,Michael Lorenzen,DraftKings,364,0.1827,0.071,-0.0328,48,C,0.0,NO,,
2026-05-29,Cedric Mullins,Tampa Bay Rays,Walbert Ureña,DraftKings,437,0.1531,0.071,-0.0331,32,D,0.0,NO,,
2026-05-29,Mauricio Dubón,Atlanta Braves,Chris Paddack,DraftKings,422,0.1583,0.071,-0.0332,35,D,0.0,NO,,
2026-05-29,Bryce Eldridge,San Francisco Giants,Michael Lorenzen,BetMGM,+421,0.1583,0.071,-0.0336,35,D,0.0,NO,,
2026-05-29,Patrick Wisdom,Seattle Mariners,Zac Gallen,FanDuel,362,0.1827,0.071,-0.0338,48,C,0.0,NO,,
2026-05-29,Jacob Young,Washington Nationals,Lucas Giolito,FanDuel,+398,0.167,0.071,-0.0338,40,C,0.0,NO,,
2026-05-29,José Caballero,New York Yankees,Luis Severino,DraftKings,+430,0.1543,0.0716,-0.0344,32,D,0.0,NO,,
2026-05-29,Ezequiel Tovar,Colorado Rockies,Logan Webb,DraftKings,395,0.167,0.071,-0.035,40,C,0.0,NO,,
2026-05-29,Charles McAdoo,Toronto Blue Jays,Trevor Rogers,FanDuel,355,0.1843,0.0716,-0.0355,48,C,0.0,NO,,
2026-05-29,Tyler Tolbert,Kansas City Royals,MacKenzie Gore,BetMGM,358,0.1827,0.071,-0.0357,48,C,0.0,NO,,
2026-05-29,Brandon Marsh,Philadelphia Phillies,Justin Wrobleski,FanDuel,+390,0.1676,0.0713,-0.0365,39,D,0.0,NO,,
2026-05-29,Nick Loftin,Kansas City Royals,MacKenzie Gore,FanDuel,389,0.167,0.071,-0.0375,39,D,0.0,NO,,
2026-05-29,Danny Jansen,Texas Rangers,Stephen Kolek,DraftKings,+411,0.158,0.0709,-0.0377,35,D,0.0,NO,,
2026-05-29,Patrick Bailey,Cleveland Guardians,Tyler Samaniego,FanDuel,+409,0.1583,0.071,-0.0381,35,D,0.0,NO,,
2026-05-29,Ramón Laureano,San Diego Padres,Paxton Schultz,BetMGM,+385,0.167,0.071,-0.0392,39,D,0.0,NO,,
2026-05-29,Ty France,San Diego Padres,Paxton Schultz,FanDuel,405,0.1583,0.071,-0.0397,34,D,0.0,NO,,
2026-05-29,Kyle Isbel,Kansas City Royals,MacKenzie Gore,FanDuel,+418,0.1531,0.071,-0.0399,32,D,0.0,NO,,
2026-05-29,Jackson Holliday,Baltimore Orioles,Adam Macko,DraftKings,410,0.156,0.0724,-0.04,32,D,0.0,NO,,
2026-05-29,Tyler Stephenson,Cincinnati Reds,Grant Holmes,FanDuel,+405,0.1578,0.0708,-0.0403,34,D,0.0,NO,,
2026-05-29,Joe Mack,Miami Marlins,Freddy Peralta,BetMGM,417,0.1531,0.071,-0.0403,31,D,0.0,NO,,
2026-05-29,Yordan Alvarez,Houston Astros,Coleman Crow,DraftKings,+307,0.2053,0.071,-0.0404,59,C,0.0,NO,,
2026-05-29,Caleb Durbin,Boston Red Sox,Slade Cecconi,DraftKings,418,0.1524,0.0707,-0.0406,31,D,0.0,NO,,
2026-05-29,Joey Ortiz,Milwaukee Brewers,Kai-Wei Teng,FanDuel,379,0.1678,0.0714,-0.0409,39,D,0.0,NO,,
2026-05-29,TJ Friedl,Cincinnati Reds,Grant Holmes,BetMGM,+416,0.1526,0.0708,-0.0412,31,D,0.0,NO,,
2026-05-29,Kyle Schwarber,Philadelphia Phillies,Justin Wrobleski,BetMGM,+355,0.178,0.0673,-0.0418,85,C,0.0,NO,,
2026-05-29,Caleb Durbin,Boston Red Sox,Slade Cecconi,BetMGM,375,0.1681,0.0715,-0.0424,39,D,0.0,NO,,
2026-05-29,Xander Bogaerts,San Diego Padres,Paxton Schultz,BetMGM,375,0.167,0.071,-0.0435,39,D,0.0,NO,,
2026-05-29,Kyle Karros,Colorado Rockies,Logan Webb,BetMGM,401,0.1531,0.071,-0.0465,31,D,0.0,NO,,
2026-05-29,Pete Alonso,Baltimore Orioles,TBD,DraftKings,295,0.2062,0.0713,-0.047,59,C,0.0,NO,,
2026-05-29,Yohendrick Piñango,Toronto Blue Jays,Trevor Rogers,BetMGM,383,0.1597,0.0716,-0.0473,34,D,0.0,NO,,
2026-05-29,Nicky Lopez,Texas Rangers,Stephen Kolek,FanDuel,394,0.154,0.0714,-0.0485,31,D,0.0,NO,,
2026-05-29,Javier Sanoja,Miami Marlins,Freddy Peralta,DraftKings,+382,0.1583,0.071,-0.0491,33,D,0.0,NO,,
2026-05-29,Steward Berroa,Philadelphia Phillies,Justin Wrobleski,FanDuel,385,0.1555,0.0721,-0.0506,50,C,0.0,NO,,
2026-05-29,Heriberto Hernández,Miami Marlins,Freddy Peralta,DraftKings,391,0.1531,0.071,-0.0506,30,D,0.0,NO,,
2026-05-29,Brayan Rocchio,Cleveland Guardians,Tyler Samaniego,BetMGM,390,0.1531,0.071,-0.051,30,D,0.0,NO,,
2026-05-29,Alejandro Osuna,Texas Rangers,Stephen Kolek,BetMGM,+359,0.1667,0.0709,-0.0512,38,D,0.0,NO,,
2026-05-29,Joe Mack,Miami Marlins,Freddy Peralta,DraftKings,+388,0.1531,0.071,-0.0518,30,D,0.0,NO,,
2026-05-29,Nick Sogard,Boston Red Sox,Slade Cecconi,BetMGM,370,0.1593,0.0715,-0.0534,33,D,0.0,NO,,
2026-05-29,Nick Allen,Houston Astros,Coleman Crow,DraftKings,+372,0.1583,0.071,-0.0535,33,D,0.0,NO,,
2026-05-29,Gunnar Henderson,Baltimore Orioles,TBD,BetMGM,381,0.1538,0.0713,-0.0541,30,D,0.0,NO,,
2026-05-29,Shohei Ohtani,Los Angeles Dodgers,Zack Wheeler,BetMGM,300,0.1936,0.0732,-0.0564,94,C,0.0,NO,,
2026-05-29,Kyle Isbel,Kansas City Royals,MacKenzie Gore,DraftKings,373,0.1531,0.071,-0.0583,29,D,0.0,NO,,
2026-05-29,Juan Soto,New York Mets,Max Meyer,DraftKings,284,0.2013,0.0696,-0.0592,95,C,0.0,NO,,
2026-05-29,Daulton Varsho,Toronto Blue Jays,Trevor Rogers,DraftKings,367,0.1544,0.0716,-0.0597,29,D,0.0,NO,,
2026-05-29,Marcelo Mayer,Boston Red Sox,Slade Cecconi,FanDuel,360,0.1576,0.0707,-0.0598,32,D,0.0,NO,,
2026-05-29,Harrison Bader,San Francisco Giants,Michael Lorenzen,DraftKings,+367,0.1531,0.071,-0.061,29,D,0.0,NO,,
2026-05-29,Luke Keaschall,Minnesota Twins,Jared Jones,FanDuel,+355,0.1583,0.071,-0.0615,32,D,0.0,NO,,
2026-05-29,Tristan Gray,Minnesota Twins,Jared Jones,BetMGM,361,0.1531,0.071,-0.0638,29,D,0.0,NO,,
2026-05-29,Jared Triolo,Pittsburgh Pirates,Taj Bradley,DraftKings,354,0.1531,0.071,-0.0672,28,D,0.0,NO,,
2026-05-29,Aaron Judge,New York Yankees,Luis Severino,BetMGM,254,0.2114,0.0731,-0.0711,99,C,0.0,NO,,
2026-05-29,Juan Soto,New York Mets,Max Meyer,FanDuel,+261,0.2013,0.0696,-0.0758,93,C,0.0,NO,,
2026-05-29,Aaron Judge,New York Yankees,Luis Severino,FanDuel,+241,0.2114,0.0731,-0.0819,99,C,0.0,NO,,
2026-05-29,Shohei Ohtani,Los Angeles Dodgers,Zack Wheeler,DraftKings,+255,0.1926,0.0728,-0.0891,90,C,0.0,NO,,
