Date,GameTimeUTC,GameTimeET,GameTime,Game,LineupSpot,Player,player_id,LineupSource,Team,Pitcher,ISO,Pitcher_HR9,HardHit,FlyBall,BarrelRate,ExitVelocity,LaunchAngle,RecentHRRate,ParkFactor,WindFactor,Matchup,FanDuel,DraftKings,BetMGM,PitcherVulnerability,BatterHand,PitcherHRWeakSide,PitcherHRSpotWeakness
2026-05-31,2026-05-31T16:15:00+00:00,2026-05-31T12:15:00-04:00,12:15 PM,Toronto Blue Jays vs Baltimore Orioles,1,Taylor Ward,621493,confirmed,Baltimore Orioles,Spencer Miles,0.23,0.69,43.0,38.0,10.1,90.2,16.8,0.14,1.03,1.0,0.72,,,,35.49,R,L,7-9
2026-05-31,2026-05-31T16:15:00+00:00,2026-05-31T12:15:00-04:00,12:15 PM,Toronto Blue Jays vs Baltimore Orioles,2,Gunnar Henderson,683002,confirmed,Baltimore Orioles,Spencer Miles,0.18,0.69,38.0,34.0,8.0,89.0,14.0,0.1,1.03,1.0,0.65,,,,35.49,R,L,7-9
2026-05-31,2026-05-31T16:15:00+00:00,2026-05-31T12:15:00-04:00,12:15 PM,Toronto Blue Jays vs Baltimore Orioles,3,Adley Rutschman,668939,confirmed,Baltimore Orioles,Spencer Miles,0.18,0.69,38.0,34.0,8.0,89.0,14.0,0.1,1.03,1.0,0.65,,,,35.49,R,L,7-9
2026-05-31,2026-05-31T16:15:00+00:00,2026-05-31T12:15:00-04:00,12:15 PM,Toronto Blue Jays vs Baltimore Orioles,4,Pete Alonso,624413,confirmed,Baltimore Orioles,Spencer Miles,0.18,0.69,38.0,34.0,8.0,89.0,14.0,0.1,1.03,1.0,0.65,,,,35.49,R,L,7-9
2026-05-31,2026-05-31T16:15:00+00:00,2026-05-31T12:15:00-04:00,12:15 PM,Toronto Blue Jays vs Baltimore Orioles,5,Samuel Basallo,694212,confirmed,Baltimore Orioles,Spencer Miles,0.18,0.69,38.0,34.0,8.0,89.0,14.0,0.1,1.03,1.0,0.65,,,,35.49,R,L,7-9
2026-05-31,2026-05-31T16:15:00+00:00,2026-05-31T12:15:00-04:00,12:15 PM,Toronto Blue Jays vs Baltimore Orioles,6,Leody Taveras,665750,confirmed,Baltimore Orioles,Spencer Miles,0.18,0.69,38.0,34.0,8.0,89.0,14.0,0.1,1.03,1.0,0.65,,,,35.49,R,L,7-9
2026-05-31,2026-05-31T16:15:00+00:00,2026-05-31T12:15:00-04:00,12:15 PM,Toronto Blue Jays vs Baltimore Orioles,7,Colton Cowser,681297,confirmed,Baltimore Orioles,Spencer Miles,0.18,0.69,38.0,34.0,8.0,89.0,14.0,0.1,1.03,1.0,0.65,,,,35.49,R,L,7-9
2026-05-31,2026-05-31T16:15:00+00:00,2026-05-31T12:15:00-04:00,12:15 PM,Toronto Blue Jays vs Baltimore Orioles,8,Blaze Alexander,677942,confirmed,Baltimore Orioles,Spencer Miles,0.18,0.69,38.0,34.0,8.0,89.0,14.0,0.1,1.03,1.0,0.65,,,,35.49,R,L,7-9
2026-05-31,2026-05-31T16:15:00+00:00,2026-05-31T12:15:00-04:00,12:15 PM,Toronto Blue Jays vs Baltimore Orioles,9,Jackson Holliday,702616,confirmed,Baltimore Orioles,Spencer Miles,0.18,0.69,38.0,34.0,8.0,89.0,14.0,0.1,1.03,1.0,0.65,,,,35.49,R,L,7-9
2026-05-31,2026-05-31T16:15:00+00:00,2026-05-31T12:15:00-04:00,12:15 PM,Toronto Blue Jays vs Baltimore Orioles,1,Nathan Lukes,664770,confirmed,Toronto Blue Jays,Kyle Bradish,0.18,0.89,38.0,34.0,8.0,89.0,14.0,0.1,1.05,1.05,0.65,,,,38.87,R,L,7-9
2026-05-31,2026-05-31T16:15:00+00:00,2026-05-31T12:15:00-04:00,12:15 PM,Toronto Blue Jays vs Baltimore Orioles,2,Vladimir Guerrero Jr.,665489,confirmed,Toronto Blue Jays,Kyle Bradish,,,,,,,,,1.05,1.05,,,,,38.87,,L,7-9
2026-05-31,2026-05-31T16:15:00+00:00,2026-05-31T12:15:00-04:00,12:15 PM,Toronto Blue Jays vs Baltimore Orioles,3,Daulton Varsho,662139,confirmed,Toronto Blue Jays,Kyle Bradish,0.18,0.89,38.0,34.0,8.0,89.0,14.0,0.1,1.05,1.05,0.65,,,,38.87,R,L,7-9
2026-05-31,2026-05-31T16:15:00+00:00,2026-05-31T12:15:00-04:00,12:15 PM,Toronto Blue Jays vs Baltimore Orioles,3,Myles Straw,664702,confirmed,Toronto Blue Jays,Kyle Bradish,0.18,0.89,38.0,34.0,8.0,89.0,14.0,0.1,1.05,1.05,0.65,,,,38.87,R,L,7-9
2026-05-31,2026-05-31T16:15:00+00:00,2026-05-31T12:15:00-04:00,12:15 PM,Toronto Blue Jays vs Baltimore Orioles,4,Kazuma Okamoto,672960,confirmed,Toronto Blue Jays,Kyle Bradish,0.18,0.89,38.0,34.0,8.0,89.0,14.0,0.1,1.05,1.05,0.65,,,,38.87,R,L,7-9
2026-05-31,2026-05-31T16:15:00+00:00,2026-05-31T12:15:00-04:00,12:15 PM,Toronto Blue Jays vs Baltimore Orioles,5,Ernie Clement,676391,confirmed,Toronto Blue Jays,Kyle Bradish,0.18,0.89,38.0,34.0,8.0,89.0,14.0,0.1,1.05,1.05,0.65,,,,38.87,R,L,7-9
2026-05-31,2026-05-31T16:15:00+00:00,2026-05-31T12:15:00-04:00,12:15 PM,Toronto Blue Jays vs Baltimore Orioles,6,Jesús Sánchez,660821,confirmed,Toronto Blue Jays,Kyle Bradish,,,,,,,,,1.05,1.05,,,,,38.87,,L,7-9
2026-05-31,2026-05-31T16:15:00+00:00,2026-05-31T12:15:00-04:00,12:15 PM,Toronto Blue Jays vs Baltimore Orioles,6,Yohendrick Piñango,682818,confirmed,Toronto Blue Jays,Kyle Bradish,,,,,,,,,1.05,1.05,,,,,38.87,,L,7-9
2026-05-31,2026-05-31T16:15:00+00:00,2026-05-31T12:15:00-04:00,12:15 PM,Toronto Blue Jays vs Baltimore Orioles,7,Charles McAdoo,807727,confirmed,Toronto Blue Jays,Kyle Bradish,0.18,0.89,38.0,34.0,8.0,89.0,14.0,0.1,1.05,1.05,0.65,,,,38.87,R,L,7-9
2026-05-31,2026-05-31T17:35:00+00:00,2026-05-31T13:35:00-04:00,1:35 PM,Minnesota Twins vs Pittsburgh Pirates,1,Austin Martin,668885,confirmed,Minnesota Twins,Braxton Ashcraft,0.18,0.69,38.0,34.0,8.0,89.0,14.0,0.1,1.0,1.0,0.65,,,,34.76,R,L,7-9
2026-05-31,2026-05-31T17:35:00+00:00,2026-05-31T13:35:00-04:00,1:35 PM,Minnesota Twins vs Pittsburgh Pirates,2,Brooks Lee,686797,confirmed,Minnesota Twins,Braxton Ashcraft,0.18,0.69,38.0,34.0,8.0,89.0,14.0,0.1,1.0,1.0,0.65,,,,34.76,R,L,7-9
2026-05-31,2026-05-31T17:35:00+00:00,2026-05-31T13:35:00-04:00,1:35 PM,Minnesota Twins vs Pittsburgh Pirates,3,Kody Clemens,665019,confirmed,Minnesota Twins,Braxton Ashcraft,0.18,0.69,38.0,34.0,8.0,89.0,14.0,0.1,1.0,1.0,0.65,,,,34.76,R,L,7-9
2026-05-31,2026-05-31T17:35:00+00:00,2026-05-31T13:35:00-04:00,1:35 PM,Minnesota Twins vs Pittsburgh Pirates,4,Josh Bell,605137,confirmed,Minnesota Twins,Braxton Ashcraft,0.18,0.69,38.0,34.0,8.0,89.0,14.0,0.1,1.0,1.0,0.65,,,,34.76,R,L,7-9
2026-05-31,2026-05-31T17:35:00+00:00,2026-05-31T13:35:00-04:00,1:35 PM,Minnesota Twins vs Pittsburgh Pirates,4,James Outman,681546,confirmed,Minnesota Twins,Braxton Ashcraft,0.18,0.69,38.0,34.0,8.0,89.0,14.0,0.1,1.0,1.0,0.65,,,,34.76,R,L,7-9
2026-05-31,2026-05-31T17:35:00+00:00,2026-05-31T13:35:00-04:00,1:35 PM,Minnesota Twins vs Pittsburgh Pirates,5,Trevor Larnach,663616,confirmed,Minnesota Twins,Braxton Ashcraft,0.18,0.69,38.0,34.0,8.0,89.0,14.0,0.1,1.0,1.0,0.65,,,,34.76,R,L,7-9
2026-05-31,2026-05-31T17:35:00+00:00,2026-05-31T13:35:00-04:00,1:35 PM,Minnesota Twins vs Pittsburgh Pirates,6,Orlando Arcia,606115,confirmed,Minnesota Twins,Braxton Ashcraft,0.18,0.69,38.0,34.0,8.0,89.0,14.0,0.1,1.0,1.0,0.65,,,,34.76,R,L,7-9
2026-05-31,2026-05-31T17:35:00+00:00,2026-05-31T13:35:00-04:00,1:35 PM,Minnesota Twins vs Pittsburgh Pirates,7,Luke Keaschall,807712,confirmed,Minnesota Twins,Braxton Ashcraft,0.18,0.69,38.0,34.0,8.0,89.0,14.0,0.1,1.0,1.0,0.65,,,,34.76,R,L,7-9
2026-05-31,2026-05-31T17:35:00+00:00,2026-05-31T13:35:00-04:00,1:35 PM,Minnesota Twins vs Pittsburgh Pirates,8,Tristan Gray,656484,confirmed,Minnesota Twins,Braxton Ashcraft,0.18,0.69,38.0,34.0,8.0,89.0,14.0,0.1,1.0,1.0,0.65,,,,34.76,R,L,7-9
2026-05-31,2026-05-31T17:35:00+00:00,2026-05-31T13:35:00-04:00,1:35 PM,Minnesota Twins vs Pittsburgh Pirates,1,Spencer Horwitz,687462,confirmed,Pittsburgh Pirates,Zebby Matthews,0.18,1.89,38.0,34.0,8.0,89.0,14.0,0.1,1.0,1.0,0.65,,,,55.17,R,L,4-6
2026-05-31,2026-05-31T17:35:00+00:00,2026-05-31T13:35:00-04:00,1:35 PM,Minnesota Twins vs Pittsburgh Pirates,2,Brandon Lowe,664040,confirmed,Pittsburgh Pirates,Zebby Matthews,0.18,1.89,38.0,34.0,8.0,89.0,14.0,0.1,1.0,1.0,0.65,,,,55.17,R,L,4-6
2026-05-31,2026-05-31T17:35:00+00:00,2026-05-31T13:35:00-04:00,1:35 PM,Minnesota Twins vs Pittsburgh Pirates,3,Bryan Reynolds,668804,confirmed,Pittsburgh Pirates,Zebby Matthews,0.18,1.89,38.0,34.0,8.0,89.0,14.0,0.1,1.0,1.0,0.65,,,,55.17,R,L,4-6
2026-05-31,2026-05-31T17:35:00+00:00,2026-05-31T13:35:00-04:00,1:35 PM,Minnesota Twins vs Pittsburgh Pirates,3,Jhostynxon Garcia,691373,confirmed,Pittsburgh Pirates,Zebby Matthews,0.18,1.89,38.0,34.0,8.0,89.0,14.0,0.1,1.0,1.0,0.65,,,,55.17,R,L,4-6
2026-05-31,2026-05-31T17:35:00+00:00,2026-05-31T13:35:00-04:00,1:35 PM,Minnesota Twins vs Pittsburgh Pirates,4,Ryan O'Hearn,656811,confirmed,Pittsburgh Pirates,Zebby Matthews,,,,,,,,,1.0,1.0,,,,,55.17,,L,4-6
2026-05-31,2026-05-31T17:35:00+00:00,2026-05-31T13:35:00-04:00,1:35 PM,Minnesota Twins vs Pittsburgh Pirates,5,Nick Gonzales,693304,confirmed,Pittsburgh Pirates,Zebby Matthews,0.18,1.89,38.0,34.0,8.0,89.0,14.0,0.1,1.0,1.0,0.65,,,,55.17,R,L,4-6
2026-05-31,2026-05-31T17:35:00+00:00,2026-05-31T13:35:00-04:00,1:35 PM,Minnesota Twins vs Pittsburgh Pirates,6,Oneil Cruz,665833,confirmed,Pittsburgh Pirates,Zebby Matthews,0.18,1.89,38.0,34.0,8.0,89.0,14.0,0.1,1.0,1.0,0.65,,,,55.17,R,L,4-6
2026-05-31,2026-05-31T17:35:00+00:00,2026-05-31T13:35:00-04:00,1:35 PM,Minnesota Twins vs Pittsburgh Pirates,7,Jake Mangum,663968,confirmed,Pittsburgh Pirates,Zebby Matthews,0.18,1.89,38.0,34.0,8.0,89.0,14.0,0.1,1.0,1.0,0.65,,,,55.17,R,L,4-6
2026-05-31,2026-05-31T17:35:00+00:00,2026-05-31T13:35:00-04:00,1:35 PM,Minnesota Twins vs Pittsburgh Pirates,8,Jared Triolo,669707,confirmed,Pittsburgh Pirates,Zebby Matthews,0.18,1.89,38.0,34.0,8.0,89.0,14.0,0.1,1.0,1.0,0.65,,,,55.17,R,L,4-6
2026-05-31,2026-05-31T17:35:00+00:00,2026-05-31T13:35:00-04:00,1:35 PM,San Diego Padres vs Washington Nationals,1,Fernando Tatis Jr.,665487,confirmed,San Diego Padres,Zack Littell,,,,,,,,,1.0,1.0,,,,,60.83,,L,4-6
2026-05-31,2026-05-31T17:35:00+00:00,2026-05-31T13:35:00-04:00,1:35 PM,San Diego Padres vs Washington Nationals,2,Gavin Sheets,657757,confirmed,San Diego Padres,Zack Littell,0.18,2.17,38.0,34.0,8.0,89.0,14.0,0.1,1.0,1.0,0.65,,,,60.83,R,L,4-6
2026-05-31,2026-05-31T17:35:00+00:00,2026-05-31T13:35:00-04:00,1:35 PM,San Diego Padres vs Washington Nationals,3,Manny Machado,592518,confirmed,San Diego Padres,Zack Littell,0.18,2.17,38.0,34.0,8.0,89.0,14.0,0.1,1.0,1.0,0.65,,,,60.83,R,L,4-6
2026-05-31,2026-05-31T17:35:00+00:00,2026-05-31T13:35:00-04:00,1:35 PM,San Diego Padres vs Washington Nationals,4,Xander Bogaerts,593428,confirmed,San Diego Padres,Zack Littell,0.18,2.17,38.0,34.0,8.0,89.0,14.0,0.1,1.0,1.0,0.65,,,,60.83,R,L,4-6
2026-05-31,2026-05-31T17:35:00+00:00,2026-05-31T13:35:00-04:00,1:35 PM,San Diego Padres vs Washington Nationals,5,Jackson Merrill,701538,confirmed,San Diego Padres,Zack Littell,0.18,2.17,38.0,34.0,8.0,89.0,14.0,0.1,1.0,1.0,0.65,,,,60.83,R,L,4-6
2026-05-31,2026-05-31T17:35:00+00:00,2026-05-31T13:35:00-04:00,1:35 PM,San Diego Padres vs Washington Nationals,6,Ty France,664034,confirmed,San Diego Padres,Zack Littell,0.18,2.17,38.0,34.0,8.0,89.0,14.0,0.1,1.0,1.0,0.65,,,,60.83,R,L,4-6
2026-05-31,2026-05-31T17:35:00+00:00,2026-05-31T13:35:00-04:00,1:35 PM,San Diego Padres vs Washington Nationals,7,Nick Castellanos,592206,confirmed,San Diego Padres,Zack Littell,0.18,2.17,38.0,34.0,8.0,89.0,14.0,0.1,1.0,1.0,0.65,,,,60.83,R,L,4-6
2026-05-31,2026-05-31T17:35:00+00:00,2026-05-31T13:35:00-04:00,1:35 PM,San Diego Padres vs Washington Nationals,8,Sung-Mun Song,823550,confirmed,San Diego Padres,Zack Littell,0.18,2.17,38.0,34.0,8.0,89.0,14.0,0.1,1.0,1.0,0.65,,,,60.83,R,L,4-6
2026-05-31,2026-05-31T17:35:00+00:00,2026-05-31T13:35:00-04:00,1:35 PM,San Diego Padres vs Washington Nationals,9,Freddy Fermin,666023,confirmed,San Diego Padres,Zack Littell,0.18,2.17,38.0,34.0,8.0,89.0,14.0,0.1,1.0,1.0,0.65,,,,60.83,R,L,4-6
2026-05-31,2026-05-31T17:35:00+00:00,2026-05-31T13:35:00-04:00,1:35 PM,San Diego Padres vs Washington Nationals,1,James Wood,695578,confirmed,Washington Nationals,Griffin Canning,0.18,1.58,38.0,34.0,8.0,89.0,14.0,0.1,1.0,1.0,0.65,,,,52.81,R,L,4-6
2026-05-31,2026-05-31T17:35:00+00:00,2026-05-31T13:35:00-04:00,1:35 PM,San Diego Padres vs Washington Nationals,2,Luis García Jr.,671277,confirmed,Washington Nationals,Griffin Canning,,,,,,,,,1.0,1.0,,,,,52.81,,L,4-6
2026-05-31,2026-05-31T17:35:00+00:00,2026-05-31T13:35:00-04:00,1:35 PM,San Diego Padres vs Washington Nationals,2,Andrés Chaparro,665953,confirmed,Washington Nationals,Griffin Canning,,,,,,,,,1.0,1.0,,,,,52.81,,L,4-6
2026-05-31,2026-05-31T17:35:00+00:00,2026-05-31T13:35:00-04:00,1:35 PM,San Diego Padres vs Washington Nationals,3,Curtis Mead,678554,confirmed,Washington Nationals,Griffin Canning,0.18,1.58,38.0,34.0,8.0,89.0,14.0,0.1,1.0,1.0,0.65,,,,52.81,R,L,4-6
2026-05-31,2026-05-31T17:35:00+00:00,2026-05-31T13:35:00-04:00,1:35 PM,San Diego Padres vs Washington Nationals,4,CJ Abrams,682928,confirmed,Washington Nationals,Griffin Canning,0.18,1.58,38.0,34.0,8.0,89.0,14.0,0.1,1.0,1.0,0.65,,,,52.81,R,L,4-6
2026-05-31,2026-05-31T17:35:00+00:00,2026-05-31T13:35:00-04:00,1:35 PM,San Diego Padres vs Washington Nationals,5,Daylen Lile,695734,confirmed,Washington Nationals,Griffin Canning,0.18,1.58,38.0,34.0,8.0,89.0,14.0,0.1,1.0,1.0,0.65,,,,52.81,R,L,4-6
2026-05-31,2026-05-31T17:35:00+00:00,2026-05-31T13:35:00-04:00,1:35 PM,San Diego Padres vs Washington Nationals,6,Jacob Young,696285,confirmed,Washington Nationals,Griffin Canning,0.18,1.58,38.0,34.0,8.0,89.0,14.0,0.1,1.0,1.0,0.65,,,,52.81,R,L,4-6
2026-05-31,2026-05-31T17:35:00+00:00,2026-05-31T13:35:00-04:00,1:35 PM,San Diego Padres vs Washington Nationals,7,José Tena,677588,confirmed,Washington Nationals,Griffin Canning,,,,,,,,,1.0,1.0,,,,,52.81,,L,4-6
2026-05-31,2026-05-31T17:35:00+00:00,2026-05-31T13:35:00-04:00,1:35 PM,San Diego Padres vs Washington Nationals,8,Jorbit Vivas,678391,confirmed,Washington Nationals,Griffin Canning,0.18,1.58,38.0,34.0,8.0,89.0,14.0,0.1,1.0,1.0,0.65,,,,52.81,R,L,4-6
2026-05-31,2026-05-31T17:40:00+00:00,2026-05-31T13:40:00-04:00,1:40 PM,Atlanta Braves vs Cincinnati Reds,1,Ronald Acuña Jr.,660670,confirmed,Atlanta Braves,Nick Lodolo,,,,,,,,,1.0,1.0,,,,,57.99,,R,4-6
2026-05-31,2026-05-31T17:40:00+00:00,2026-05-31T13:40:00-04:00,1:40 PM,Atlanta Braves vs Cincinnati Reds,2,Michael Harris II,671739,confirmed,Atlanta Braves,Nick Lodolo,0.16,2.42,38.0,34.0,8.0,89.0,14.0,0.1,1.0,1.0,0.65,,,,57.99,R,R,4-6
2026-05-31,2026-05-31T17:40:00+00:00,2026-05-31T13:40:00-04:00,1:40 PM,Atlanta Braves vs Cincinnati Reds,3,Matt Olson,621566,confirmed,Atlanta Braves,Nick Lodolo,0.16,2.42,38.0,34.0,8.0,89.0,14.0,0.1,1.0,1.0,0.65,,,,57.99,R,R,4-6
2026-05-31,2026-05-31T17:40:00+00:00,2026-05-31T13:40:00-04:00,1:40 PM,Atlanta Braves vs Cincinnati Reds,4,Ozzie Albies,645277,confirmed,Atlanta Braves,Nick Lodolo,0.16,2.42,38.0,34.0,8.0,89.0,14.0,0.1,1.0,1.0,0.65,,,,57.99,R,R,4-6
2026-05-31,2026-05-31T17:40:00+00:00,2026-05-31T13:40:00-04:00,1:40 PM,Atlanta Braves vs Cincinnati Reds,5,Mauricio Dubón,643289,confirmed,Atlanta Braves,Nick Lodolo,,,,,,,,,1.0,1.0,,,,,57.99,,R,4-6
2026-05-31,2026-05-31T17:40:00+00:00,2026-05-31T13:40:00-04:00,1:40 PM,Atlanta Braves vs Cincinnati Reds,6,Austin Riley,663586,confirmed,Atlanta Braves,Nick Lodolo,0.16,2.42,38.0,34.0,8.0,89.0,14.0,0.1,1.0,1.0,0.65,,,,57.99,R,R,4-6
2026-05-31,2026-05-31T17:40:00+00:00,2026-05-31T13:40:00-04:00,1:40 PM,Atlanta Braves vs Cincinnati Reds,7,Jorge Mateo,622761,confirmed,Atlanta Braves,Nick Lodolo,0.16,2.42,38.0,34.0,8.0,89.0,14.0,0.1,1.0,1.0,0.65,,,,57.99,R,R,4-6
2026-05-31,2026-05-31T17:40:00+00:00,2026-05-31T13:40:00-04:00,1:40 PM,Atlanta Braves vs Cincinnati Reds,7,Dominic Smith,642086,confirmed,Atlanta Braves,Nick Lodolo,0.16,2.42,38.0,34.0,8.0,89.0,14.0,0.1,1.0,1.0,0.65,,,,57.99,R,R,4-6
2026-05-31,2026-05-31T17:40:00+00:00,2026-05-31T13:40:00-04:00,1:40 PM,Atlanta Braves vs Cincinnati Reds,8,Ha-Seong Kim,673490,confirmed,Atlanta Braves,Nick Lodolo,0.16,2.42,38.0,34.0,8.0,89.0,14.0,0.1,1.0,1.0,0.65,,,,57.99,R,R,4-6
2026-05-31,2026-05-31T17:40:00+00:00,2026-05-31T13:40:00-04:00,1:40 PM,Atlanta Braves vs Cincinnati Reds,1,Blake Dunn,694362,confirmed,Cincinnati Reds,Spencer Strider,0.18,1.71,38.0,34.0,8.0,89.0,14.0,0.1,1.12,1.0,0.65,680.0,,,52.32,R,L,4-6
2026-05-31,2026-05-31T17:40:00+00:00,2026-05-31T13:40:00-04:00,1:40 PM,Atlanta Braves vs Cincinnati Reds,2,Elly De La Cruz,682829,confirmed,Cincinnati Reds,Spencer Strider,0.18,1.71,38.0,34.0,8.0,89.0,14.0,0.1,1.12,1.0,0.65,390.0,,,52.32,R,L,4-6
2026-05-31,2026-05-31T17:40:00+00:00,2026-05-31T13:40:00-04:00,1:40 PM,Atlanta Braves vs Cincinnati Reds,2,Matt McLain,680574,confirmed,Cincinnati Reds,Spencer Strider,0.18,1.71,38.0,34.0,8.0,89.0,14.0,0.1,1.12,1.0,0.65,630.0,,,52.32,R,L,4-6
2026-05-31,2026-05-31T17:40:00+00:00,2026-05-31T13:40:00-04:00,1:40 PM,Atlanta Braves vs Cincinnati Reds,3,JJ Bleday,668709,confirmed,Cincinnati Reds,Spencer Strider,0.18,1.71,38.0,34.0,8.0,89.0,14.0,0.1,1.12,1.0,0.65,410.0,,,52.32,R,L,4-6
2026-05-31,2026-05-31T17:40:00+00:00,2026-05-31T13:40:00-04:00,1:40 PM,Atlanta Braves vs Cincinnati Reds,4,Sal Stewart,701398,confirmed,Cincinnati Reds,Spencer Strider,0.18,1.71,38.0,34.0,8.0,89.0,14.0,0.1,1.12,1.0,0.65,310.0,,,52.32,R,L,4-6
2026-05-31,2026-05-31T17:40:00+00:00,2026-05-31T13:40:00-04:00,1:40 PM,Atlanta Braves vs Cincinnati Reds,5,Eugenio Suárez,553993,confirmed,Cincinnati Reds,Spencer Strider,,,,,,,,,1.12,1.0,,360.0,,,52.32,,L,4-6
2026-05-31,2026-05-31T17:40:00+00:00,2026-05-31T13:40:00-04:00,1:40 PM,Atlanta Braves vs Cincinnati Reds,6,Nathaniel Lowe,663993,confirmed,Cincinnati Reds,Spencer Strider,0.18,1.71,38.0,34.0,8.0,89.0,14.0,0.1,1.12,1.0,0.65,,,,52.32,R,L,4-6
2026-05-31,2026-05-31T17:40:00+00:00,2026-05-31T13:40:00-04:00,1:40 PM,Atlanta Braves vs Cincinnati Reds,7,Spencer Steer,668715,confirmed,Cincinnati Reds,Spencer Strider,0.18,1.71,38.0,34.0,8.0,89.0,14.0,0.1,1.12,1.0,0.65,420.0,,,52.32,R,L,4-6
2026-05-31,2026-05-31T17:40:00+00:00,2026-05-31T13:40:00-04:00,1:40 PM,Atlanta Braves vs Cincinnati Reds,8,Will Benson,666181,confirmed,Cincinnati Reds,Spencer Strider,,,,,,,,,1.12,1.0,,,,,52.32,,L,4-6
2026-05-31,2026-05-31T17:40:00+00:00,2026-05-31T13:40:00-04:00,1:40 PM,Boston Red Sox vs Cleveland Guardians,1,Jarren Duran,680776,confirmed,Boston Red Sox,Tanner Bibee,0.18,1.61,38.0,34.0,8.0,89.0,14.0,0.1,1.08,1.0,0.65,,,,51.21,R,L,4-6
2026-05-31,2026-05-31T17:40:00+00:00,2026-05-31T13:40:00-04:00,1:40 PM,Boston Red Sox vs Cleveland Guardians,2,Mickey Gasper,681508,confirmed,Boston Red Sox,Tanner Bibee,0.18,1.61,38.0,34.0,8.0,89.0,14.0,0.1,1.08,1.0,0.65,,,,51.21,R,L,4-6
2026-05-31,2026-05-31T17:40:00+00:00,2026-05-31T13:40:00-04:00,1:40 PM,Boston Red Sox vs Cleveland Guardians,2,Willson Contreras,575929,confirmed,Boston Red Sox,Tanner Bibee,0.18,1.61,38.0,34.0,8.0,89.0,14.0,0.1,1.08,1.0,0.65,,,,51.21,R,L,4-6
2026-05-31,2026-05-31T17:40:00+00:00,2026-05-31T13:40:00-04:00,1:40 PM,Boston Red Sox vs Cleveland Guardians,3,Wilyer Abreu,677800,confirmed,Boston Red Sox,Tanner Bibee,0.18,1.61,38.0,34.0,8.0,89.0,14.0,0.1,1.08,1.0,0.65,,,,51.21,R,L,4-6
2026-05-31,2026-05-31T17:40:00+00:00,2026-05-31T13:40:00-04:00,1:40 PM,Boston Red Sox vs Cleveland Guardians,4,Masataka Yoshida,807799,confirmed,Boston Red Sox,Tanner Bibee,0.18,1.61,38.0,34.0,8.0,89.0,14.0,0.1,1.08,1.0,0.65,,,,51.21,R,L,4-6
2026-05-31,2026-05-31T17:40:00+00:00,2026-05-31T13:40:00-04:00,1:40 PM,Boston Red Sox vs Cleveland Guardians,5,Isiah Kiner-Falefa,643396,confirmed,Boston Red Sox,Tanner Bibee,0.18,1.61,38.0,34.0,8.0,89.0,14.0,0.1,1.08,1.0,0.65,,,,51.21,R,L,4-6
2026-05-31,2026-05-31T17:40:00+00:00,2026-05-31T13:40:00-04:00,1:40 PM,Boston Red Sox vs Cleveland Guardians,6,Caleb Durbin,702332,confirmed,Boston Red Sox,Tanner Bibee,0.18,1.61,38.0,34.0,8.0,89.0,14.0,0.1,1.08,1.0,0.65,,,,51.21,R,L,4-6
2026-05-31,2026-05-31T17:40:00+00:00,2026-05-31T13:40:00-04:00,1:40 PM,Boston Red Sox vs Cleveland Guardians,7,Marcelo Mayer,691785,confirmed,Boston Red Sox,Tanner Bibee,0.18,1.61,38.0,34.0,8.0,89.0,14.0,0.1,1.08,1.0,0.65,,,,51.21,R,L,4-6
2026-05-31,2026-05-31T17:40:00+00:00,2026-05-31T13:40:00-04:00,1:40 PM,Boston Red Sox vs Cleveland Guardians,8,Connor Wong,657136,confirmed,Boston Red Sox,Tanner Bibee,0.18,1.61,38.0,34.0,8.0,89.0,14.0,0.1,1.08,1.0,0.65,,,,51.21,R,L,4-6
2026-05-31,2026-05-31T17:40:00+00:00,2026-05-31T13:40:00-04:00,1:40 PM,Boston Red Sox vs Cleveland Guardians,1,Travis Bazzana,683953,confirmed,Cleveland Guardians,Ranger Suarez,0.16,0.72,38.0,34.0,8.0,89.0,14.0,0.1,1.0,1.0,0.65,,,,34.18,R,R,7-9
2026-05-31,2026-05-31T17:40:00+00:00,2026-05-31T13:40:00-04:00,1:40 PM,Boston Red Sox vs Cleveland Guardians,2,José Ramírez,608070,confirmed,Cleveland Guardians,Ranger Suarez,,,,,,,,,1.0,1.0,,,,,34.18,,R,7-9
2026-05-31,2026-05-31T17:40:00+00:00,2026-05-31T13:40:00-04:00,1:40 PM,Boston Red Sox vs Cleveland Guardians,3,Chase DeLauter,800050,confirmed,Cleveland Guardians,Ranger Suarez,0.16,0.72,38.0,34.0,8.0,89.0,14.0,0.1,1.0,1.0,0.65,,,,34.18,R,R,7-9
2026-05-31,2026-05-31T17:40:00+00:00,2026-05-31T13:40:00-04:00,1:40 PM,Boston Red Sox vs Cleveland Guardians,4,Rhys Hoskins,656555,confirmed,Cleveland Guardians,Ranger Suarez,0.16,0.72,38.0,34.0,8.0,89.0,14.0,0.1,1.0,1.0,0.65,,,,34.18,R,R,7-9
2026-05-31,2026-05-31T17:40:00+00:00,2026-05-31T13:40:00-04:00,1:40 PM,Boston Red Sox vs Cleveland Guardians,5,David Fry,681807,confirmed,Cleveland Guardians,Ranger Suarez,0.16,0.72,38.0,34.0,8.0,89.0,14.0,0.1,1.0,1.0,0.65,,,,34.18,R,R,7-9
2026-05-31,2026-05-31T17:40:00+00:00,2026-05-31T13:40:00-04:00,1:40 PM,Boston Red Sox vs Cleveland Guardians,6,Kyle Manzardo,700932,confirmed,Cleveland Guardians,Ranger Suarez,0.16,0.72,38.0,34.0,8.0,89.0,14.0,0.1,1.0,1.0,0.65,,,,34.18,R,R,7-9
2026-05-31,2026-05-31T17:40:00+00:00,2026-05-31T13:40:00-04:00,1:40 PM,Boston Red Sox vs Cleveland Guardians,7,Stuart Fairchild,656413,confirmed,Cleveland Guardians,Ranger Suarez,,,,,,,,,1.0,1.0,,,,,34.18,,R,7-9
2026-05-31,2026-05-31T17:40:00+00:00,2026-05-31T13:40:00-04:00,1:40 PM,Boston Red Sox vs Cleveland Guardians,7,Petey Halpin,690984,confirmed,Cleveland Guardians,Ranger Suarez,,,,,,,,,1.0,1.0,,,,,34.18,,R,7-9
2026-05-31,2026-05-31T17:40:00+00:00,2026-05-31T13:40:00-04:00,1:40 PM,Boston Red Sox vs Cleveland Guardians,8,Austin Hedges,595978,confirmed,Cleveland Guardians,Ranger Suarez,0.16,0.72,38.0,34.0,8.0,89.0,14.0,0.1,1.0,1.0,0.65,,,,34.18,R,R,7-9
2026-05-31,2026-05-31T17:40:00+00:00,2026-05-31T13:40:00-04:00,1:40 PM,Los Angeles Angels vs Tampa Bay Rays,1,Zach Neto,687263,confirmed,Los Angeles Angels,Shane McClanahan,0.17,0.38,40.0,34.0,8.9,89.5,15.2,0.13,1.0,1.05,0.68,,,,32.02,R,R,7-9
2026-05-31,2026-05-31T17:40:00+00:00,2026-05-31T13:40:00-04:00,1:40 PM,Los Angeles Angels vs Tampa Bay Rays,2,Mike Trout,545361,confirmed,Los Angeles Angels,Shane McClanahan,0.25,0.38,46.0,40.0,14.2,92.5,18.4,0.22,1.0,1.05,0.8,,,,32.02,R,R,7-9
2026-05-31,2026-05-31T17:40:00+00:00,2026-05-31T13:40:00-04:00,1:40 PM,Los Angeles Angels vs Tampa Bay Rays,3,Vaughn Grissom,687093,confirmed,Los Angeles Angels,Shane McClanahan,0.16,0.38,38.0,34.0,8.0,89.0,14.0,0.1,1.0,1.05,0.65,,,,32.02,R,R,7-9
2026-05-31,2026-05-31T17:40:00+00:00,2026-05-31T13:40:00-04:00,1:40 PM,Los Angeles Angels vs Tampa Bay Rays,4,Jorge Soler,624585,confirmed,Los Angeles Angels,Shane McClanahan,0.22,0.38,47.0,41.0,15.6,93.1,19.8,0.24,1.0,1.05,0.78,,,,32.02,R,R,7-9
2026-05-31,2026-05-31T17:40:00+00:00,2026-05-31T13:40:00-04:00,1:40 PM,Los Angeles Angels vs Tampa Bay Rays,5,Jo Adell,666176,confirmed,Los Angeles Angels,Shane McClanahan,0.21,0.38,45.0,39.0,13.1,92.0,18.1,0.19,1.0,1.05,0.76,,,,32.02,R,R,7-9
2026-05-31,2026-05-31T17:40:00+00:00,2026-05-31T13:40:00-04:00,1:40 PM,Los Angeles Angels vs Tampa Bay Rays,6,Oswald Peraza,672724,confirmed,Los Angeles Angels,Shane McClanahan,0.16,0.38,38.0,34.0,8.0,89.0,14.0,0.1,1.0,1.05,0.65,,,,32.02,R,R,7-9
2026-05-31,2026-05-31T17:40:00+00:00,2026-05-31T13:40:00-04:00,1:40 PM,Los Angeles Angels vs Tampa Bay Rays,7,Jose Siri,642350,confirmed,Los Angeles Angels,Shane McClanahan,0.16,0.38,38.0,34.0,8.0,89.0,14.0,0.1,1.0,1.05,0.65,,,,32.02,R,R,7-9
2026-05-31,2026-05-31T17:40:00+00:00,2026-05-31T13:40:00-04:00,1:40 PM,Los Angeles Angels vs Tampa Bay Rays,7,Wade Meckler,685133,confirmed,Los Angeles Angels,Shane McClanahan,0.16,0.38,38.0,34.0,8.0,89.0,14.0,0.1,1.0,1.05,0.65,,,,32.02,R,R,7-9
2026-05-31,2026-05-31T17:40:00+00:00,2026-05-31T13:40:00-04:00,1:40 PM,Los Angeles Angels vs Tampa Bay Rays,8,Logan O'Hoppe,681351,confirmed,Los Angeles Angels,Shane McClanahan,0.19,0.38,42.0,37.0,11.4,91.1,17.2,0.16,1.0,1.05,0.7,,,,32.02,R,R,7-9
2026-05-31,2026-05-31T17:40:00+00:00,2026-05-31T13:40:00-04:00,1:40 PM,Los Angeles Angels vs Tampa Bay Rays,1,Yandy Díaz,650490,confirmed,Tampa Bay Rays,Jack Kochanowicz,,,,,,,,,1.0,1.0,,,,,38.56,,L,1-3
2026-05-31,2026-05-31T17:40:00+00:00,2026-05-31T13:40:00-04:00,1:40 PM,Los Angeles Angels vs Tampa Bay Rays,2,Jonathan Aranda,666018,confirmed,Tampa Bay Rays,Jack Kochanowicz,0.18,0.78,38.0,34.0,8.0,89.0,14.0,0.1,1.0,1.0,0.65,,,,38.56,R,L,1-3
2026-05-31,2026-05-31T17:40:00+00:00,2026-05-31T13:40:00-04:00,1:40 PM,Los Angeles Angels vs Tampa Bay Rays,3,Richie Palacios,680700,confirmed,Tampa Bay Rays,Jack Kochanowicz,0.18,0.78,38.0,34.0,8.0,89.0,14.0,0.1,1.0,1.0,0.65,,,,38.56,R,L,1-3
2026-05-31,2026-05-31T17:40:00+00:00,2026-05-31T13:40:00-04:00,1:40 PM,Los Angeles Angels vs Tampa Bay Rays,4,Junior Caminero,691406,confirmed,Tampa Bay Rays,Jack Kochanowicz,0.18,0.78,38.0,34.0,8.0,89.0,14.0,0.1,1.0,1.0,0.65,,,,38.56,R,L,1-3
2026-05-31,2026-05-31T17:40:00+00:00,2026-05-31T13:40:00-04:00,1:40 PM,Los Angeles Angels vs Tampa Bay Rays,5,Chandler Simpson,802415,confirmed,Tampa Bay Rays,Jack Kochanowicz,0.18,0.78,38.0,34.0,8.0,89.0,14.0,0.1,1.0,1.0,0.65,,,,38.56,R,L,1-3
2026-05-31,2026-05-31T17:40:00+00:00,2026-05-31T13:40:00-04:00,1:40 PM,Los Angeles Angels vs Tampa Bay Rays,6,Victor Mesa Jr.,683748,confirmed,Tampa Bay Rays,Jack Kochanowicz,,,,,,,,,1.0,1.0,,,,,38.56,,L,1-3
2026-05-31,2026-05-31T17:40:00+00:00,2026-05-31T13:40:00-04:00,1:40 PM,Los Angeles Angels vs Tampa Bay Rays,7,Cedric Mullins,656775,confirmed,Tampa Bay Rays,Jack Kochanowicz,0.18,0.78,38.0,34.0,8.0,89.0,14.0,0.1,1.0,1.0,0.65,,,,38.56,R,L,1-3
2026-05-31,2026-05-31T17:40:00+00:00,2026-05-31T13:40:00-04:00,1:40 PM,Los Angeles Angels vs Tampa Bay Rays,8,Hunter Feduccia,676439,confirmed,Tampa Bay Rays,Jack Kochanowicz,0.18,0.78,38.0,34.0,8.0,89.0,14.0,0.1,1.0,1.0,0.65,,,,38.56,R,L,1-3
2026-05-31,2026-05-31T17:40:00+00:00,2026-05-31T13:40:00-04:00,1:40 PM,Los Angeles Angels vs Tampa Bay Rays,8,Ben Williamson,810938,confirmed,Tampa Bay Rays,Jack Kochanowicz,0.18,0.78,38.0,34.0,8.0,89.0,14.0,0.1,1.0,1.0,0.65,,,,38.56,R,L,1-3
2026-05-31,2026-05-31T17:40:00+00:00,2026-05-31T13:40:00-04:00,1:40 PM,Miami Marlins vs New York Mets,1,Xavier Edwards,669364,confirmed,Miami Marlins,Nolan McLean,0.26,1.03,47.0,42.0,14.0,92.5,18.0,0.22,1.0,1.0,0.78,,,,41.63,R,L,7-9
2026-05-31,2026-05-31T17:40:00+00:00,2026-05-31T13:40:00-04:00,1:40 PM,Miami Marlins vs New York Mets,2,Liam Hicks,689414,confirmed,Miami Marlins,Nolan McLean,0.18,1.03,38.0,34.0,8.0,89.0,14.0,0.1,1.0,1.0,0.65,,,,41.63,R,L,7-9
2026-05-31,2026-05-31T17:40:00+00:00,2026-05-31T13:40:00-04:00,1:40 PM,Miami Marlins vs New York Mets,3,Otto Lopez,672640,confirmed,Miami Marlins,Nolan McLean,0.12,1.25,31.0,24.0,4.0,86.0,9.0,0.04,1.0,1.0,0.52,,,,41.63,L,L,7-9
2026-05-31,2026-05-31T17:40:00+00:00,2026-05-31T13:40:00-04:00,1:40 PM,Miami Marlins vs New York Mets,4,Kyle Stowers,669065,confirmed,Miami Marlins,Nolan McLean,0.18,1.03,38.0,34.0,8.0,89.0,14.0,0.1,1.0,1.0,0.65,,,,41.63,R,L,7-9
2026-05-31,2026-05-31T17:40:00+00:00,2026-05-31T13:40:00-04:00,1:40 PM,Miami Marlins vs New York Mets,4,Leo Jiménez,677870,confirmed,Miami Marlins,Nolan McLean,,,,,,,,,1.0,1.0,,,,,41.63,,L,7-9
2026-05-31,2026-05-31T17:40:00+00:00,2026-05-31T13:40:00-04:00,1:40 PM,Miami Marlins vs New York Mets,5,Javier Sanoja,691594,confirmed,Miami Marlins,Nolan McLean,0.18,1.03,38.0,34.0,8.0,89.0,14.0,0.1,1.0,1.0,0.65,,,,41.63,R,L,7-9
2026-05-31,2026-05-31T17:40:00+00:00,2026-05-31T13:40:00-04:00,1:40 PM,Miami Marlins vs New York Mets,6,Jakob Marsee,805300,confirmed,Miami Marlins,Nolan McLean,0.18,1.03,38.0,34.0,8.0,89.0,14.0,0.1,1.0,1.0,0.65,,,,41.63,R,L,7-9
2026-05-31,2026-05-31T17:40:00+00:00,2026-05-31T13:40:00-04:00,1:40 PM,Miami Marlins vs New York Mets,7,Connor Norby,681393,confirmed,Miami Marlins,Nolan McLean,0.18,1.03,38.0,34.0,8.0,89.0,14.0,0.1,1.0,1.0,0.65,,,,41.63,R,L,7-9
2026-05-31,2026-05-31T17:40:00+00:00,2026-05-31T13:40:00-04:00,1:40 PM,Miami Marlins vs New York Mets,8,Owen Caissie,683357,confirmed,Miami Marlins,Nolan McLean,0.18,1.03,38.0,34.0,8.0,89.0,14.0,0.1,1.0,1.0,0.65,,,,41.63,R,L,7-9
2026-05-31,2026-05-31T17:40:00+00:00,2026-05-31T13:40:00-04:00,1:40 PM,Miami Marlins vs New York Mets,1,Carson Benge,701807,confirmed,New York Mets,John King,0.16,1.21,38.0,34.0,8.0,89.0,14.0,0.1,1.0,1.0,0.65,,,,39.71,R,R,7-9
2026-05-31,2026-05-31T17:40:00+00:00,2026-05-31T13:40:00-04:00,1:40 PM,Miami Marlins vs New York Mets,2,Bo Bichette,666182,confirmed,New York Mets,John King,0.16,1.21,38.0,34.0,8.0,89.0,14.0,0.1,1.0,1.0,0.65,790.0,,,39.71,R,R,7-9
2026-05-31,2026-05-31T17:40:00+00:00,2026-05-31T13:40:00-04:00,1:40 PM,Miami Marlins vs New York Mets,2,MJ Melendez,669004,confirmed,New York Mets,John King,0.16,1.21,38.0,34.0,8.0,89.0,14.0,0.1,1.0,1.0,0.65,,,,39.71,R,R,7-9
2026-05-31,2026-05-31T17:40:00+00:00,2026-05-31T13:40:00-04:00,1:40 PM,Miami Marlins vs New York Mets,3,Juan Soto,665742,confirmed,New York Mets,John King,0.28,0.99,52.0,45.0,19.8,94.1,19.5,0.34,1.0,1.0,0.92,360.0,,,39.71,L,R,7-9
2026-05-31,2026-05-31T17:40:00+00:00,2026-05-31T13:40:00-04:00,1:40 PM,Miami Marlins vs New York Mets,3,Vidal Bruján,660644,confirmed,New York Mets,John King,,,,,,,,,1.0,1.0,,,,,39.71,,R,7-9
2026-05-31,2026-05-31T17:40:00+00:00,2026-05-31T13:40:00-04:00,1:40 PM,Miami Marlins vs New York Mets,4,Jared Young,676724,confirmed,New York Mets,John King,0.16,1.21,38.0,34.0,8.0,89.0,14.0,0.1,1.0,1.0,0.65,680.0,,,39.71,R,R,7-9
2026-05-31,2026-05-31T17:40:00+00:00,2026-05-31T13:40:00-04:00,1:40 PM,Miami Marlins vs New York Mets,5,Mark Vientos,668901,confirmed,New York Mets,John King,0.16,1.21,38.0,34.0,8.0,89.0,14.0,0.1,1.0,1.0,0.65,570.0,,,39.71,R,R,7-9
2026-05-31,2026-05-31T17:40:00+00:00,2026-05-31T13:40:00-04:00,1:40 PM,Miami Marlins vs New York Mets,6,A.J. Ewing,805999,confirmed,New York Mets,John King,,,,,,,,,1.0,1.0,,,,,39.71,,R,7-9
2026-05-31,2026-05-31T17:40:00+00:00,2026-05-31T13:40:00-04:00,1:40 PM,Miami Marlins vs New York Mets,7,Brett Baty,683146,confirmed,New York Mets,John King,0.16,1.21,38.0,34.0,8.0,89.0,14.0,0.1,1.0,1.0,0.65,880.0,,,39.71,R,R,7-9
2026-05-31,2026-05-31T18:10:00+00:00,2026-05-31T14:10:00-04:00,2:10 PM,Detroit Tigers vs Chicago White Sox,1,Sam Antonacci,803011,confirmed,Chicago White Sox,Keider Montero,0.18,1.03,38.0,34.0,8.0,89.0,14.0,0.1,1.0,1.0,0.65,,,,41.46,R,L,7-9
2026-05-31,2026-05-31T18:10:00+00:00,2026-05-31T14:10:00-04:00,2:10 PM,Detroit Tigers vs Chicago White Sox,2,Miguel Vargas,678246,confirmed,Chicago White Sox,Keider Montero,0.18,1.03,38.0,34.0,8.0,89.0,14.0,0.1,1.0,1.0,0.65,,,,41.46,R,L,7-9
2026-05-31,2026-05-31T18:10:00+00:00,2026-05-31T14:10:00-04:00,2:10 PM,Detroit Tigers vs Chicago White Sox,3,Andrew Benintendi,643217,confirmed,Chicago White Sox,Keider Montero,0.18,1.03,38.0,34.0,8.0,89.0,14.0,0.1,1.0,1.0,0.65,,,,41.46,R,L,7-9
2026-05-31,2026-05-31T18:10:00+00:00,2026-05-31T14:10:00-04:00,2:10 PM,Detroit Tigers vs Chicago White Sox,4,Colson Montgomery,695657,confirmed,Chicago White Sox,Keider Montero,0.18,1.03,38.0,34.0,8.0,89.0,14.0,0.1,1.0,1.0,0.65,,,,41.46,R,L,7-9
2026-05-31,2026-05-31T18:10:00+00:00,2026-05-31T14:10:00-04:00,2:10 PM,Detroit Tigers vs Chicago White Sox,5,Chase Meidroth,805367,confirmed,Chicago White Sox,Keider Montero,0.18,1.03,38.0,34.0,8.0,89.0,14.0,0.1,1.0,1.0,0.65,,,,41.46,R,L,7-9
2026-05-31,2026-05-31T18:10:00+00:00,2026-05-31T14:10:00-04:00,2:10 PM,Detroit Tigers vs Chicago White Sox,6,Jacob Gonzalez,694378,confirmed,Chicago White Sox,Keider Montero,,,,,,,,,1.0,1.0,,,,,41.46,,L,7-9
2026-05-31,2026-05-31T18:10:00+00:00,2026-05-31T14:10:00-04:00,2:10 PM,Detroit Tigers vs Chicago White Sox,7,Tristan Peters,671976,confirmed,Chicago White Sox,Keider Montero,0.18,1.03,38.0,34.0,8.0,89.0,14.0,0.1,1.0,1.0,0.65,,,,41.46,R,L,7-9
2026-05-31,2026-05-31T18:10:00+00:00,2026-05-31T14:10:00-04:00,2:10 PM,Detroit Tigers vs Chicago White Sox,8,Drew Romo,691011,confirmed,Chicago White Sox,Keider Montero,0.18,1.03,38.0,34.0,8.0,89.0,14.0,0.1,1.0,1.0,0.65,,,,41.46,R,L,7-9
2026-05-31,2026-05-31T18:10:00+00:00,2026-05-31T14:10:00-04:00,2:10 PM,Detroit Tigers vs Chicago White Sox,9,Rikuu Nishida,807747,confirmed,Chicago White Sox,Keider Montero,0.18,1.03,38.0,34.0,8.0,89.0,14.0,0.1,1.0,1.0,0.65,,,,41.46,R,L,7-9
2026-05-31,2026-05-31T18:10:00+00:00,2026-05-31T14:10:00-04:00,2:10 PM,Detroit Tigers vs Chicago White Sox,1,Colt Keith,690993,confirmed,Detroit Tigers,Sean Burke,0.18,0.67,38.0,34.0,8.0,89.0,14.0,0.1,0.98,1.0,0.65,,,,35.71,R,L,7-9
2026-05-31,2026-05-31T18:10:00+00:00,2026-05-31T14:10:00-04:00,2:10 PM,Detroit Tigers vs Chicago White Sox,1,Hao-Yu  Lee,701678,confirmed,Detroit Tigers,Sean Burke,,,,,,,,,0.98,1.0,,,,,35.71,,L,7-9
2026-05-31,2026-05-31T18:10:00+00:00,2026-05-31T14:10:00-04:00,2:10 PM,Detroit Tigers vs Chicago White Sox,2,Kevin McGonigle,805808,confirmed,Detroit Tigers,Sean Burke,0.18,0.67,38.0,34.0,8.0,89.0,14.0,0.1,0.98,1.0,0.65,,,,35.71,R,L,7-9
2026-05-31,2026-05-31T18:10:00+00:00,2026-05-31T14:10:00-04:00,2:10 PM,Detroit Tigers vs Chicago White Sox,3,Spencer Torkelson,679529,confirmed,Detroit Tigers,Sean Burke,0.18,0.67,38.0,34.0,8.0,89.0,14.0,0.1,0.98,1.0,0.65,,,,35.71,R,L,7-9
2026-05-31,2026-05-31T18:10:00+00:00,2026-05-31T14:10:00-04:00,2:10 PM,Detroit Tigers vs Chicago White Sox,4,Kerry Carpenter,681481,confirmed,Detroit Tigers,Sean Burke,0.18,0.67,38.0,34.0,8.0,89.0,14.0,0.1,0.98,1.0,0.65,,,,35.71,R,L,7-9
2026-05-31,2026-05-31T18:10:00+00:00,2026-05-31T14:10:00-04:00,2:10 PM,Detroit Tigers vs Chicago White Sox,4,Jahmai Jones,663330,confirmed,Detroit Tigers,Sean Burke,0.18,0.67,38.0,34.0,8.0,89.0,14.0,0.1,0.98,1.0,0.65,,,,35.71,R,L,7-9
2026-05-31,2026-05-31T18:10:00+00:00,2026-05-31T14:10:00-04:00,2:10 PM,Detroit Tigers vs Chicago White Sox,5,Riley Greene,682985,confirmed,Detroit Tigers,Sean Burke,0.18,0.67,38.0,34.0,8.0,89.0,14.0,0.1,0.98,1.0,0.65,,,,35.71,R,L,7-9
2026-05-31,2026-05-31T18:10:00+00:00,2026-05-31T14:10:00-04:00,2:10 PM,Detroit Tigers vs Chicago White Sox,6,Matt Vierling,663837,confirmed,Detroit Tigers,Sean Burke,0.18,0.67,38.0,34.0,8.0,89.0,14.0,0.1,0.98,1.0,0.65,,,,35.71,R,L,7-9
2026-05-31,2026-05-31T18:10:00+00:00,2026-05-31T14:10:00-04:00,2:10 PM,Detroit Tigers vs Chicago White Sox,7,Wenceel Pérez,672761,confirmed,Detroit Tigers,Sean Burke,,,,,,,,,0.98,1.0,,,,,35.71,,L,7-9
2026-05-31,2026-05-31T18:10:00+00:00,2026-05-31T14:10:00-04:00,2:10 PM,Milwaukee Brewers vs Houston Astros,1,Jeremy Peña,665161,confirmed,Houston Astros,Jacob Misiorowski,,,,,,,,,1.0,1.0,,,,,32.36,,L,7-9
2026-05-31,2026-05-31T18:10:00+00:00,2026-05-31T14:10:00-04:00,2:10 PM,Milwaukee Brewers vs Houston Astros,2,Yordan Alvarez,670541,confirmed,Houston Astros,Jacob Misiorowski,0.18,0.51,38.0,34.0,8.0,89.0,14.0,0.1,1.0,1.0,0.65,,,,32.36,R,L,7-9
2026-05-31,2026-05-31T18:10:00+00:00,2026-05-31T14:10:00-04:00,2:10 PM,Milwaukee Brewers vs Houston Astros,3,Christian Walker,572233,confirmed,Houston Astros,Jacob Misiorowski,0.18,0.51,38.0,34.0,8.0,89.0,14.0,0.1,1.0,1.0,0.65,,,,32.36,R,L,7-9
2026-05-31,2026-05-31T18:10:00+00:00,2026-05-31T14:10:00-04:00,2:10 PM,Milwaukee Brewers vs Houston Astros,4,Taylor Trammell,666211,confirmed,Houston Astros,Jacob Misiorowski,0.18,0.51,38.0,34.0,8.0,89.0,14.0,0.1,1.0,1.0,0.65,,,,32.36,R,L,7-9
2026-05-31,2026-05-31T18:10:00+00:00,2026-05-31T14:10:00-04:00,2:10 PM,Milwaukee Brewers vs Houston Astros,5,Isaac Paredes,670623,confirmed,Houston Astros,Jacob Misiorowski,0.18,0.51,38.0,34.0,8.0,89.0,14.0,0.1,1.0,1.0,0.65,,,,32.36,R,L,7-9
2026-05-31,2026-05-31T18:10:00+00:00,2026-05-31T14:10:00-04:00,2:10 PM,Milwaukee Brewers vs Houston Astros,6,Cam Smith,701358,confirmed,Houston Astros,Jacob Misiorowski,0.18,0.51,38.0,34.0,8.0,89.0,14.0,0.1,1.0,1.0,0.65,,,,32.36,R,L,7-9
2026-05-31,2026-05-31T18:10:00+00:00,2026-05-31T14:10:00-04:00,2:10 PM,Milwaukee Brewers vs Houston Astros,7,Jake Meyers,676694,confirmed,Houston Astros,Jacob Misiorowski,0.18,0.51,38.0,34.0,8.0,89.0,14.0,0.1,1.0,1.0,0.65,,,,32.36,R,L,7-9
2026-05-31,2026-05-31T18:10:00+00:00,2026-05-31T14:10:00-04:00,2:10 PM,Milwaukee Brewers vs Houston Astros,8,Nick Allen,669397,confirmed,Houston Astros,Jacob Misiorowski,0.18,0.51,38.0,34.0,8.0,89.0,14.0,0.1,1.0,1.0,0.65,,,,32.36,R,L,7-9
2026-05-31,2026-05-31T18:10:00+00:00,2026-05-31T14:10:00-04:00,2:10 PM,Milwaukee Brewers vs Houston Astros,9,Christian Vázquez,543877,confirmed,Houston Astros,Jacob Misiorowski,,,,,,,,,1.0,1.0,,,,,32.36,,L,7-9
2026-05-31,2026-05-31T18:10:00+00:00,2026-05-31T14:10:00-04:00,2:10 PM,Milwaukee Brewers vs Houston Astros,1,Christian Yelich,592885,confirmed,Milwaukee Brewers,Tatsuya Imai,0.18,1.32,38.0,34.0,8.0,89.0,14.0,0.1,1.04,1.0,0.65,,,,47.53,R,L,4-6
2026-05-31,2026-05-31T18:10:00+00:00,2026-05-31T14:10:00-04:00,2:10 PM,Milwaukee Brewers vs Houston Astros,2,Garrett Mitchell,669003,confirmed,Milwaukee Brewers,Tatsuya Imai,0.18,1.32,38.0,34.0,8.0,89.0,14.0,0.1,1.04,1.0,0.65,,,,47.53,R,L,4-6
2026-05-31,2026-05-31T18:10:00+00:00,2026-05-31T14:10:00-04:00,2:10 PM,Milwaukee Brewers vs Houston Astros,3,Brice Turang,668930,confirmed,Milwaukee Brewers,Tatsuya Imai,0.18,1.32,38.0,34.0,8.0,89.0,14.0,0.1,1.04,1.0,0.65,,,,47.53,R,L,4-6
2026-05-31,2026-05-31T18:10:00+00:00,2026-05-31T14:10:00-04:00,2:10 PM,Milwaukee Brewers vs Houston Astros,4,Andrew Vaughn,683734,confirmed,Milwaukee Brewers,Tatsuya Imai,0.18,1.32,38.0,34.0,8.0,89.0,14.0,0.1,1.04,1.0,0.65,,,,47.53,R,L,4-6
2026-05-31,2026-05-31T18:10:00+00:00,2026-05-31T14:10:00-04:00,2:10 PM,Milwaukee Brewers vs Houston Astros,4,Blake Perkins,663368,confirmed,Milwaukee Brewers,Tatsuya Imai,0.18,1.32,38.0,34.0,8.0,89.0,14.0,0.1,1.04,1.0,0.65,,,,47.53,R,L,4-6
2026-05-31,2026-05-31T18:10:00+00:00,2026-05-31T14:10:00-04:00,2:10 PM,Milwaukee Brewers vs Houston Astros,5,Jake Bauers,641343,confirmed,Milwaukee Brewers,Tatsuya Imai,0.18,1.32,38.0,34.0,8.0,89.0,14.0,0.1,1.04,1.0,0.65,,,,47.53,R,L,4-6
2026-05-31,2026-05-31T18:10:00+00:00,2026-05-31T14:10:00-04:00,2:10 PM,Milwaukee Brewers vs Houston Astros,6,Gary Sánchez,596142,confirmed,Milwaukee Brewers,Tatsuya Imai,,,,,,,,,1.04,1.0,,,,,47.53,,L,4-6
2026-05-31,2026-05-31T18:10:00+00:00,2026-05-31T14:10:00-04:00,2:10 PM,Milwaukee Brewers vs Houston Astros,7,Sal Frelick,686217,confirmed,Milwaukee Brewers,Tatsuya Imai,0.18,1.32,38.0,34.0,8.0,89.0,14.0,0.1,1.04,1.0,0.65,,,,47.53,R,L,4-6
2026-05-31,2026-05-31T18:10:00+00:00,2026-05-31T14:10:00-04:00,2:10 PM,Milwaukee Brewers vs Houston Astros,8,David Hamilton,666152,confirmed,Milwaukee Brewers,Tatsuya Imai,0.18,1.32,38.0,34.0,8.0,89.0,14.0,0.1,1.04,1.0,0.65,,,,47.53,R,L,4-6
2026-05-31,2026-05-31T18:35:00+00:00,2026-05-31T14:35:00-04:00,2:35 PM,Kansas City Royals vs Texas Rangers,1,Carter Jensen,695600,confirmed,Kansas City Royals,Jack Leiter,0.18,1.24,38.0,34.0,8.0,89.0,14.0,0.1,1.0,1.0,0.65,,319.0,,45.55,R,L,4-6
2026-05-31,2026-05-31T18:35:00+00:00,2026-05-31T14:35:00-04:00,2:35 PM,Kansas City Royals vs Texas Rangers,1,Starling Marte,516782,confirmed,Kansas City Royals,Jack Leiter,0.18,1.24,38.0,34.0,8.0,89.0,14.0,0.1,1.0,1.0,0.65,,,,45.55,R,L,4-6
2026-05-31,2026-05-31T18:35:00+00:00,2026-05-31T14:35:00-04:00,2:35 PM,Kansas City Royals vs Texas Rangers,2,Bobby Witt Jr.,677951,confirmed,Kansas City Royals,Jack Leiter,,,,,,,,,1.0,1.0,,,382.0,,45.55,,L,4-6
2026-05-31,2026-05-31T18:35:00+00:00,2026-05-31T14:35:00-04:00,2:35 PM,Kansas City Royals vs Texas Rangers,3,Vinnie Pasquantino,686469,confirmed,Kansas City Royals,Jack Leiter,0.18,1.24,38.0,34.0,8.0,89.0,14.0,0.1,1.0,1.0,0.65,,328.0,,45.55,R,L,4-6
2026-05-31,2026-05-31T18:35:00+00:00,2026-05-31T14:35:00-04:00,2:35 PM,Kansas City Royals vs Texas Rangers,4,Salvador Perez,521692,confirmed,Kansas City Royals,Jack Leiter,0.18,1.24,38.0,34.0,8.0,89.0,14.0,0.1,1.0,1.0,0.65,,412.0,,45.55,R,L,4-6
2026-05-31,2026-05-31T18:35:00+00:00,2026-05-31T14:35:00-04:00,2:35 PM,Kansas City Royals vs Texas Rangers,5,Jac Caglianone,695506,confirmed,Kansas City Royals,Jack Leiter,0.18,1.24,38.0,34.0,8.0,89.0,14.0,0.1,1.0,1.0,0.65,,401.0,,45.55,R,L,4-6
2026-05-31,2026-05-31T18:35:00+00:00,2026-05-31T14:35:00-04:00,2:35 PM,Kansas City Royals vs Texas Rangers,6,Isaac Collins,686555,confirmed,Kansas City Royals,Jack Leiter,0.18,1.24,38.0,34.0,8.0,89.0,14.0,0.1,1.0,1.0,0.65,,730.0,,45.55,R,L,4-6
2026-05-31,2026-05-31T18:35:00+00:00,2026-05-31T14:35:00-04:00,2:35 PM,Kansas City Royals vs Texas Rangers,7,Michael Massey,686681,confirmed,Kansas City Royals,Jack Leiter,0.18,1.24,38.0,34.0,8.0,89.0,14.0,0.1,1.0,1.0,0.65,,760.0,,45.55,R,L,4-6
2026-05-31,2026-05-31T18:35:00+00:00,2026-05-31T14:35:00-04:00,2:35 PM,Kansas City Royals vs Texas Rangers,8,Nick Loftin,679845,confirmed,Kansas City Royals,Jack Leiter,0.18,1.24,38.0,34.0,8.0,89.0,14.0,0.1,1.0,1.0,0.65,,920.0,,45.55,R,L,4-6
2026-05-31,2026-05-31T18:35:00+00:00,2026-05-31T14:35:00-04:00,2:35 PM,Kansas City Royals vs Texas Rangers,1,Joc Pederson,592626,confirmed,Texas Rangers,Michael Wacha,0.18,0.95,38.0,34.0,8.0,89.0,14.0,0.1,1.06,1.05,0.65,390.0,457.0,,39.05,R,L,7-9
2026-05-31,2026-05-31T18:35:00+00:00,2026-05-31T14:35:00-04:00,2:35 PM,Kansas City Royals vs Texas Rangers,2,Josh Jung,673962,confirmed,Texas Rangers,Michael Wacha,0.18,0.95,38.0,34.0,8.0,89.0,14.0,0.1,1.06,1.05,0.65,760.0,780.0,,39.05,R,L,7-9
2026-05-31,2026-05-31T18:35:00+00:00,2026-05-31T14:35:00-04:00,2:35 PM,Kansas City Royals vs Texas Rangers,3,Brandon Nimmo,607043,confirmed,Texas Rangers,Michael Wacha,0.18,0.95,38.0,34.0,8.0,89.0,14.0,0.1,1.06,1.05,0.65,470.0,583.0,,39.05,R,L,7-9
2026-05-31,2026-05-31T18:35:00+00:00,2026-05-31T14:35:00-04:00,2:35 PM,Kansas City Royals vs Texas Rangers,4,Jake Burger,669394,confirmed,Texas Rangers,Michael Wacha,0.18,0.95,38.0,34.0,8.0,89.0,14.0,0.1,1.06,1.05,0.65,490.0,539.0,,39.05,R,L,7-9
2026-05-31,2026-05-31T18:35:00+00:00,2026-05-31T14:35:00-04:00,2:35 PM,Kansas City Royals vs Texas Rangers,5,Ezequiel Duran,677649,confirmed,Texas Rangers,Michael Wacha,0.18,0.95,38.0,34.0,8.0,89.0,14.0,0.1,1.06,1.05,0.65,820.0,860.0,,39.05,R,L,7-9
2026-05-31,2026-05-31T18:35:00+00:00,2026-05-31T14:35:00-04:00,2:35 PM,Kansas City Royals vs Texas Rangers,6,Alejandro Osuna,696030,confirmed,Texas Rangers,Michael Wacha,0.18,0.95,38.0,34.0,8.0,89.0,14.0,0.1,1.06,1.05,0.65,1120.0,1180.0,,39.05,R,L,7-9
2026-05-31,2026-05-31T18:35:00+00:00,2026-05-31T14:35:00-04:00,2:35 PM,Kansas City Royals vs Texas Rangers,7,Kyle Higashioka,543309,confirmed,Texas Rangers,Michael Wacha,0.18,0.95,38.0,34.0,8.0,89.0,14.0,0.1,1.06,1.05,0.65,,,,39.05,R,L,7-9
2026-05-31,2026-05-31T18:35:00+00:00,2026-05-31T14:35:00-04:00,2:35 PM,Kansas City Royals vs Texas Rangers,8,Nicky Lopez,670032,confirmed,Texas Rangers,Michael Wacha,0.18,0.95,38.0,34.0,8.0,89.0,14.0,0.1,1.06,1.05,0.65,,,,39.05,R,L,7-9
2026-05-31,2026-05-31T18:35:00+00:00,2026-05-31T14:35:00-04:00,2:35 PM,Kansas City Royals vs Texas Rangers,9,Michael Helman,680737,confirmed,Texas Rangers,Michael Wacha,,,,,,,,,1.06,1.05,,980.0,,,39.05,,L,7-9
2026-05-31,2026-05-31T19:10:00+00:00,2026-05-31T15:10:00-04:00,3:10 PM,San Francisco Giants vs Colorado Rockies,1,Willi Castro,650489,confirmed,Colorado Rockies,Robbie Ray,0.16,2.25,38.0,34.0,8.0,89.0,14.0,0.1,1.2,1.05,0.65,,,,55.19,R,R,4-6
2026-05-31,2026-05-31T19:10:00+00:00,2026-05-31T15:10:00-04:00,3:10 PM,San Francisco Giants vs Colorado Rockies,2,Tyler Freeman,671289,confirmed,Colorado Rockies,Robbie Ray,0.16,2.25,38.0,34.0,8.0,89.0,14.0,0.1,1.2,1.05,0.65,,,,55.19,R,R,4-6
2026-05-31,2026-05-31T19:10:00+00:00,2026-05-31T15:10:00-04:00,3:10 PM,San Francisco Giants vs Colorado Rockies,3,Troy Johnston,687859,confirmed,Colorado Rockies,Robbie Ray,0.16,2.25,38.0,34.0,8.0,89.0,14.0,0.1,1.2,1.05,0.65,,,,55.19,R,R,4-6
2026-05-31,2026-05-31T19:10:00+00:00,2026-05-31T15:10:00-04:00,3:10 PM,San Francisco Giants vs Colorado Rockies,4,Hunter Goodman,696100,confirmed,Colorado Rockies,Robbie Ray,0.16,2.25,38.0,34.0,8.0,89.0,14.0,0.1,1.2,1.05,0.65,,,,55.19,R,R,4-6
2026-05-31,2026-05-31T19:10:00+00:00,2026-05-31T15:10:00-04:00,3:10 PM,San Francisco Giants vs Colorado Rockies,4,Brett Sullivan,664954,confirmed,Colorado Rockies,Robbie Ray,0.16,2.25,38.0,34.0,8.0,89.0,14.0,0.1,1.2,1.05,0.65,,,,55.19,R,R,4-6
2026-05-31,2026-05-31T19:10:00+00:00,2026-05-31T15:10:00-04:00,3:10 PM,San Francisco Giants vs Colorado Rockies,5,Ezequiel Tovar,678662,confirmed,Colorado Rockies,Robbie Ray,0.16,2.25,38.0,34.0,8.0,89.0,14.0,0.1,1.2,1.05,0.65,,,,55.19,R,R,4-6
2026-05-31,2026-05-31T19:10:00+00:00,2026-05-31T15:10:00-04:00,3:10 PM,San Francisco Giants vs Colorado Rockies,5,Edouard Julien,666397,confirmed,Colorado Rockies,Robbie Ray,0.16,2.25,38.0,34.0,8.0,89.0,14.0,0.1,1.2,1.05,0.65,,,,55.19,R,R,4-6
2026-05-31,2026-05-31T19:10:00+00:00,2026-05-31T15:10:00-04:00,3:10 PM,San Francisco Giants vs Colorado Rockies,6,Kyle Karros,691720,confirmed,Colorado Rockies,Robbie Ray,0.16,2.25,38.0,34.0,8.0,89.0,14.0,0.1,1.2,1.05,0.65,,,,55.19,R,R,4-6
2026-05-31,2026-05-31T19:10:00+00:00,2026-05-31T15:10:00-04:00,3:10 PM,San Francisco Giants vs Colorado Rockies,7,Jake McCarthy,664983,confirmed,Colorado Rockies,Robbie Ray,0.16,2.25,38.0,34.0,8.0,89.0,14.0,0.1,1.2,1.05,0.65,,,,55.19,R,R,4-6
2026-05-31,2026-05-31T19:10:00+00:00,2026-05-31T15:10:00-04:00,3:10 PM,San Francisco Giants vs Colorado Rockies,1,Casey Schmitt,669477,confirmed,San Francisco Giants,Tanner Gordon,0.18,1.55,38.0,34.0,8.0,89.0,14.0,0.1,1.0,1.0,0.65,,,,51.48,R,L,4-6
2026-05-31,2026-05-31T19:10:00+00:00,2026-05-31T15:10:00-04:00,3:10 PM,San Francisco Giants vs Colorado Rockies,1,Jonah Cox,813841,confirmed,San Francisco Giants,Tanner Gordon,,,,,,,,,1.0,1.0,,,,,51.48,,L,4-6
2026-05-31,2026-05-31T19:10:00+00:00,2026-05-31T15:10:00-04:00,3:10 PM,San Francisco Giants vs Colorado Rockies,2,Rafael Devers,646240,confirmed,San Francisco Giants,Tanner Gordon,0.18,1.55,38.0,34.0,8.0,89.0,14.0,0.1,1.0,1.0,0.65,,,,51.48,R,L,4-6
2026-05-31,2026-05-31T19:10:00+00:00,2026-05-31T15:10:00-04:00,3:10 PM,San Francisco Giants vs Colorado Rockies,3,Luis Arraez,650333,confirmed,San Francisco Giants,Tanner Gordon,0.18,1.55,38.0,34.0,8.0,89.0,14.0,0.1,1.0,1.0,0.65,,,,51.48,R,L,4-6
2026-05-31,2026-05-31T19:10:00+00:00,2026-05-31T15:10:00-04:00,3:10 PM,San Francisco Giants vs Colorado Rockies,4,Willy Adames,642715,confirmed,San Francisco Giants,Tanner Gordon,0.18,1.55,38.0,34.0,8.0,89.0,14.0,0.1,1.0,1.0,0.65,,,,51.48,R,L,4-6
2026-05-31,2026-05-31T19:10:00+00:00,2026-05-31T15:10:00-04:00,3:10 PM,San Francisco Giants vs Colorado Rockies,5,Jung Hoo Lee,808982,confirmed,San Francisco Giants,Tanner Gordon,0.18,1.55,38.0,34.0,8.0,89.0,14.0,0.1,1.0,1.0,0.65,,,,51.48,R,L,4-6
2026-05-31,2026-05-31T19:10:00+00:00,2026-05-31T15:10:00-04:00,3:10 PM,San Francisco Giants vs Colorado Rockies,5,Victor Bericoto,682674,confirmed,San Francisco Giants,Tanner Gordon,,,,,,,,,1.0,1.0,,,,,51.48,,L,4-6
2026-05-31,2026-05-31T19:10:00+00:00,2026-05-31T15:10:00-04:00,3:10 PM,San Francisco Giants vs Colorado Rockies,6,Matt Chapman,656305,confirmed,San Francisco Giants,Tanner Gordon,0.18,1.55,38.0,34.0,8.0,89.0,14.0,0.1,1.0,1.0,0.65,,,,51.48,R,L,4-6
2026-05-31,2026-05-31T19:10:00+00:00,2026-05-31T15:10:00-04:00,3:10 PM,San Francisco Giants vs Colorado Rockies,7,Bryce Eldridge,805811,confirmed,San Francisco Giants,Tanner Gordon,0.18,1.55,38.0,34.0,8.0,89.0,14.0,0.1,1.0,1.0,0.65,,,,51.48,R,L,4-6
2026-05-31,2026-05-31T20:05:00+00:00,2026-05-31T16:05:00-04:00,4:05 PM,New York Yankees vs Athletics,1,Carlos Cortes,666126,confirmed,Athletics,Will Warren,,,,,,,,,1.0,1.0,,,,,40.58,,L,7-9
2026-05-31,2026-05-31T20:05:00+00:00,2026-05-31T16:05:00-04:00,4:05 PM,New York Yankees vs Athletics,2,Brent Rooker,667670,confirmed,Athletics,Will Warren,0.26,0.99,47.0,42.0,14.0,92.5,18.0,0.22,1.0,1.0,0.78,,,,40.58,R,L,7-9
2026-05-31,2026-05-31T20:05:00+00:00,2026-05-31T16:05:00-04:00,4:05 PM,New York Yankees vs Athletics,3,Nick Kurtz,701762,confirmed,Athletics,Will Warren,0.18,0.99,38.0,34.0,8.0,89.0,14.0,0.1,1.0,1.0,0.65,,,,40.58,R,L,7-9
2026-05-31,2026-05-31T20:05:00+00:00,2026-05-31T16:05:00-04:00,4:05 PM,New York Yankees vs Athletics,4,Tyler Soderstrom,691016,confirmed,Athletics,Will Warren,0.18,0.99,38.0,34.0,8.0,89.0,14.0,0.1,1.0,1.0,0.65,,,,40.58,R,L,7-9
2026-05-31,2026-05-31T20:05:00+00:00,2026-05-31T16:05:00-04:00,4:05 PM,New York Yankees vs Athletics,4,Henry Bolte,703607,confirmed,Athletics,Will Warren,0.18,0.99,38.0,34.0,8.0,89.0,14.0,0.1,1.0,1.0,0.65,,,,40.58,R,L,7-9
2026-05-31,2026-05-31T20:05:00+00:00,2026-05-31T16:05:00-04:00,4:05 PM,New York Yankees vs Athletics,5,Jonah Heim,641680,confirmed,Athletics,Will Warren,0.18,0.99,38.0,34.0,8.0,89.0,14.0,0.1,1.0,1.0,0.65,,,,40.58,R,L,7-9
2026-05-31,2026-05-31T20:05:00+00:00,2026-05-31T16:05:00-04:00,4:05 PM,New York Yankees vs Athletics,6,Lawrence Butler,671732,confirmed,Athletics,Will Warren,0.18,0.99,38.0,34.0,8.0,89.0,14.0,0.1,1.0,1.0,0.65,,,,40.58,R,L,7-9
2026-05-31,2026-05-31T20:05:00+00:00,2026-05-31T16:05:00-04:00,4:05 PM,New York Yankees vs Athletics,7,Zack Gelof,680869,confirmed,Athletics,Will Warren,0.18,0.99,38.0,34.0,8.0,89.0,14.0,0.1,1.0,1.0,0.65,,,,40.58,R,L,7-9
2026-05-31,2026-05-31T20:05:00+00:00,2026-05-31T16:05:00-04:00,4:05 PM,New York Yankees vs Athletics,8,Jeff McNeil,643446,confirmed,Athletics,Will Warren,0.18,0.99,38.0,34.0,8.0,89.0,14.0,0.1,1.0,1.0,0.65,,,,40.58,R,L,7-9
2026-05-31,2026-05-31T20:05:00+00:00,2026-05-31T16:05:00-04:00,4:05 PM,New York Yankees vs Athletics,1,Paul Goldschmidt,502671,confirmed,New York Yankees,Jacob Lopez,0.16,2.3,38.0,34.0,8.0,89.0,14.0,0.1,1.1,1.0,0.65,,,,56.92,R,R,4-6
2026-05-31,2026-05-31T20:05:00+00:00,2026-05-31T16:05:00-04:00,4:05 PM,New York Yankees vs Athletics,2,Ben Rice,700250,confirmed,New York Yankees,Jacob Lopez,0.16,2.3,38.0,34.0,8.0,89.0,14.0,0.1,1.1,1.0,0.65,,,,56.92,R,R,4-6
2026-05-31,2026-05-31T20:05:00+00:00,2026-05-31T16:05:00-04:00,4:05 PM,New York Yankees vs Athletics,3,Aaron Judge,592450,confirmed,New York Yankees,Jacob Lopez,0.3,2.3,55.0,48.0,24.1,96.8,21.4,0.42,1.1,1.0,0.95,,,,56.92,R,R,4-6
2026-05-31,2026-05-31T20:05:00+00:00,2026-05-31T16:05:00-04:00,4:05 PM,New York Yankees vs Athletics,3,Ryan McMahon,641857,confirmed,New York Yankees,Jacob Lopez,0.16,2.3,38.0,34.0,8.0,89.0,14.0,0.1,1.1,1.0,0.65,,,,56.92,R,R,4-6
2026-05-31,2026-05-31T20:05:00+00:00,2026-05-31T16:05:00-04:00,4:05 PM,New York Yankees vs Athletics,4,Cody Bellinger,641355,confirmed,New York Yankees,Jacob Lopez,0.16,2.3,38.0,34.0,8.0,89.0,14.0,0.1,1.1,1.0,0.65,,,,56.92,R,R,4-6
2026-05-31,2026-05-31T20:05:00+00:00,2026-05-31T16:05:00-04:00,4:05 PM,New York Yankees vs Athletics,5,José Caballero,676609,confirmed,New York Yankees,Jacob Lopez,,,,,,,,,1.1,1.0,,,,,56.92,,R,4-6
2026-05-31,2026-05-31T20:05:00+00:00,2026-05-31T16:05:00-04:00,4:05 PM,New York Yankees vs Athletics,6,Trent Grisham,663757,confirmed,New York Yankees,Jacob Lopez,0.16,2.3,38.0,34.0,8.0,89.0,14.0,0.1,1.1,1.0,0.65,,,,56.92,R,R,4-6
2026-05-31,2026-05-31T20:05:00+00:00,2026-05-31T16:05:00-04:00,4:05 PM,New York Yankees vs Athletics,7,Anthony Volpe,683011,confirmed,New York Yankees,Jacob Lopez,0.16,2.3,38.0,34.0,8.0,89.0,14.0,0.1,1.1,1.0,0.65,,,,56.92,R,R,4-6
2026-05-31,2026-05-31T20:05:00+00:00,2026-05-31T16:05:00-04:00,4:05 PM,New York Yankees vs Athletics,8,Max Schuemann,680474,confirmed,New York Yankees,Jacob Lopez,0.16,2.3,38.0,34.0,8.0,89.0,14.0,0.1,1.1,1.0,0.65,,,,56.92,R,R,4-6
2026-05-31,2026-05-31T20:10:00+00:00,2026-05-31T16:10:00-04:00,4:10 PM,Arizona Diamondbacks vs Seattle Mariners,1,Ketel Marte,606466,confirmed,Arizona Diamondbacks,Bryce Miller,0.18,1.03,38.0,34.0,8.0,89.0,14.0,0.1,1.0,1.0,0.65,370.0,366.0,,39.99,R,L,7-9
2026-05-31,2026-05-31T20:10:00+00:00,2026-05-31T16:10:00-04:00,4:10 PM,Arizona Diamondbacks vs Seattle Mariners,2,Corbin Carroll,682998,confirmed,Arizona Diamondbacks,Bryce Miller,0.18,1.03,38.0,34.0,8.0,89.0,14.0,0.1,1.0,1.0,0.65,470.0,437.0,,39.99,R,L,7-9
2026-05-31,2026-05-31T20:10:00+00:00,2026-05-31T16:10:00-04:00,4:10 PM,Arizona Diamondbacks vs Seattle Mariners,3,Geraldo Perdomo,672695,confirmed,Arizona Diamondbacks,Bryce Miller,0.18,1.03,38.0,34.0,8.0,89.0,14.0,0.1,1.0,1.0,0.65,980.0,980.0,,39.99,R,L,7-9
2026-05-31,2026-05-31T20:10:00+00:00,2026-05-31T16:10:00-04:00,4:10 PM,Arizona Diamondbacks vs Seattle Mariners,4,Nolan Arenado,571448,confirmed,Arizona Diamondbacks,Bryce Miller,0.18,1.03,38.0,34.0,8.0,89.0,14.0,0.1,1.0,1.0,0.65,630.0,610.0,,39.99,R,L,7-9
2026-05-31,2026-05-31T20:10:00+00:00,2026-05-31T16:10:00-04:00,4:10 PM,Arizona Diamondbacks vs Seattle Mariners,5,Ryan Waldschmidt,814439,confirmed,Arizona Diamondbacks,Bryce Miller,0.18,1.03,38.0,34.0,8.0,89.0,14.0,0.1,1.0,1.0,0.65,,,,39.99,R,L,7-9
2026-05-31,2026-05-31T20:10:00+00:00,2026-05-31T16:10:00-04:00,4:10 PM,Arizona Diamondbacks vs Seattle Mariners,6,Ildemaro Vargas,545121,confirmed,Arizona Diamondbacks,Bryce Miller,0.18,1.03,38.0,34.0,8.0,89.0,14.0,0.1,1.0,1.0,0.65,,,,39.99,R,L,7-9
2026-05-31,2026-05-31T20:10:00+00:00,2026-05-31T16:10:00-04:00,4:10 PM,Arizona Diamondbacks vs Seattle Mariners,7,Jose Fernandez,699912,confirmed,Arizona Diamondbacks,Bryce Miller,0.18,1.03,38.0,34.0,8.0,89.0,14.0,0.1,1.0,1.0,0.65,,,,39.99,R,L,7-9
2026-05-31,2026-05-31T20:10:00+00:00,2026-05-31T16:10:00-04:00,4:10 PM,Arizona Diamondbacks vs Seattle Mariners,8,Aramis Garcia,605244,confirmed,Arizona Diamondbacks,Bryce Miller,0.18,1.03,38.0,34.0,8.0,89.0,14.0,0.1,1.0,1.0,0.65,,,,39.99,R,L,7-9
2026-05-31,2026-05-31T20:10:00+00:00,2026-05-31T16:10:00-04:00,4:10 PM,Arizona Diamondbacks vs Seattle Mariners,8,Gabriel Moreno,672515,confirmed,Arizona Diamondbacks,Bryce Miller,0.18,1.03,38.0,34.0,8.0,89.0,14.0,0.1,1.0,1.0,0.65,790.0,760.0,,39.99,R,L,7-9
2026-05-31,2026-05-31T20:10:00+00:00,2026-05-31T16:10:00-04:00,4:10 PM,Arizona Diamondbacks vs Seattle Mariners,1,J.P. Crawford,641487,confirmed,Seattle Mariners,Merrill Kelly,,,,,,,,,1.0,1.0,,710.0,,,48.37,,L,4-6
2026-05-31,2026-05-31T20:10:00+00:00,2026-05-31T16:10:00-04:00,4:10 PM,Arizona Diamondbacks vs Seattle Mariners,2,Julio Rodríguez,677594,confirmed,Seattle Mariners,Merrill Kelly,,,,,,,,,1.0,1.0,,490.0,,,48.37,,L,4-6
2026-05-31,2026-05-31T20:10:00+00:00,2026-05-31T16:10:00-04:00,4:10 PM,Arizona Diamondbacks vs Seattle Mariners,3,Josh Naylor,647304,confirmed,Seattle Mariners,Merrill Kelly,0.18,1.38,38.0,34.0,8.0,89.0,14.0,0.1,1.0,1.0,0.65,610.0,,,48.37,R,L,4-6
2026-05-31,2026-05-31T20:10:00+00:00,2026-05-31T16:10:00-04:00,4:10 PM,Arizona Diamondbacks vs Seattle Mariners,4,Randy Arozarena,668227,confirmed,Seattle Mariners,Merrill Kelly,0.18,1.38,38.0,34.0,8.0,89.0,14.0,0.1,1.0,1.0,0.65,710.0,,,48.37,R,L,4-6
2026-05-31,2026-05-31T20:10:00+00:00,2026-05-31T16:10:00-04:00,4:10 PM,Arizona Diamondbacks vs Seattle Mariners,5,Luke Raley,670042,confirmed,Seattle Mariners,Merrill Kelly,0.18,1.38,38.0,34.0,8.0,89.0,14.0,0.1,1.0,1.0,0.65,470.0,,,48.37,R,L,4-6
2026-05-31,2026-05-31T20:10:00+00:00,2026-05-31T16:10:00-04:00,4:10 PM,Arizona Diamondbacks vs Seattle Mariners,6,Cole Young,702284,confirmed,Seattle Mariners,Merrill Kelly,0.18,1.38,38.0,34.0,8.0,89.0,14.0,0.1,1.0,1.0,0.65,1120.0,,,48.37,R,L,4-6
2026-05-31,2026-05-31T20:10:00+00:00,2026-05-31T16:10:00-04:00,4:10 PM,Arizona Diamondbacks vs Seattle Mariners,7,Dominic Canzone,686527,confirmed,Seattle Mariners,Merrill Kelly,0.18,1.38,38.0,34.0,8.0,89.0,14.0,0.1,1.0,1.0,0.65,490.0,,,48.37,R,L,4-6
2026-05-31,2026-05-31T20:10:00+00:00,2026-05-31T16:10:00-04:00,4:10 PM,Arizona Diamondbacks vs Seattle Mariners,7,Victor Robles,645302,confirmed,Seattle Mariners,Merrill Kelly,,,,,,,,,1.0,1.0,,,,,48.37,,L,4-6
2026-05-31,2026-05-31T20:10:00+00:00,2026-05-31T16:10:00-04:00,4:10 PM,Arizona Diamondbacks vs Seattle Mariners,8,Jhonny Pereda,640902,confirmed,Seattle Mariners,Merrill Kelly,0.18,1.38,38.0,34.0,8.0,89.0,14.0,0.1,1.0,1.0,0.65,1200.0,,,48.37,R,L,4-6
2026-05-31,2026-05-31T20:10:00+00:00,2026-05-31T16:10:00-04:00,4:10 PM,Philadelphia Phillies vs Los Angeles Dodgers,1,Shohei Ohtani,660271,confirmed,Los Angeles Dodgers,Andrew Painter,0.33,1.41,54.0,46.0,22.5,95.6,20.8,0.39,1.15,1.05,0.94,350.0,355.0,,44.79,L,L,4-6
2026-05-31,2026-05-31T20:10:00+00:00,2026-05-31T16:10:00-04:00,4:10 PM,Philadelphia Phillies vs Los Angeles Dodgers,2,Andy Pages,681624,confirmed,Los Angeles Dodgers,Andrew Painter,0.18,1.16,38.0,34.0,8.0,89.0,14.0,0.1,1.15,1.05,0.65,520.0,529.0,,44.79,R,L,4-6
2026-05-31,2026-05-31T20:10:00+00:00,2026-05-31T16:10:00-04:00,4:10 PM,Philadelphia Phillies vs Los Angeles Dodgers,3,Freddie Freeman,518692,confirmed,Los Angeles Dodgers,Andrew Painter,0.18,1.16,38.0,34.0,8.0,89.0,14.0,0.1,1.15,1.05,0.65,610.0,595.0,,44.79,R,L,4-6
2026-05-31,2026-05-31T20:10:00+00:00,2026-05-31T16:10:00-04:00,4:10 PM,Philadelphia Phillies vs Los Angeles Dodgers,3,Santiago Espinal,669289,confirmed,Los Angeles Dodgers,Andrew Painter,,,,,,,,,1.15,1.05,,,,,44.79,,L,4-6
2026-05-31,2026-05-31T20:10:00+00:00,2026-05-31T16:10:00-04:00,4:10 PM,Philadelphia Phillies vs Los Angeles Dodgers,4,Mookie Betts,605141,confirmed,Los Angeles Dodgers,Andrew Painter,0.26,1.16,47.0,42.0,14.0,92.5,18.0,0.22,1.15,1.05,0.78,610.0,630.0,,44.79,R,L,4-6
2026-05-31,2026-05-31T20:10:00+00:00,2026-05-31T16:10:00-04:00,4:10 PM,Philadelphia Phillies vs Los Angeles Dodgers,5,Kyle Tucker,663656,confirmed,Los Angeles Dodgers,Andrew Painter,0.18,1.16,38.0,34.0,8.0,89.0,14.0,0.1,1.15,1.05,0.65,710.0,690.0,,44.79,R,L,4-6
2026-05-31,2026-05-31T20:10:00+00:00,2026-05-31T16:10:00-04:00,4:10 PM,Philadelphia Phillies vs Los Angeles Dodgers,6,Max Muncy,571970,confirmed,Los Angeles Dodgers,Andrew Painter,0.18,1.16,38.0,34.0,8.0,89.0,14.0,0.1,1.15,1.05,0.65,440.0,,,44.79,R,L,4-6
2026-05-31,2026-05-31T20:10:00+00:00,2026-05-31T16:10:00-04:00,4:10 PM,Philadelphia Phillies vs Los Angeles Dodgers,7,Ryan Ward,669899,confirmed,Los Angeles Dodgers,Andrew Painter,,,,,,,,,1.15,1.05,,,,,44.79,,L,4-6
2026-05-31,2026-05-31T20:10:00+00:00,2026-05-31T16:10:00-04:00,4:10 PM,Philadelphia Phillies vs Los Angeles Dodgers,7,Alex Call,669743,confirmed,Los Angeles Dodgers,Andrew Painter,0.18,1.16,38.0,34.0,8.0,89.0,14.0,0.1,1.15,1.05,0.65,1300.0,1240.0,,44.79,R,L,4-6
2026-05-31,2026-05-31T20:10:00+00:00,2026-05-31T16:10:00-04:00,4:10 PM,Philadelphia Phillies vs Los Angeles Dodgers,1,Kyle Schwarber,656941,confirmed,Philadelphia Phillies,Yoshinobu Yamamoto,0.32,1.42,51.0,49.0,18.4,93.8,22.1,0.33,1.08,1.05,0.91,,,,42.91,L,L,4-6
2026-05-31,2026-05-31T20:10:00+00:00,2026-05-31T16:10:00-04:00,4:10 PM,Philadelphia Phillies vs Los Angeles Dodgers,2,Trea Turner,607208,confirmed,Philadelphia Phillies,Yoshinobu Yamamoto,0.18,1.17,38.0,34.0,8.0,89.0,14.0,0.1,1.08,1.05,0.65,,,,42.91,R,L,4-6
2026-05-31,2026-05-31T20:10:00+00:00,2026-05-31T16:10:00-04:00,4:10 PM,Philadelphia Phillies vs Los Angeles Dodgers,2,Garrett Stubbs,596117,confirmed,Philadelphia Phillies,Yoshinobu Yamamoto,0.18,1.17,38.0,34.0,8.0,89.0,14.0,0.1,1.08,1.05,0.65,,,,42.91,R,L,4-6
2026-05-31,2026-05-31T20:10:00+00:00,2026-05-31T16:10:00-04:00,4:10 PM,Philadelphia Phillies vs Los Angeles Dodgers,3,Bryce Harper,547180,confirmed,Philadelphia Phillies,Yoshinobu Yamamoto,0.29,1.42,50.0,43.0,15.9,92.9,18.6,0.28,1.08,1.05,0.89,,,,42.91,L,L,4-6
2026-05-31,2026-05-31T20:10:00+00:00,2026-05-31T16:10:00-04:00,4:10 PM,Philadelphia Phillies vs Los Angeles Dodgers,3,Edmundo Sosa,624641,confirmed,Philadelphia Phillies,Yoshinobu Yamamoto,0.18,1.17,38.0,34.0,8.0,89.0,14.0,0.1,1.08,1.05,0.65,,,,42.91,R,L,4-6
2026-05-31,2026-05-31T20:10:00+00:00,2026-05-31T16:10:00-04:00,4:10 PM,Philadelphia Phillies vs Los Angeles Dodgers,4,Brandon Marsh,669016,confirmed,Philadelphia Phillies,Yoshinobu Yamamoto,0.18,1.17,38.0,34.0,8.0,89.0,14.0,0.1,1.08,1.05,0.65,,,,42.91,R,L,4-6
2026-05-31,2026-05-31T20:10:00+00:00,2026-05-31T16:10:00-04:00,4:10 PM,Philadelphia Phillies vs Los Angeles Dodgers,5,Alec Bohm,664761,confirmed,Philadelphia Phillies,Yoshinobu Yamamoto,0.18,1.17,38.0,34.0,8.0,89.0,14.0,0.1,1.08,1.05,0.65,,,,42.91,R,L,4-6
2026-05-31,2026-05-31T20:10:00+00:00,2026-05-31T16:10:00-04:00,4:10 PM,Philadelphia Phillies vs Los Angeles Dodgers,6,Bryson Stott,681082,confirmed,Philadelphia Phillies,Yoshinobu Yamamoto,0.18,1.17,38.0,34.0,8.0,89.0,14.0,0.1,1.08,1.05,0.65,,,,42.91,R,L,4-6
2026-05-31,2026-05-31T20:10:00+00:00,2026-05-31T16:10:00-04:00,4:10 PM,Philadelphia Phillies vs Los Angeles Dodgers,7,J.T. Realmuto,592663,confirmed,Philadelphia Phillies,Yoshinobu Yamamoto,,,,,,,,,1.08,1.05,,,,,42.91,,L,4-6
2026-05-31,2026-05-31T23:20:00+00:00,2026-05-31T19:20:00-04:00,7:20 PM,Chicago Cubs vs St. Louis Cardinals,1,Nico Hoerner,663538,confirmed,Chicago Cubs,Matthew Liberatore,0.16,1.79,38.0,34.0,8.0,89.0,14.0,0.1,1.0,1.0,0.65,5500.0,3000.0,,49.33,R,R,4-6
2026-05-31,2026-05-31T23:20:00+00:00,2026-05-31T19:20:00-04:00,7:20 PM,Chicago Cubs vs St. Louis Cardinals,2,Pete Crow-Armstrong,691718,confirmed,Chicago Cubs,Matthew Liberatore,0.16,1.79,38.0,34.0,8.0,89.0,14.0,0.1,1.0,1.0,0.65,2200.0,1400.0,,49.33,R,R,4-6
2026-05-31,2026-05-31T23:20:00+00:00,2026-05-31T19:20:00-04:00,7:20 PM,Chicago Cubs vs St. Louis Cardinals,3,Alex Bregman,608324,confirmed,Chicago Cubs,Matthew Liberatore,0.16,1.79,38.0,34.0,8.0,89.0,14.0,0.1,1.0,1.0,0.65,2000.0,,,49.33,R,R,4-6
2026-05-31,2026-05-31T23:20:00+00:00,2026-05-31T19:20:00-04:00,7:20 PM,Chicago Cubs vs St. Louis Cardinals,4,Seiya Suzuki,673548,confirmed,Chicago Cubs,Matthew Liberatore,0.16,1.79,38.0,34.0,8.0,89.0,14.0,0.1,1.0,1.0,0.65,2500.0,2000.0,,49.33,R,R,4-6
2026-05-31,2026-05-31T23:20:00+00:00,2026-05-31T19:20:00-04:00,7:20 PM,Chicago Cubs vs St. Louis Cardinals,5,Ian Happ,664023,confirmed,Chicago Cubs,Matthew Liberatore,0.16,1.79,38.0,34.0,8.0,89.0,14.0,0.1,1.0,1.0,0.65,1400.0,1700.0,,49.33,R,R,4-6
2026-05-31,2026-05-31T23:20:00+00:00,2026-05-31T19:20:00-04:00,7:20 PM,Chicago Cubs vs St. Louis Cardinals,6,Carson Kelly,608348,confirmed,Chicago Cubs,Matthew Liberatore,0.16,1.79,38.0,34.0,8.0,89.0,14.0,0.1,1.0,1.0,0.65,2500.0,1600.0,,49.33,R,R,4-6
2026-05-31,2026-05-31T23:20:00+00:00,2026-05-31T19:20:00-04:00,7:20 PM,Chicago Cubs vs St. Louis Cardinals,7,Michael Busch,683737,confirmed,Chicago Cubs,Matthew Liberatore,0.16,1.79,38.0,34.0,8.0,89.0,14.0,0.1,1.0,1.0,0.65,1800.0,1000.0,,49.33,R,R,4-6
2026-05-31,2026-05-31T23:20:00+00:00,2026-05-31T19:20:00-04:00,7:20 PM,Chicago Cubs vs St. Louis Cardinals,8,Kevin Alcántara,682634,confirmed,Chicago Cubs,Matthew Liberatore,,,,,,,,,1.0,1.0,,,,,49.33,,R,4-6
2026-05-31,2026-05-31T23:20:00+00:00,2026-05-31T19:20:00-04:00,7:20 PM,Chicago Cubs vs St. Louis Cardinals,9,Dansby Swanson,621020,confirmed,Chicago Cubs,Matthew Liberatore,0.16,1.79,38.0,34.0,8.0,89.0,14.0,0.1,1.0,1.0,0.65,2000.0,1300.0,,49.33,R,R,4-6
2026-05-31,2026-05-31T23:20:00+00:00,2026-05-31T19:20:00-04:00,7:20 PM,Chicago Cubs vs St. Louis Cardinals,1,JJ Wetherholt,802139,confirmed,St. Louis Cardinals,Jordan Wicks,0.16,2.46,38.0,34.0,8.0,89.0,14.0,0.1,1.0,1.0,0.65,,,,63.49,R,R,4-6
2026-05-31,2026-05-31T23:20:00+00:00,2026-05-31T19:20:00-04:00,7:20 PM,Chicago Cubs vs St. Louis Cardinals,2,Iván Herrera,671056,confirmed,St. Louis Cardinals,Jordan Wicks,,,,,,,,,1.0,1.0,,,,,63.49,,R,4-6
2026-05-31,2026-05-31T23:20:00+00:00,2026-05-31T19:20:00-04:00,7:20 PM,Chicago Cubs vs St. Louis Cardinals,3,Jordan Walker,691023,confirmed,St. Louis Cardinals,Jordan Wicks,0.16,2.46,38.0,34.0,8.0,89.0,14.0,0.1,1.0,1.0,0.65,310.0,512.0,,63.49,R,R,4-6
2026-05-31,2026-05-31T23:20:00+00:00,2026-05-31T19:20:00-04:00,7:20 PM,Chicago Cubs vs St. Louis Cardinals,4,Nelson Velázquez,676369,confirmed,St. Louis Cardinals,Jordan Wicks,,,,,,,,,1.0,1.0,,,,,63.49,,R,4-6
2026-05-31,2026-05-31T23:20:00+00:00,2026-05-31T19:20:00-04:00,7:20 PM,Chicago Cubs vs St. Louis Cardinals,5,Alec Burleson,676475,confirmed,St. Louis Cardinals,Jordan Wicks,0.16,2.46,38.0,34.0,8.0,89.0,14.0,0.1,1.0,1.0,0.65,340.0,482.0,,63.49,R,R,4-6
2026-05-31,2026-05-31T23:20:00+00:00,2026-05-31T19:20:00-04:00,7:20 PM,Chicago Cubs vs St. Louis Cardinals,6,Masyn Winn,691026,confirmed,St. Louis Cardinals,Jordan Wicks,0.16,2.46,38.0,34.0,8.0,89.0,14.0,0.1,1.0,1.0,0.65,880.0,890.0,,63.49,R,R,4-6
2026-05-31,2026-05-31T23:20:00+00:00,2026-05-31T19:20:00-04:00,7:20 PM,Chicago Cubs vs St. Louis Cardinals,7,José Fermín,665877,confirmed,St. Louis Cardinals,Jordan Wicks,,,,,,,,,1.0,1.0,,2200.0,2200.0,,63.49,,R,4-6
2026-05-31,2026-05-31T23:20:00+00:00,2026-05-31T19:20:00-04:00,7:20 PM,Chicago Cubs vs St. Louis Cardinals,8,Thomas Saggese,695336,confirmed,St. Louis Cardinals,Jordan Wicks,0.16,2.46,38.0,34.0,8.0,89.0,14.0,0.1,1.0,1.0,0.65,3000.0,3000.0,,63.49,R,R,4-6
2026-05-31,2026-05-31T23:20:00+00:00,2026-05-31T19:20:00-04:00,7:20 PM,Chicago Cubs vs St. Louis Cardinals,9,Pedro Pagés,686780,confirmed,St. Louis Cardinals,Jordan Wicks,,,,,,,,,1.0,1.0,,590.0,1700.0,,63.49,,R,4-6
