Date,GameTimeUTC,GameTimeET,GameTime,Game,LineupSpot,Player,player_id,LineupSource,Team,Pitcher,ISO,Pitcher_HR9,HardHit,FlyBall,BarrelRate,ExitVelocity,LaunchAngle,RecentHRRate,ParkFactor,WindFactor,Matchup,FanDuel,DraftKings,BetMGM,PitcherVulnerability
2026-05-31,2026-05-31T16:15:00+00:00,2026-05-31T12:15:00-04:00,12:15 PM,Toronto Blue Jays vs Baltimore Orioles,1,Taylor Ward,621493,confirmed,Baltimore Orioles,Spencer Miles,0.23,0.54,43.0,38.0,10.1,90.2,16.8,0.14,1.03,1.05,0.72,500.0,493.0,493.0,32.55
2026-05-31,2026-05-31T16:15:00+00:00,2026-05-31T12:15:00-04:00,12:15 PM,Toronto Blue Jays vs Baltimore Orioles,2,Gunnar Henderson,683002,confirmed,Baltimore Orioles,Spencer Miles,0.18,0.54,38.0,34.0,8.0,89.0,14.0,0.1,1.03,1.05,0.65,431.0,446.0,438.0,32.55
2026-05-31,2026-05-31T16:15:00+00:00,2026-05-31T12:15:00-04:00,12:15 PM,Toronto Blue Jays vs Baltimore Orioles,3,Adley Rutschman,668939,confirmed,Baltimore Orioles,Spencer Miles,0.18,0.54,38.0,34.0,8.0,89.0,14.0,0.1,1.03,1.05,0.65,626.0,622.0,626.0,32.55
2026-05-31,2026-05-31T16:15:00+00:00,2026-05-31T12:15:00-04:00,12:15 PM,Toronto Blue Jays vs Baltimore Orioles,4,Pete Alonso,624413,confirmed,Baltimore Orioles,Spencer Miles,0.18,0.54,38.0,34.0,8.0,89.0,14.0,0.1,1.03,1.05,0.65,356.0,362.0,366.0,32.55
2026-05-31,2026-05-31T16:15:00+00:00,2026-05-31T12:15:00-04:00,12:15 PM,Toronto Blue Jays vs Baltimore Orioles,5,Samuel Basallo,694212,confirmed,Baltimore Orioles,Spencer Miles,0.18,0.54,38.0,34.0,8.0,89.0,14.0,0.1,1.03,1.05,0.65,474.0,487.0,470.0,32.55
2026-05-31,2026-05-31T16:15:00+00:00,2026-05-31T12:15:00-04:00,12:15 PM,Toronto Blue Jays vs Baltimore Orioles,6,Leody Taveras,665750,confirmed,Baltimore Orioles,Spencer Miles,0.18,0.54,38.0,34.0,8.0,89.0,14.0,0.1,1.03,1.05,0.65,569.0,584.0,578.0,32.55
2026-05-31,2026-05-31T16:15:00+00:00,2026-05-31T12:15:00-04:00,12:15 PM,Toronto Blue Jays vs Baltimore Orioles,7,Colton Cowser,681297,confirmed,Baltimore Orioles,Spencer Miles,0.18,0.54,38.0,34.0,8.0,89.0,14.0,0.1,1.03,1.05,0.65,633.0,645.0,626.0,32.55
2026-05-31,2026-05-31T16:15:00+00:00,2026-05-31T12:15:00-04:00,12:15 PM,Toronto Blue Jays vs Baltimore Orioles,8,Blaze Alexander,677942,confirmed,Baltimore Orioles,Spencer Miles,0.18,0.54,38.0,34.0,8.0,89.0,14.0,0.1,1.03,1.05,0.65,516.0,526.0,511.0,32.55
2026-05-31,2026-05-31T16:15:00+00:00,2026-05-31T12:15:00-04:00,12:15 PM,Toronto Blue Jays vs Baltimore Orioles,9,Jackson Holliday,702616,confirmed,Baltimore Orioles,Spencer Miles,0.18,0.54,38.0,34.0,8.0,89.0,14.0,0.1,1.03,1.05,0.65,436.0,425.0,434.0,32.55
2026-05-31,2026-05-31T16:15:00+00:00,2026-05-31T12:15:00-04:00,12:15 PM,Toronto Blue Jays vs Baltimore Orioles,1,Nathan Lukes,664770,confirmed,Toronto Blue Jays,Kyle Bradish,0.18,1.08,38.0,34.0,8.0,89.0,14.0,0.1,1.05,1.1,0.65,471.0,456.0,473.0,40.86
2026-05-31,2026-05-31T16:15:00+00:00,2026-05-31T12:15:00-04:00,12:15 PM,Toronto Blue Jays vs Baltimore Orioles,2,Vladimir Guerrero Jr.,665489,confirmed,Toronto Blue Jays,Kyle Bradish,0.18,1.08,38.0,34.0,8.0,89.0,14.0,0.1,1.05,1.1,0.65,630.0,622.0,636.0,40.86
2026-05-31,2026-05-31T16:15:00+00:00,2026-05-31T12:15:00-04:00,12:15 PM,Toronto Blue Jays vs Baltimore Orioles,3,Daulton Varsho,662139,confirmed,Toronto Blue Jays,Kyle Bradish,0.18,1.08,38.0,34.0,8.0,89.0,14.0,0.1,1.05,1.1,0.65,594.0,586.0,591.0,40.86
2026-05-31,2026-05-31T16:15:00+00:00,2026-05-31T12:15:00-04:00,12:15 PM,Toronto Blue Jays vs Baltimore Orioles,4,Kazuma Okamoto,672960,confirmed,Toronto Blue Jays,Kyle Bradish,0.18,1.08,38.0,34.0,8.0,89.0,14.0,0.1,1.05,1.1,0.65,594.0,598.0,602.0,40.86
2026-05-31,2026-05-31T16:15:00+00:00,2026-05-31T12:15:00-04:00,12:15 PM,Toronto Blue Jays vs Baltimore Orioles,5,Ernie Clement,676391,confirmed,Toronto Blue Jays,Kyle Bradish,0.18,1.08,38.0,34.0,8.0,89.0,14.0,0.1,1.05,1.1,0.65,491.0,502.0,505.0,40.86
2026-05-31,2026-05-31T16:15:00+00:00,2026-05-31T12:15:00-04:00,12:15 PM,Toronto Blue Jays vs Baltimore Orioles,6,Jesús Sánchez,660821,confirmed,Toronto Blue Jays,Kyle Bradish,0.18,1.08,38.0,34.0,8.0,89.0,14.0,0.1,1.05,1.1,0.65,616.0,614.0,617.0,40.86
2026-05-31,2026-05-31T16:15:00+00:00,2026-05-31T12:15:00-04:00,12:15 PM,Toronto Blue Jays vs Baltimore Orioles,7,Charles McAdoo,807727,confirmed,Toronto Blue Jays,Kyle Bradish,0.18,1.08,38.0,34.0,8.0,89.0,14.0,0.1,1.05,1.1,0.65,350.0,349.0,341.0,40.86
2026-05-31,2026-05-31T16:15:00+00:00,2026-05-31T12:15:00-04:00,12:15 PM,Toronto Blue Jays vs Baltimore Orioles,8,Andrés Giménez,665926,confirmed,Toronto Blue Jays,Kyle Bradish,0.18,1.08,38.0,34.0,8.0,89.0,14.0,0.1,1.05,1.1,0.65,416.0,413.0,421.0,40.86
2026-05-31,2026-05-31T16:15:00+00:00,2026-05-31T12:15:00-04:00,12:15 PM,Toronto Blue Jays vs Baltimore Orioles,9,Brandon Valenzuela,678218,confirmed,Toronto Blue Jays,Kyle Bradish,0.18,1.08,38.0,34.0,8.0,89.0,14.0,0.1,1.05,1.1,0.65,390.0,402.0,405.0,40.86
2026-05-31,2026-05-31T17:35:00+00:00,2026-05-31T13:35:00-04:00,1:35 PM,Minnesota Twins vs Pittsburgh Pirates,1,Alex Jackson,656577,active_roster,Minnesota Twins,Braxton Ashcraft,0.18,0.79,38.0,34.0,8.0,89.0,14.0,0.1,1.0,1.0,0.65,450.0,442.0,464.0,35.65
2026-05-31,2026-05-31T17:35:00+00:00,2026-05-31T13:35:00-04:00,1:35 PM,Minnesota Twins vs Pittsburgh Pirates,2,Victor Caratini,605170,active_roster,Minnesota Twins,Braxton Ashcraft,0.18,0.79,38.0,34.0,8.0,89.0,14.0,0.1,1.0,1.0,0.65,376.0,386.0,369.0,35.65
2026-05-31,2026-05-31T17:35:00+00:00,2026-05-31T13:35:00-04:00,1:35 PM,Minnesota Twins vs Pittsburgh Pirates,3,Kody Clemens,665019,active_roster,Minnesota Twins,Braxton Ashcraft,0.18,0.79,38.0,34.0,8.0,89.0,14.0,0.1,1.0,1.0,0.65,500.0,511.0,504.0,35.65
2026-05-31,2026-05-31T17:35:00+00:00,2026-05-31T13:35:00-04:00,1:35 PM,Minnesota Twins vs Pittsburgh Pirates,4,Luke Keaschall,807712,active_roster,Minnesota Twins,Braxton Ashcraft,0.18,0.79,38.0,34.0,8.0,89.0,14.0,0.1,1.0,1.0,0.65,369.0,359.0,372.0,35.65
2026-05-31,2026-05-31T17:35:00+00:00,2026-05-31T13:35:00-04:00,1:35 PM,Minnesota Twins vs Pittsburgh Pirates,5,Tristan Gray,656484,active_roster,Minnesota Twins,Braxton Ashcraft,0.18,0.79,38.0,34.0,8.0,89.0,14.0,0.1,1.0,1.0,0.65,547.0,547.0,541.0,35.65
2026-05-31,2026-05-31T17:35:00+00:00,2026-05-31T13:35:00-04:00,1:35 PM,Minnesota Twins vs Pittsburgh Pirates,6,Brooks Lee,686797,active_roster,Minnesota Twins,Braxton Ashcraft,0.18,0.79,38.0,34.0,8.0,89.0,14.0,0.1,1.0,1.0,0.65,355.0,355.0,346.0,35.65
2026-05-31,2026-05-31T17:35:00+00:00,2026-05-31T13:35:00-04:00,1:35 PM,Minnesota Twins vs Pittsburgh Pirates,7,Orlando Arcia,606115,active_roster,Minnesota Twins,Braxton Ashcraft,0.18,0.79,38.0,34.0,8.0,89.0,14.0,0.1,1.0,1.0,0.65,580.0,587.0,584.0,35.65
2026-05-31,2026-05-31T17:35:00+00:00,2026-05-31T13:35:00-04:00,1:35 PM,Minnesota Twins vs Pittsburgh Pirates,8,Austin Martin,668885,active_roster,Minnesota Twins,Braxton Ashcraft,0.18,0.79,38.0,34.0,8.0,89.0,14.0,0.1,1.0,1.0,0.65,491.0,477.0,490.0,35.65
2026-05-31,2026-05-31T17:35:00+00:00,2026-05-31T13:35:00-04:00,1:35 PM,Minnesota Twins vs Pittsburgh Pirates,9,Trevor Larnach,663616,active_roster,Minnesota Twins,Braxton Ashcraft,0.18,0.79,38.0,34.0,8.0,89.0,14.0,0.1,1.0,1.0,0.65,581.0,590.0,576.0,35.65
2026-05-31,2026-05-31T17:35:00+00:00,2026-05-31T13:35:00-04:00,1:35 PM,Minnesota Twins vs Pittsburgh Pirates,1,Endy Rodríguez,682848,active_roster,Pittsburgh Pirates,Zebby Matthews,0.18,1.42,38.0,34.0,8.0,89.0,14.0,0.1,1.0,1.0,0.65,595.0,602.0,601.0,44.71
2026-05-31,2026-05-31T17:35:00+00:00,2026-05-31T13:35:00-04:00,1:35 PM,Minnesota Twins vs Pittsburgh Pirates,2,Henry Davis,680779,active_roster,Pittsburgh Pirates,Zebby Matthews,0.18,1.42,38.0,34.0,8.0,89.0,14.0,0.1,1.0,1.0,0.65,521.0,525.0,507.0,44.71
2026-05-31,2026-05-31T17:35:00+00:00,2026-05-31T13:35:00-04:00,1:35 PM,Minnesota Twins vs Pittsburgh Pirates,3,Spencer Horwitz,687462,active_roster,Pittsburgh Pirates,Zebby Matthews,0.18,1.42,38.0,34.0,8.0,89.0,14.0,0.1,1.0,1.0,0.65,489.0,493.0,492.0,44.71
2026-05-31,2026-05-31T17:35:00+00:00,2026-05-31T13:35:00-04:00,1:35 PM,Minnesota Twins vs Pittsburgh Pirates,4,Brandon Lowe,664040,active_roster,Pittsburgh Pirates,Zebby Matthews,0.18,1.42,38.0,34.0,8.0,89.0,14.0,0.1,1.0,1.0,0.65,415.0,420.0,405.0,44.71
2026-05-31,2026-05-31T17:35:00+00:00,2026-05-31T13:35:00-04:00,1:35 PM,Minnesota Twins vs Pittsburgh Pirates,5,Jared Triolo,669707,active_roster,Pittsburgh Pirates,Zebby Matthews,0.18,1.42,38.0,34.0,8.0,89.0,14.0,0.1,1.0,1.0,0.65,411.0,398.0,426.0,44.71
2026-05-31,2026-05-31T17:35:00+00:00,2026-05-31T13:35:00-04:00,1:35 PM,Minnesota Twins vs Pittsburgh Pirates,6,Nick Gonzales,693304,active_roster,Pittsburgh Pirates,Zebby Matthews,0.18,1.42,38.0,34.0,8.0,89.0,14.0,0.1,1.0,1.0,0.65,532.0,522.0,547.0,44.71
2026-05-31,2026-05-31T17:35:00+00:00,2026-05-31T13:35:00-04:00,1:35 PM,Minnesota Twins vs Pittsburgh Pirates,7,Konnor Griffin,804606,active_roster,Pittsburgh Pirates,Zebby Matthews,0.18,1.42,38.0,34.0,8.0,89.0,14.0,0.1,1.0,1.0,0.65,518.0,518.0,531.0,44.71
2026-05-31,2026-05-31T17:35:00+00:00,2026-05-31T13:35:00-04:00,1:35 PM,Minnesota Twins vs Pittsburgh Pirates,8,Bryan Reynolds,668804,active_roster,Pittsburgh Pirates,Zebby Matthews,0.18,1.42,38.0,34.0,8.0,89.0,14.0,0.1,1.0,1.0,0.65,547.0,532.0,551.0,44.71
2026-05-31,2026-05-31T17:35:00+00:00,2026-05-31T13:35:00-04:00,1:35 PM,Minnesota Twins vs Pittsburgh Pirates,9,Jake Mangum,663968,active_roster,Pittsburgh Pirates,Zebby Matthews,0.18,1.42,38.0,34.0,8.0,89.0,14.0,0.1,1.0,1.0,0.65,390.0,398.0,382.0,44.71
2026-05-31,2026-05-31T17:35:00+00:00,2026-05-31T13:35:00-04:00,1:35 PM,San Diego Padres vs Washington Nationals,1,Fernando Tatis Jr.,665487,confirmed,San Diego Padres,Zack Littell,0.18,2.54,38.0,34.0,8.0,89.0,14.0,0.1,1.0,1.0,0.65,395.0,382.0,391.0,63.77
2026-05-31,2026-05-31T17:35:00+00:00,2026-05-31T13:35:00-04:00,1:35 PM,San Diego Padres vs Washington Nationals,2,Gavin Sheets,657757,confirmed,San Diego Padres,Zack Littell,0.18,2.54,38.0,34.0,8.0,89.0,14.0,0.1,1.0,1.0,0.65,443.0,441.0,458.0,63.77
2026-05-31,2026-05-31T17:35:00+00:00,2026-05-31T13:35:00-04:00,1:35 PM,San Diego Padres vs Washington Nationals,3,Manny Machado,592518,confirmed,San Diego Padres,Zack Littell,0.18,2.54,38.0,34.0,8.0,89.0,14.0,0.1,1.0,1.0,0.65,582.0,596.0,580.0,63.77
2026-05-31,2026-05-31T17:35:00+00:00,2026-05-31T13:35:00-04:00,1:35 PM,San Diego Padres vs Washington Nationals,4,Xander Bogaerts,593428,confirmed,San Diego Padres,Zack Littell,0.18,2.54,38.0,34.0,8.0,89.0,14.0,0.1,1.0,1.0,0.65,412.0,425.0,417.0,63.77
2026-05-31,2026-05-31T17:35:00+00:00,2026-05-31T13:35:00-04:00,1:35 PM,San Diego Padres vs Washington Nationals,5,Jackson Merrill,701538,confirmed,San Diego Padres,Zack Littell,0.18,2.54,38.0,34.0,8.0,89.0,14.0,0.1,1.0,1.0,0.65,631.0,639.0,629.0,63.77
2026-05-31,2026-05-31T17:35:00+00:00,2026-05-31T13:35:00-04:00,1:35 PM,San Diego Padres vs Washington Nationals,6,Ty France,664034,confirmed,San Diego Padres,Zack Littell,0.18,2.54,38.0,34.0,8.0,89.0,14.0,0.1,1.0,1.0,0.65,545.0,552.0,539.0,63.77
2026-05-31,2026-05-31T17:35:00+00:00,2026-05-31T13:35:00-04:00,1:35 PM,San Diego Padres vs Washington Nationals,7,Nick Castellanos,592206,confirmed,San Diego Padres,Zack Littell,0.18,2.54,38.0,34.0,8.0,89.0,14.0,0.1,1.0,1.0,0.65,374.0,389.0,381.0,63.77
2026-05-31,2026-05-31T17:35:00+00:00,2026-05-31T13:35:00-04:00,1:35 PM,San Diego Padres vs Washington Nationals,8,Sung-Mun Song,823550,confirmed,San Diego Padres,Zack Littell,0.18,2.54,38.0,34.0,8.0,89.0,14.0,0.1,1.0,1.0,0.65,561.0,564.0,574.0,63.77
2026-05-31,2026-05-31T17:35:00+00:00,2026-05-31T13:35:00-04:00,1:35 PM,San Diego Padres vs Washington Nationals,9,Freddy Fermin,666023,confirmed,San Diego Padres,Zack Littell,0.18,2.54,38.0,34.0,8.0,89.0,14.0,0.1,1.0,1.0,0.65,456.0,453.0,454.0,63.77
2026-05-31,2026-05-31T17:35:00+00:00,2026-05-31T13:35:00-04:00,1:35 PM,San Diego Padres vs Washington Nationals,1,Drew Millas,686452,active_roster,Washington Nationals,Griffin Canning,0.18,1.62,38.0,34.0,8.0,89.0,14.0,0.1,1.0,1.0,0.65,562.0,573.0,547.0,52.02
2026-05-31,2026-05-31T17:35:00+00:00,2026-05-31T13:35:00-04:00,1:35 PM,San Diego Padres vs Washington Nationals,2,Keibert Ruiz,660688,active_roster,Washington Nationals,Griffin Canning,0.18,1.62,38.0,34.0,8.0,89.0,14.0,0.1,1.0,1.0,0.65,559.0,558.0,556.0,52.02
2026-05-31,2026-05-31T17:35:00+00:00,2026-05-31T13:35:00-04:00,1:35 PM,San Diego Padres vs Washington Nationals,3,Andrés Chaparro,665953,active_roster,Washington Nationals,Griffin Canning,0.18,1.62,38.0,34.0,8.0,89.0,14.0,0.1,1.0,1.0,0.65,550.0,561.0,554.0,52.02
2026-05-31,2026-05-31T17:35:00+00:00,2026-05-31T13:35:00-04:00,1:35 PM,San Diego Padres vs Washington Nationals,4,Curtis Mead,678554,active_roster,Washington Nationals,Griffin Canning,0.18,1.62,38.0,34.0,8.0,89.0,14.0,0.1,1.0,1.0,0.65,601.0,607.0,605.0,52.02
2026-05-31,2026-05-31T17:35:00+00:00,2026-05-31T13:35:00-04:00,1:35 PM,San Diego Padres vs Washington Nationals,5,Luis García Jr.,671277,active_roster,Washington Nationals,Griffin Canning,0.18,1.62,38.0,34.0,8.0,89.0,14.0,0.1,1.0,1.0,0.65,570.0,580.0,568.0,52.02
2026-05-31,2026-05-31T17:35:00+00:00,2026-05-31T13:35:00-04:00,1:35 PM,San Diego Padres vs Washington Nationals,6,Nasim Nuñez,683083,active_roster,Washington Nationals,Griffin Canning,0.18,1.62,38.0,34.0,8.0,89.0,14.0,0.1,1.0,1.0,0.65,548.0,553.0,556.0,52.02
2026-05-31,2026-05-31T17:35:00+00:00,2026-05-31T13:35:00-04:00,1:35 PM,San Diego Padres vs Washington Nationals,7,Jorbit Vivas,678391,active_roster,Washington Nationals,Griffin Canning,0.18,1.62,38.0,34.0,8.0,89.0,14.0,0.1,1.0,1.0,0.65,396.0,392.0,399.0,52.02
2026-05-31,2026-05-31T17:35:00+00:00,2026-05-31T13:35:00-04:00,1:35 PM,San Diego Padres vs Washington Nationals,8,CJ Abrams,682928,active_roster,Washington Nationals,Griffin Canning,0.18,1.62,38.0,34.0,8.0,89.0,14.0,0.1,1.0,1.0,0.65,545.0,554.0,541.0,52.02
2026-05-31,2026-05-31T17:35:00+00:00,2026-05-31T13:35:00-04:00,1:35 PM,San Diego Padres vs Washington Nationals,9,Daylen Lile,695734,active_roster,Washington Nationals,Griffin Canning,0.18,1.62,38.0,34.0,8.0,89.0,14.0,0.1,1.0,1.0,0.65,397.0,406.0,398.0,52.02
2026-05-31,2026-05-31T17:40:00+00:00,2026-05-31T13:40:00-04:00,1:40 PM,Atlanta Braves vs Cincinnati Reds,1,Ronald Acuña Jr.,660670,confirmed,Atlanta Braves,Nick Lodolo,0.16,2.14,38.0,34.0,8.0,89.0,14.0,0.1,1.0,1.0,0.65,573.0,578.0,566.0,58.11
2026-05-31,2026-05-31T17:40:00+00:00,2026-05-31T13:40:00-04:00,1:40 PM,Atlanta Braves vs Cincinnati Reds,2,Michael Harris II,671739,confirmed,Atlanta Braves,Nick Lodolo,0.16,2.14,38.0,34.0,8.0,89.0,14.0,0.1,1.0,1.0,0.65,486.0,494.0,487.0,58.11
2026-05-31,2026-05-31T17:40:00+00:00,2026-05-31T13:40:00-04:00,1:40 PM,Atlanta Braves vs Cincinnati Reds,3,Matt Olson,621566,confirmed,Atlanta Braves,Nick Lodolo,0.16,2.14,38.0,34.0,8.0,89.0,14.0,0.1,1.0,1.0,0.65,315.0,318.0,304.0,58.11
2026-05-31,2026-05-31T17:40:00+00:00,2026-05-31T13:40:00-04:00,1:40 PM,Atlanta Braves vs Cincinnati Reds,4,Ozzie Albies,645277,confirmed,Atlanta Braves,Nick Lodolo,0.16,2.14,38.0,34.0,8.0,89.0,14.0,0.1,1.0,1.0,0.65,485.0,485.0,481.0,58.11
2026-05-31,2026-05-31T17:40:00+00:00,2026-05-31T13:40:00-04:00,1:40 PM,Atlanta Braves vs Cincinnati Reds,5,Mauricio Dubón,643289,confirmed,Atlanta Braves,Nick Lodolo,0.16,2.14,38.0,34.0,8.0,89.0,14.0,0.1,1.0,1.0,0.65,622.0,631.0,628.0,58.11
2026-05-31,2026-05-31T17:40:00+00:00,2026-05-31T13:40:00-04:00,1:40 PM,Atlanta Braves vs Cincinnati Reds,6,Austin Riley,663586,confirmed,Atlanta Braves,Nick Lodolo,0.16,2.14,38.0,34.0,8.0,89.0,14.0,0.1,1.0,1.0,0.65,458.0,455.0,466.0,58.11
2026-05-31,2026-05-31T17:40:00+00:00,2026-05-31T13:40:00-04:00,1:40 PM,Atlanta Braves vs Cincinnati Reds,7,Jorge Mateo,622761,confirmed,Atlanta Braves,Nick Lodolo,0.16,2.14,38.0,34.0,8.0,89.0,14.0,0.1,1.0,1.0,0.65,606.0,619.0,619.0,58.11
2026-05-31,2026-05-31T17:40:00+00:00,2026-05-31T13:40:00-04:00,1:40 PM,Atlanta Braves vs Cincinnati Reds,8,Ha-Seong Kim,673490,confirmed,Atlanta Braves,Nick Lodolo,0.16,2.14,38.0,34.0,8.0,89.0,14.0,0.1,1.0,1.0,0.65,427.0,428.0,413.0,58.11
2026-05-31,2026-05-31T17:40:00+00:00,2026-05-31T13:40:00-04:00,1:40 PM,Atlanta Braves vs Cincinnati Reds,9,Chadwick Tromp,644433,confirmed,Atlanta Braves,Nick Lodolo,0.16,2.14,38.0,34.0,8.0,89.0,14.0,0.1,1.0,1.0,0.65,606.0,611.0,612.0,58.11
2026-05-31,2026-05-31T17:40:00+00:00,2026-05-31T13:40:00-04:00,1:40 PM,Atlanta Braves vs Cincinnati Reds,1,Blake Dunn,694362,confirmed,Cincinnati Reds,Spencer Strider,0.18,2.08,38.0,34.0,8.0,89.0,14.0,0.1,1.12,1.0,0.65,488.0,481.0,482.0,55.42
2026-05-31,2026-05-31T17:40:00+00:00,2026-05-31T13:40:00-04:00,1:40 PM,Atlanta Braves vs Cincinnati Reds,2,Elly De La Cruz,682829,confirmed,Cincinnati Reds,Spencer Strider,0.18,2.08,38.0,34.0,8.0,89.0,14.0,0.1,1.12,1.0,0.65,526.0,529.0,515.0,55.42
2026-05-31,2026-05-31T17:40:00+00:00,2026-05-31T13:40:00-04:00,1:40 PM,Atlanta Braves vs Cincinnati Reds,3,JJ Bleday,668709,confirmed,Cincinnati Reds,Spencer Strider,0.18,2.08,38.0,34.0,8.0,89.0,14.0,0.1,1.12,1.0,0.65,641.0,628.0,651.0,55.42
2026-05-31,2026-05-31T17:40:00+00:00,2026-05-31T13:40:00-04:00,1:40 PM,Atlanta Braves vs Cincinnati Reds,4,Sal Stewart,701398,confirmed,Cincinnati Reds,Spencer Strider,0.18,2.08,38.0,34.0,8.0,89.0,14.0,0.1,1.12,1.0,0.65,479.0,464.0,474.0,55.42
2026-05-31,2026-05-31T17:40:00+00:00,2026-05-31T13:40:00-04:00,1:40 PM,Atlanta Braves vs Cincinnati Reds,5,Eugenio Suárez,553993,confirmed,Cincinnati Reds,Spencer Strider,0.18,2.08,38.0,34.0,8.0,89.0,14.0,0.1,1.12,1.0,0.65,509.0,514.0,518.0,55.42
2026-05-31,2026-05-31T17:40:00+00:00,2026-05-31T13:40:00-04:00,1:40 PM,Atlanta Braves vs Cincinnati Reds,6,Nathaniel Lowe,663993,confirmed,Cincinnati Reds,Spencer Strider,0.18,2.08,38.0,34.0,8.0,89.0,14.0,0.1,1.12,1.0,0.65,474.0,469.0,468.0,55.42
2026-05-31,2026-05-31T17:40:00+00:00,2026-05-31T13:40:00-04:00,1:40 PM,Atlanta Braves vs Cincinnati Reds,7,Spencer Steer,668715,confirmed,Cincinnati Reds,Spencer Strider,0.18,2.08,38.0,34.0,8.0,89.0,14.0,0.1,1.12,1.0,0.65,646.0,635.0,642.0,55.42
2026-05-31,2026-05-31T17:40:00+00:00,2026-05-31T13:40:00-04:00,1:40 PM,Atlanta Braves vs Cincinnati Reds,8,Will Benson,666181,confirmed,Cincinnati Reds,Spencer Strider,,,,,,,,,1.12,1.0,,639.0,626.0,643.0,0.0
2026-05-31,2026-05-31T17:40:00+00:00,2026-05-31T13:40:00-04:00,1:40 PM,Atlanta Braves vs Cincinnati Reds,9,P.J. Higgins,664731,confirmed,Cincinnati Reds,Spencer Strider,0.18,2.08,38.0,34.0,8.0,89.0,14.0,0.1,1.12,1.0,0.65,638.0,645.0,633.0,55.42
2026-05-31,2026-05-31T17:40:00+00:00,2026-05-31T13:40:00-04:00,1:40 PM,Boston Red Sox vs Cleveland Guardians,1,Jarren Duran,680776,confirmed,Boston Red Sox,Tanner Bibee,0.18,1.71,38.0,34.0,8.0,89.0,14.0,0.1,1.08,1.05,0.65,423.0,410.0,417.0,50.84
2026-05-31,2026-05-31T17:40:00+00:00,2026-05-31T13:40:00-04:00,1:40 PM,Boston Red Sox vs Cleveland Guardians,2,Ceddanne Rafaela,678882,confirmed,Boston Red Sox,Tanner Bibee,0.18,1.71,38.0,34.0,8.0,89.0,14.0,0.1,1.08,1.05,0.65,614.0,620.0,599.0,50.84
2026-05-31,2026-05-31T17:40:00+00:00,2026-05-31T13:40:00-04:00,1:40 PM,Boston Red Sox vs Cleveland Guardians,3,Wilyer Abreu,677800,confirmed,Boston Red Sox,Tanner Bibee,0.18,1.71,38.0,34.0,8.0,89.0,14.0,0.1,1.08,1.05,0.65,467.0,475.0,480.0,50.84
2026-05-31,2026-05-31T17:40:00+00:00,2026-05-31T13:40:00-04:00,1:40 PM,Boston Red Sox vs Cleveland Guardians,4,Mickey Gasper,681508,confirmed,Boston Red Sox,Tanner Bibee,0.18,1.71,38.0,34.0,8.0,89.0,14.0,0.1,1.08,1.05,0.65,401.0,392.0,412.0,50.84
2026-05-31,2026-05-31T17:40:00+00:00,2026-05-31T13:40:00-04:00,1:40 PM,Boston Red Sox vs Cleveland Guardians,5,Masataka Yoshida,807799,confirmed,Boston Red Sox,Tanner Bibee,0.18,1.71,38.0,34.0,8.0,89.0,14.0,0.1,1.08,1.05,0.65,524.0,530.0,512.0,50.84
2026-05-31,2026-05-31T17:40:00+00:00,2026-05-31T13:40:00-04:00,1:40 PM,Boston Red Sox vs Cleveland Guardians,6,Isiah Kiner-Falefa,643396,confirmed,Boston Red Sox,Tanner Bibee,0.18,1.71,38.0,34.0,8.0,89.0,14.0,0.1,1.08,1.05,0.65,371.0,380.0,378.0,50.84
2026-05-31,2026-05-31T17:40:00+00:00,2026-05-31T13:40:00-04:00,1:40 PM,Boston Red Sox vs Cleveland Guardians,7,Marcelo Mayer,691785,confirmed,Boston Red Sox,Tanner Bibee,0.18,1.71,38.0,34.0,8.0,89.0,14.0,0.1,1.08,1.05,0.65,516.0,523.0,516.0,50.84
2026-05-31,2026-05-31T17:40:00+00:00,2026-05-31T13:40:00-04:00,1:40 PM,Boston Red Sox vs Cleveland Guardians,8,Caleb Durbin,702332,confirmed,Boston Red Sox,Tanner Bibee,0.18,1.71,38.0,34.0,8.0,89.0,14.0,0.1,1.08,1.05,0.65,492.0,500.0,484.0,50.84
2026-05-31,2026-05-31T17:40:00+00:00,2026-05-31T13:40:00-04:00,1:40 PM,Boston Red Sox vs Cleveland Guardians,9,Carlos Narváez,665966,confirmed,Boston Red Sox,Tanner Bibee,0.18,1.71,38.0,34.0,8.0,89.0,14.0,0.1,1.08,1.05,0.65,605.0,599.0,596.0,50.84
2026-05-31,2026-05-31T17:40:00+00:00,2026-05-31T13:40:00-04:00,1:40 PM,Boston Red Sox vs Cleveland Guardians,1,Travis Bazzana,683953,confirmed,Cleveland Guardians,Ranger Suarez,0.16,0.68,38.0,34.0,8.0,89.0,14.0,0.1,1.0,1.0,0.65,491.0,504.0,502.0,34.39
2026-05-31,2026-05-31T17:40:00+00:00,2026-05-31T13:40:00-04:00,1:40 PM,Boston Red Sox vs Cleveland Guardians,2,José Ramírez,608070,confirmed,Cleveland Guardians,Ranger Suarez,0.16,0.68,38.0,34.0,8.0,89.0,14.0,0.1,1.0,1.0,0.65,431.0,420.0,446.0,34.39
2026-05-31,2026-05-31T17:40:00+00:00,2026-05-31T13:40:00-04:00,1:40 PM,Boston Red Sox vs Cleveland Guardians,3,Chase DeLauter,800050,confirmed,Cleveland Guardians,Ranger Suarez,0.16,0.68,38.0,34.0,8.0,89.0,14.0,0.1,1.0,1.0,0.65,488.0,476.0,489.0,34.39
2026-05-31,2026-05-31T17:40:00+00:00,2026-05-31T13:40:00-04:00,1:40 PM,Boston Red Sox vs Cleveland Guardians,4,Rhys Hoskins,656555,confirmed,Cleveland Guardians,Ranger Suarez,0.16,0.68,38.0,34.0,8.0,89.0,14.0,0.1,1.0,1.0,0.65,479.0,473.0,475.0,34.39
2026-05-31,2026-05-31T17:40:00+00:00,2026-05-31T13:40:00-04:00,1:40 PM,Boston Red Sox vs Cleveland Guardians,5,David Fry,681807,confirmed,Cleveland Guardians,Ranger Suarez,0.16,0.68,38.0,34.0,8.0,89.0,14.0,0.1,1.0,1.0,0.65,527.0,520.0,539.0,34.39
2026-05-31,2026-05-31T17:40:00+00:00,2026-05-31T13:40:00-04:00,1:40 PM,Boston Red Sox vs Cleveland Guardians,6,Kyle Manzardo,700932,confirmed,Cleveland Guardians,Ranger Suarez,0.16,0.68,38.0,34.0,8.0,89.0,14.0,0.1,1.0,1.0,0.65,481.0,480.0,491.0,34.39
2026-05-31,2026-05-31T17:40:00+00:00,2026-05-31T13:40:00-04:00,1:40 PM,Boston Red Sox vs Cleveland Guardians,7,Stuart Fairchild,656413,confirmed,Cleveland Guardians,Ranger Suarez,,,,,,,,,1.0,1.0,,388.0,384.0,384.0,0.0
2026-05-31,2026-05-31T17:40:00+00:00,2026-05-31T13:40:00-04:00,1:40 PM,Boston Red Sox vs Cleveland Guardians,8,Austin Hedges,595978,confirmed,Cleveland Guardians,Ranger Suarez,0.16,0.68,38.0,34.0,8.0,89.0,14.0,0.1,1.0,1.0,0.65,425.0,423.0,428.0,34.39
2026-05-31,2026-05-31T17:40:00+00:00,2026-05-31T13:40:00-04:00,1:40 PM,Boston Red Sox vs Cleveland Guardians,9,Brayan Rocchio,677587,confirmed,Cleveland Guardians,Ranger Suarez,0.16,0.68,38.0,34.0,8.0,89.0,14.0,0.1,1.0,1.0,0.65,453.0,451.0,450.0,34.39
2026-05-31,2026-05-31T17:40:00+00:00,2026-05-31T13:40:00-04:00,1:40 PM,Los Angeles Angels vs Tampa Bay Rays,1,Zach Neto,687263,confirmed,Los Angeles Angels,Shane McClanahan,0.17,0.36,40.0,34.0,8.9,89.5,15.2,0.13,1.0,1.0,0.68,468.0,473.0,481.0,32.01
2026-05-31,2026-05-31T17:40:00+00:00,2026-05-31T13:40:00-04:00,1:40 PM,Los Angeles Angels vs Tampa Bay Rays,2,Mike Trout,545361,confirmed,Los Angeles Angels,Shane McClanahan,0.25,0.36,46.0,40.0,14.2,92.5,18.4,0.22,1.0,1.0,0.8,475.0,468.0,490.0,32.01
2026-05-31,2026-05-31T17:40:00+00:00,2026-05-31T13:40:00-04:00,1:40 PM,Los Angeles Angels vs Tampa Bay Rays,3,Vaughn Grissom,687093,confirmed,Los Angeles Angels,Shane McClanahan,0.16,0.36,38.0,34.0,8.0,89.0,14.0,0.1,1.0,1.0,0.65,372.0,357.0,366.0,32.01
2026-05-31,2026-05-31T17:40:00+00:00,2026-05-31T13:40:00-04:00,1:40 PM,Los Angeles Angels vs Tampa Bay Rays,4,Jorge Soler,624585,confirmed,Los Angeles Angels,Shane McClanahan,0.22,0.36,47.0,41.0,15.6,93.1,19.8,0.24,1.0,1.0,0.78,571.0,579.0,580.0,32.01
2026-05-31,2026-05-31T17:40:00+00:00,2026-05-31T13:40:00-04:00,1:40 PM,Los Angeles Angels vs Tampa Bay Rays,5,Jo Adell,666176,confirmed,Los Angeles Angels,Shane McClanahan,0.21,0.36,45.0,39.0,13.1,92.0,18.1,0.19,1.0,1.0,0.76,611.0,608.0,619.0,32.01
2026-05-31,2026-05-31T17:40:00+00:00,2026-05-31T13:40:00-04:00,1:40 PM,Los Angeles Angels vs Tampa Bay Rays,6,Oswald Peraza,672724,confirmed,Los Angeles Angels,Shane McClanahan,0.16,0.36,38.0,34.0,8.0,89.0,14.0,0.1,1.0,1.0,0.65,447.0,444.0,447.0,32.01
2026-05-31,2026-05-31T17:40:00+00:00,2026-05-31T13:40:00-04:00,1:40 PM,Los Angeles Angels vs Tampa Bay Rays,7,Jose Siri,642350,confirmed,Los Angeles Angels,Shane McClanahan,0.16,0.36,38.0,34.0,8.0,89.0,14.0,0.1,1.0,1.0,0.65,430.0,430.0,442.0,32.01
2026-05-31,2026-05-31T17:40:00+00:00,2026-05-31T13:40:00-04:00,1:40 PM,Los Angeles Angels vs Tampa Bay Rays,8,Logan O'Hoppe,681351,confirmed,Los Angeles Angels,Shane McClanahan,0.19,0.36,42.0,37.0,11.4,91.1,17.2,0.16,1.0,1.0,0.7,514.0,511.0,527.0,32.01
2026-05-31,2026-05-31T17:40:00+00:00,2026-05-31T13:40:00-04:00,1:40 PM,Los Angeles Angels vs Tampa Bay Rays,9,Nick Madrigal,663611,confirmed,Los Angeles Angels,Shane McClanahan,0.16,0.36,38.0,34.0,8.0,89.0,14.0,0.1,1.0,1.0,0.65,501.0,516.0,516.0,32.01
2026-05-31,2026-05-31T17:40:00+00:00,2026-05-31T13:40:00-04:00,1:40 PM,Los Angeles Angels vs Tampa Bay Rays,1,Yandy Díaz,650490,confirmed,Tampa Bay Rays,Jack Kochanowicz,0.18,0.74,38.0,34.0,8.0,89.0,14.0,0.1,1.0,1.0,0.65,475.0,486.0,476.0,36.7
2026-05-31,2026-05-31T17:40:00+00:00,2026-05-31T13:40:00-04:00,1:40 PM,Los Angeles Angels vs Tampa Bay Rays,2,Jonathan Aranda,666018,confirmed,Tampa Bay Rays,Jack Kochanowicz,0.18,0.74,38.0,34.0,8.0,89.0,14.0,0.1,1.0,1.0,0.65,638.0,645.0,641.0,36.7
2026-05-31,2026-05-31T17:40:00+00:00,2026-05-31T13:40:00-04:00,1:40 PM,Los Angeles Angels vs Tampa Bay Rays,3,Richie Palacios,680700,confirmed,Tampa Bay Rays,Jack Kochanowicz,0.18,0.74,38.0,34.0,8.0,89.0,14.0,0.1,1.0,1.0,0.65,618.0,633.0,603.0,36.7
2026-05-31,2026-05-31T17:40:00+00:00,2026-05-31T13:40:00-04:00,1:40 PM,Los Angeles Angels vs Tampa Bay Rays,4,Junior Caminero,691406,confirmed,Tampa Bay Rays,Jack Kochanowicz,0.18,0.74,38.0,34.0,8.0,89.0,14.0,0.1,1.0,1.0,0.65,409.0,416.0,407.0,36.7
2026-05-31,2026-05-31T17:40:00+00:00,2026-05-31T13:40:00-04:00,1:40 PM,Los Angeles Angels vs Tampa Bay Rays,5,Chandler Simpson,802415,confirmed,Tampa Bay Rays,Jack Kochanowicz,0.18,0.74,38.0,34.0,8.0,89.0,14.0,0.1,1.0,1.0,0.65,550.0,537.0,559.0,36.7
2026-05-31,2026-05-31T17:40:00+00:00,2026-05-31T13:40:00-04:00,1:40 PM,Los Angeles Angels vs Tampa Bay Rays,6,Victor Mesa Jr.,683748,confirmed,Tampa Bay Rays,Jack Kochanowicz,,,,,,,,,1.0,1.0,,406.0,414.0,416.0,0.0
2026-05-31,2026-05-31T17:40:00+00:00,2026-05-31T13:40:00-04:00,1:40 PM,Los Angeles Angels vs Tampa Bay Rays,7,Cedric Mullins,656775,confirmed,Tampa Bay Rays,Jack Kochanowicz,0.18,0.74,38.0,34.0,8.0,89.0,14.0,0.1,1.0,1.0,0.65,479.0,479.0,484.0,36.7
2026-05-31,2026-05-31T17:40:00+00:00,2026-05-31T13:40:00-04:00,1:40 PM,Los Angeles Angels vs Tampa Bay Rays,8,Hunter Feduccia,676439,confirmed,Tampa Bay Rays,Jack Kochanowicz,0.18,0.74,38.0,34.0,8.0,89.0,14.0,0.1,1.0,1.0,0.65,640.0,645.0,632.0,36.7
2026-05-31,2026-05-31T17:40:00+00:00,2026-05-31T13:40:00-04:00,1:40 PM,Los Angeles Angels vs Tampa Bay Rays,9,Taylor Walls,670764,confirmed,Tampa Bay Rays,Jack Kochanowicz,0.18,0.74,38.0,34.0,8.0,89.0,14.0,0.1,1.0,1.0,0.65,514.0,513.0,511.0,36.7
2026-05-31,2026-05-31T17:40:00+00:00,2026-05-31T13:40:00-04:00,1:40 PM,Miami Marlins vs New York Mets,1,Joe Mack,691788,active_roster,Miami Marlins,Nolan McLean,0.18,1.18,38.0,34.0,8.0,89.0,14.0,0.1,1.0,1.0,0.65,426.0,431.0,423.0,42.7
2026-05-31,2026-05-31T17:40:00+00:00,2026-05-31T13:40:00-04:00,1:40 PM,Miami Marlins vs New York Mets,2,Liam Hicks,689414,active_roster,Miami Marlins,Nolan McLean,0.18,1.18,38.0,34.0,8.0,89.0,14.0,0.1,1.0,1.0,0.65,530.0,525.0,534.0,42.7
2026-05-31,2026-05-31T17:40:00+00:00,2026-05-31T13:40:00-04:00,1:40 PM,Miami Marlins vs New York Mets,3,Christopher Morel,666624,active_roster,Miami Marlins,Nolan McLean,0.18,1.18,38.0,34.0,8.0,89.0,14.0,0.1,1.0,1.0,0.65,569.0,583.0,567.0,42.7
2026-05-31,2026-05-31T17:40:00+00:00,2026-05-31T13:40:00-04:00,1:40 PM,Miami Marlins vs New York Mets,4,Connor Norby,681393,active_roster,Miami Marlins,Nolan McLean,0.18,1.18,38.0,34.0,8.0,89.0,14.0,0.1,1.0,1.0,0.65,443.0,450.0,430.0,42.7
2026-05-31,2026-05-31T17:40:00+00:00,2026-05-31T13:40:00-04:00,1:40 PM,Miami Marlins vs New York Mets,5,Xavier Edwards,669364,active_roster,Miami Marlins,Nolan McLean,0.26,1.18,47.0,42.0,14.0,92.5,18.0,0.22,1.0,1.0,0.78,386.0,400.0,401.0,42.7
2026-05-31,2026-05-31T17:40:00+00:00,2026-05-31T13:40:00-04:00,1:40 PM,Miami Marlins vs New York Mets,6,Javier Sanoja,691594,active_roster,Miami Marlins,Nolan McLean,0.18,1.18,38.0,34.0,8.0,89.0,14.0,0.1,1.0,1.0,0.65,601.0,601.0,610.0,42.7
2026-05-31,2026-05-31T17:40:00+00:00,2026-05-31T13:40:00-04:00,1:40 PM,Miami Marlins vs New York Mets,7,Leo Jiménez,677870,active_roster,Miami Marlins,Nolan McLean,,,,,,,,,1.0,1.0,,484.0,498.0,472.0,0.0
2026-05-31,2026-05-31T17:40:00+00:00,2026-05-31T13:40:00-04:00,1:40 PM,Miami Marlins vs New York Mets,8,Otto Lopez,672640,active_roster,Miami Marlins,Nolan McLean,0.12,1.18,31.0,24.0,4.0,86.0,9.0,0.04,1.0,1.0,0.52,591.0,604.0,581.0,42.7
2026-05-31,2026-05-31T17:40:00+00:00,2026-05-31T13:40:00-04:00,1:40 PM,Miami Marlins vs New York Mets,9,Heriberto Hernández,681715,active_roster,Miami Marlins,Nolan McLean,0.18,1.18,38.0,34.0,8.0,89.0,14.0,0.1,1.0,1.0,0.65,514.0,512.0,509.0,42.7
2026-05-31,2026-05-31T17:40:00+00:00,2026-05-31T13:40:00-04:00,1:40 PM,Miami Marlins vs New York Mets,1,Hayden Senger,663584,active_roster,New York Mets,John King,0.18,1.25,38.0,34.0,8.0,89.0,14.0,0.1,1.0,1.0,0.65,353.0,349.0,363.0,48.7
2026-05-31,2026-05-31T17:40:00+00:00,2026-05-31T13:40:00-04:00,1:40 PM,Miami Marlins vs New York Mets,2,Luis Torrens,620443,active_roster,New York Mets,John King,0.18,1.25,38.0,34.0,8.0,89.0,14.0,0.1,1.0,1.0,0.65,611.0,613.0,603.0,48.7
2026-05-31,2026-05-31T17:40:00+00:00,2026-05-31T13:40:00-04:00,1:40 PM,Miami Marlins vs New York Mets,3,Eric Wagaman,676572,active_roster,New York Mets,John King,0.18,1.25,38.0,34.0,8.0,89.0,14.0,0.1,1.0,1.0,0.65,582.0,584.0,592.0,48.7
2026-05-31,2026-05-31T17:40:00+00:00,2026-05-31T13:40:00-04:00,1:40 PM,Miami Marlins vs New York Mets,4,Jared Young,676724,active_roster,New York Mets,John King,0.18,1.25,38.0,34.0,8.0,89.0,14.0,0.1,1.0,1.0,0.65,513.0,521.0,528.0,48.7
2026-05-31,2026-05-31T17:40:00+00:00,2026-05-31T13:40:00-04:00,1:40 PM,Miami Marlins vs New York Mets,5,Mark Vientos,668901,active_roster,New York Mets,John King,0.18,1.25,38.0,34.0,8.0,89.0,14.0,0.1,1.0,1.0,0.65,530.0,534.0,524.0,48.7
2026-05-31,2026-05-31T17:40:00+00:00,2026-05-31T13:40:00-04:00,1:40 PM,Miami Marlins vs New York Mets,6,Marcus Semien,543760,active_roster,New York Mets,John King,0.18,1.25,38.0,34.0,8.0,89.0,14.0,0.1,1.0,1.0,0.65,422.0,408.0,429.0,48.7
2026-05-31,2026-05-31T17:40:00+00:00,2026-05-31T13:40:00-04:00,1:40 PM,Miami Marlins vs New York Mets,7,Bo Bichette,666182,active_roster,New York Mets,John King,0.18,1.25,38.0,34.0,8.0,89.0,14.0,0.1,1.0,1.0,0.65,456.0,456.0,460.0,48.7
2026-05-31,2026-05-31T17:40:00+00:00,2026-05-31T13:40:00-04:00,1:40 PM,Miami Marlins vs New York Mets,8,Brett Baty,683146,active_roster,New York Mets,John King,0.18,1.25,38.0,34.0,8.0,89.0,14.0,0.1,1.0,1.0,0.65,373.0,384.0,366.0,48.7
2026-05-31,2026-05-31T17:40:00+00:00,2026-05-31T13:40:00-04:00,1:40 PM,Miami Marlins vs New York Mets,9,Vidal Bruján,660644,active_roster,New York Mets,John King,0.18,1.25,38.0,34.0,8.0,89.0,14.0,0.1,1.0,1.0,0.65,616.0,616.0,606.0,48.7
2026-05-31,2026-05-31T18:10:00+00:00,2026-05-31T14:10:00-04:00,2:10 PM,Detroit Tigers vs Chicago White Sox,1,Drew Romo,691011,active_roster,Chicago White Sox,Keider Montero,0.18,1.15,38.0,34.0,8.0,89.0,14.0,0.1,1.0,1.0,0.65,471.0,474.0,466.0,42.02
2026-05-31,2026-05-31T18:10:00+00:00,2026-05-31T14:10:00-04:00,2:10 PM,Detroit Tigers vs Chicago White Sox,2,Edgar Quero,700337,active_roster,Chicago White Sox,Keider Montero,0.18,1.15,38.0,34.0,8.0,89.0,14.0,0.1,1.0,1.0,0.65,605.0,603.0,617.0,42.02
2026-05-31,2026-05-31T18:10:00+00:00,2026-05-31T14:10:00-04:00,2:10 PM,Detroit Tigers vs Chicago White Sox,3,Chase Meidroth,805367,active_roster,Chicago White Sox,Keider Montero,0.18,1.15,38.0,34.0,8.0,89.0,14.0,0.1,1.0,1.0,0.65,413.0,417.0,425.0,42.02
2026-05-31,2026-05-31T18:10:00+00:00,2026-05-31T14:10:00-04:00,2:10 PM,Detroit Tigers vs Chicago White Sox,4,Miguel Vargas,678246,active_roster,Chicago White Sox,Keider Montero,0.18,1.15,38.0,34.0,8.0,89.0,14.0,0.1,1.0,1.0,0.65,447.0,442.0,434.0,42.02
2026-05-31,2026-05-31T18:10:00+00:00,2026-05-31T14:10:00-04:00,2:10 PM,Detroit Tigers vs Chicago White Sox,5,Colson Montgomery,695657,active_roster,Chicago White Sox,Keider Montero,0.18,1.15,38.0,34.0,8.0,89.0,14.0,0.1,1.0,1.0,0.65,469.0,482.0,454.0,42.02
2026-05-31,2026-05-31T18:10:00+00:00,2026-05-31T14:10:00-04:00,2:10 PM,Detroit Tigers vs Chicago White Sox,6,Jacob Gonzalez,694378,active_roster,Chicago White Sox,Keider Montero,,,,,,,,,1.0,1.0,,412.0,412.0,403.0,0.0
2026-05-31,2026-05-31T18:10:00+00:00,2026-05-31T14:10:00-04:00,2:10 PM,Detroit Tigers vs Chicago White Sox,7,Sam Antonacci,803011,active_roster,Chicago White Sox,Keider Montero,0.18,1.15,38.0,34.0,8.0,89.0,14.0,0.1,1.0,1.0,0.65,539.0,546.0,544.0,42.02
2026-05-31,2026-05-31T18:10:00+00:00,2026-05-31T14:10:00-04:00,2:10 PM,Detroit Tigers vs Chicago White Sox,8,Luisangel Acuña,682668,active_roster,Chicago White Sox,Keider Montero,0.18,1.15,38.0,34.0,8.0,89.0,14.0,0.1,1.0,1.0,0.65,417.0,419.0,423.0,42.02
2026-05-31,2026-05-31T18:10:00+00:00,2026-05-31T14:10:00-04:00,2:10 PM,Detroit Tigers vs Chicago White Sox,9,Tristan Peters,671976,active_roster,Chicago White Sox,Keider Montero,0.18,1.15,38.0,34.0,8.0,89.0,14.0,0.1,1.0,1.0,0.65,533.0,545.0,545.0,42.02
2026-05-31,2026-05-31T18:10:00+00:00,2026-05-31T14:10:00-04:00,2:10 PM,Detroit Tigers vs Chicago White Sox,1,Dillon Dingler,693307,active_roster,Detroit Tigers,Sean Burke,0.18,0.75,38.0,34.0,8.0,89.0,14.0,0.1,0.98,1.0,0.65,615.0,619.0,627.0,35.88
2026-05-31,2026-05-31T18:10:00+00:00,2026-05-31T14:10:00-04:00,2:10 PM,Detroit Tigers vs Chicago White Sox,2,Jake Rogers,668670,active_roster,Detroit Tigers,Sean Burke,0.18,0.75,38.0,34.0,8.0,89.0,14.0,0.1,0.98,1.0,0.65,532.0,537.0,537.0,35.88
2026-05-31,2026-05-31T18:10:00+00:00,2026-05-31T14:10:00-04:00,2:10 PM,Detroit Tigers vs Chicago White Sox,3,Spencer Torkelson,679529,active_roster,Detroit Tigers,Sean Burke,0.18,0.75,38.0,34.0,8.0,89.0,14.0,0.1,0.98,1.0,0.65,523.0,524.0,526.0,35.88
2026-05-31,2026-05-31T18:10:00+00:00,2026-05-31T14:10:00-04:00,2:10 PM,Detroit Tigers vs Chicago White Sox,4,Hao-Yu  Lee,701678,active_roster,Detroit Tigers,Sean Burke,0.18,0.75,38.0,34.0,8.0,89.0,14.0,0.1,0.98,1.0,0.65,406.0,421.0,399.0,35.88
2026-05-31,2026-05-31T18:10:00+00:00,2026-05-31T14:10:00-04:00,2:10 PM,Detroit Tigers vs Chicago White Sox,5,Zach McKinstry,656716,active_roster,Detroit Tigers,Sean Burke,0.18,0.75,38.0,34.0,8.0,89.0,14.0,0.1,0.98,1.0,0.65,599.0,614.0,595.0,35.88
2026-05-31,2026-05-31T18:10:00+00:00,2026-05-31T14:10:00-04:00,2:10 PM,Detroit Tigers vs Chicago White Sox,6,Colt Keith,690993,active_roster,Detroit Tigers,Sean Burke,0.18,0.75,38.0,34.0,8.0,89.0,14.0,0.1,0.98,1.0,0.65,359.0,374.0,356.0,35.88
2026-05-31,2026-05-31T18:10:00+00:00,2026-05-31T14:10:00-04:00,2:10 PM,Detroit Tigers vs Chicago White Sox,7,Gage Workman,669398,active_roster,Detroit Tigers,Sean Burke,0.18,0.75,38.0,34.0,8.0,89.0,14.0,0.1,0.98,1.0,0.65,512.0,519.0,522.0,35.88
2026-05-31,2026-05-31T18:10:00+00:00,2026-05-31T14:10:00-04:00,2:10 PM,Detroit Tigers vs Chicago White Sox,8,Kevin McGonigle,805808,active_roster,Detroit Tigers,Sean Burke,0.18,0.75,38.0,34.0,8.0,89.0,14.0,0.1,0.98,1.0,0.65,425.0,425.0,425.0,35.88
2026-05-31,2026-05-31T18:10:00+00:00,2026-05-31T14:10:00-04:00,2:10 PM,Detroit Tigers vs Chicago White Sox,9,Zack Short,670097,active_roster,Detroit Tigers,Sean Burke,0.18,0.75,38.0,34.0,8.0,89.0,14.0,0.1,0.98,1.0,0.65,459.0,452.0,457.0,35.88
2026-05-31,2026-05-31T18:10:00+00:00,2026-05-31T14:10:00-04:00,2:10 PM,Milwaukee Brewers vs Houston Astros,1,Christian Vázquez,543877,active_roster,Houston Astros,Jacob Misiorowski,0.18,0.56,38.0,34.0,8.0,89.0,14.0,0.1,1.0,1.0,0.65,392.0,398.0,402.0,32.42
2026-05-31,2026-05-31T18:10:00+00:00,2026-05-31T14:10:00-04:00,2:10 PM,Milwaukee Brewers vs Houston Astros,2,César Salazar,663967,active_roster,Houston Astros,Jacob Misiorowski,0.18,0.56,38.0,34.0,8.0,89.0,14.0,0.1,1.0,1.0,0.65,375.0,371.0,384.0,32.42
2026-05-31,2026-05-31T18:10:00+00:00,2026-05-31T14:10:00-04:00,2:10 PM,Milwaukee Brewers vs Houston Astros,3,Christian Walker,572233,active_roster,Houston Astros,Jacob Misiorowski,0.18,0.56,38.0,34.0,8.0,89.0,14.0,0.1,1.0,1.0,0.65,465.0,474.0,476.0,32.42
2026-05-31,2026-05-31T18:10:00+00:00,2026-05-31T14:10:00-04:00,2:10 PM,Milwaukee Brewers vs Houston Astros,4,Isaac Paredes,670623,active_roster,Houston Astros,Jacob Misiorowski,0.18,0.56,38.0,34.0,8.0,89.0,14.0,0.1,1.0,1.0,0.65,628.0,613.0,626.0,32.42
2026-05-31,2026-05-31T18:10:00+00:00,2026-05-31T14:10:00-04:00,2:10 PM,Milwaukee Brewers vs Houston Astros,5,Braden Shewmake,669699,active_roster,Houston Astros,Jacob Misiorowski,0.18,0.56,38.0,34.0,8.0,89.0,14.0,0.1,1.0,1.0,0.65,425.0,424.0,436.0,32.42
2026-05-31,2026-05-31T18:10:00+00:00,2026-05-31T14:10:00-04:00,2:10 PM,Milwaukee Brewers vs Houston Astros,6,Jeremy Peña,665161,active_roster,Houston Astros,Jacob Misiorowski,0.18,0.56,38.0,34.0,8.0,89.0,14.0,0.1,1.0,1.0,0.65,597.0,582.0,586.0,32.42
2026-05-31,2026-05-31T18:10:00+00:00,2026-05-31T14:10:00-04:00,2:10 PM,Milwaukee Brewers vs Houston Astros,7,Nick Allen,669397,active_roster,Houston Astros,Jacob Misiorowski,0.18,0.56,38.0,34.0,8.0,89.0,14.0,0.1,1.0,1.0,0.65,648.0,645.0,650.0,32.42
2026-05-31,2026-05-31T18:10:00+00:00,2026-05-31T14:10:00-04:00,2:10 PM,Milwaukee Brewers vs Houston Astros,8,Zach Dezenzo,701305,active_roster,Houston Astros,Jacob Misiorowski,0.18,0.56,38.0,34.0,8.0,89.0,14.0,0.1,1.0,1.0,0.65,522.0,510.0,521.0,32.42
2026-05-31,2026-05-31T18:10:00+00:00,2026-05-31T14:10:00-04:00,2:10 PM,Milwaukee Brewers vs Houston Astros,9,Brice Matthews,694728,active_roster,Houston Astros,Jacob Misiorowski,0.18,0.56,38.0,34.0,8.0,89.0,14.0,0.1,1.0,1.0,0.65,508.0,503.0,500.0,32.42
2026-05-31,2026-05-31T18:10:00+00:00,2026-05-31T14:10:00-04:00,2:10 PM,Milwaukee Brewers vs Houston Astros,1,William Contreras,661388,active_roster,Milwaukee Brewers,Tatsuya Imai,0.18,1.56,38.0,34.0,8.0,89.0,14.0,0.1,1.04,1.0,0.65,501.0,509.0,496.0,49.97
2026-05-31,2026-05-31T18:10:00+00:00,2026-05-31T14:10:00-04:00,2:10 PM,Milwaukee Brewers vs Houston Astros,2,Andrew Vaughn,683734,active_roster,Milwaukee Brewers,Tatsuya Imai,0.18,1.56,38.0,34.0,8.0,89.0,14.0,0.1,1.04,1.0,0.65,483.0,474.0,484.0,49.97
2026-05-31,2026-05-31T18:10:00+00:00,2026-05-31T14:10:00-04:00,2:10 PM,Milwaukee Brewers vs Houston Astros,3,Jake Bauers,641343,active_roster,Milwaukee Brewers,Tatsuya Imai,0.18,1.56,38.0,34.0,8.0,89.0,14.0,0.1,1.04,1.0,0.65,478.0,463.0,485.0,49.97
2026-05-31,2026-05-31T18:10:00+00:00,2026-05-31T14:10:00-04:00,2:10 PM,Milwaukee Brewers vs Houston Astros,4,Brice Turang,668930,active_roster,Milwaukee Brewers,Tatsuya Imai,0.18,1.56,38.0,34.0,8.0,89.0,14.0,0.1,1.04,1.0,0.65,385.0,377.0,372.0,49.97
2026-05-31,2026-05-31T18:10:00+00:00,2026-05-31T14:10:00-04:00,2:10 PM,Milwaukee Brewers vs Houston Astros,5,Luis Rengifo,650859,active_roster,Milwaukee Brewers,Tatsuya Imai,0.18,1.56,36.0,31.0,6.2,88.1,12.4,0.09,1.04,1.0,0.62,379.0,382.0,385.0,49.97
2026-05-31,2026-05-31T18:10:00+00:00,2026-05-31T14:10:00-04:00,2:10 PM,Milwaukee Brewers vs Houston Astros,6,David Hamilton,666152,active_roster,Milwaukee Brewers,Tatsuya Imai,0.18,1.56,38.0,34.0,8.0,89.0,14.0,0.1,1.04,1.0,0.65,602.0,589.0,589.0,49.97
2026-05-31,2026-05-31T18:10:00+00:00,2026-05-31T14:10:00-04:00,2:10 PM,Milwaukee Brewers vs Houston Astros,7,Joey Ortiz,687401,active_roster,Milwaukee Brewers,Tatsuya Imai,0.18,1.56,38.0,34.0,8.0,89.0,14.0,0.1,1.04,1.0,0.65,436.0,428.0,449.0,49.97
2026-05-31,2026-05-31T18:10:00+00:00,2026-05-31T14:10:00-04:00,2:10 PM,Milwaukee Brewers vs Houston Astros,8,Jackson Chourio,694192,active_roster,Milwaukee Brewers,Tatsuya Imai,0.18,1.56,38.0,34.0,8.0,89.0,14.0,0.1,1.04,1.0,0.65,380.0,366.0,390.0,49.97
2026-05-31,2026-05-31T18:10:00+00:00,2026-05-31T14:10:00-04:00,2:10 PM,Milwaukee Brewers vs Houston Astros,9,Blake Perkins,663368,active_roster,Milwaukee Brewers,Tatsuya Imai,0.18,1.56,38.0,34.0,8.0,89.0,14.0,0.1,1.04,1.0,0.65,520.0,507.0,534.0,49.97
2026-05-31,2026-05-31T18:35:00+00:00,2026-05-31T14:35:00-04:00,2:35 PM,Kansas City Royals vs Texas Rangers,1,Carter Jensen,695600,active_roster,Kansas City Royals,Jack Leiter,0.18,1.35,38.0,34.0,8.0,89.0,14.0,0.1,1.0,1.0,0.65,364.0,355.0,354.0,45.55
2026-05-31,2026-05-31T18:35:00+00:00,2026-05-31T14:35:00-04:00,2:35 PM,Kansas City Royals vs Texas Rangers,2,Salvador Perez,521692,active_roster,Kansas City Royals,Jack Leiter,0.18,1.35,38.0,34.0,8.0,89.0,14.0,0.1,1.0,1.0,0.65,593.0,601.0,605.0,45.55
2026-05-31,2026-05-31T18:35:00+00:00,2026-05-31T14:35:00-04:00,2:35 PM,Kansas City Royals vs Texas Rangers,3,Vinnie Pasquantino,686469,active_roster,Kansas City Royals,Jack Leiter,0.18,1.35,38.0,34.0,8.0,89.0,14.0,0.1,1.0,1.0,0.65,456.0,444.0,466.0,45.55
2026-05-31,2026-05-31T18:35:00+00:00,2026-05-31T14:35:00-04:00,2:35 PM,Kansas City Royals vs Texas Rangers,4,Michael Massey,686681,active_roster,Kansas City Royals,Jack Leiter,0.18,1.35,38.0,34.0,8.0,89.0,14.0,0.1,1.0,1.0,0.65,440.0,445.0,428.0,45.55
2026-05-31,2026-05-31T18:35:00+00:00,2026-05-31T14:35:00-04:00,2:35 PM,Kansas City Royals vs Texas Rangers,5,Nick Loftin,679845,active_roster,Kansas City Royals,Jack Leiter,0.18,1.35,38.0,34.0,8.0,89.0,14.0,0.1,1.0,1.0,0.65,432.0,435.0,446.0,45.55
2026-05-31,2026-05-31T18:35:00+00:00,2026-05-31T14:35:00-04:00,2:35 PM,Kansas City Royals vs Texas Rangers,6,Tyler Tolbert,686475,active_roster,Kansas City Royals,Jack Leiter,0.18,1.35,38.0,34.0,8.0,89.0,14.0,0.1,1.0,1.0,0.65,358.0,372.0,358.0,45.55
2026-05-31,2026-05-31T18:35:00+00:00,2026-05-31T14:35:00-04:00,2:35 PM,Kansas City Royals vs Texas Rangers,7,Maikel Garcia,672580,active_roster,Kansas City Royals,Jack Leiter,0.18,1.35,38.0,34.0,8.0,89.0,14.0,0.1,1.0,1.0,0.65,491.0,497.0,503.0,45.55
2026-05-31,2026-05-31T18:35:00+00:00,2026-05-31T14:35:00-04:00,2:35 PM,Kansas City Royals vs Texas Rangers,8,Bobby Witt Jr.,677951,active_roster,Kansas City Royals,Jack Leiter,0.18,1.35,38.0,34.0,8.0,89.0,14.0,0.1,1.0,1.0,0.65,397.0,400.0,395.0,45.55
2026-05-31,2026-05-31T18:35:00+00:00,2026-05-31T14:35:00-04:00,2:35 PM,Kansas City Royals vs Texas Rangers,9,Isaac Collins,686555,active_roster,Kansas City Royals,Jack Leiter,0.18,1.35,38.0,34.0,8.0,89.0,14.0,0.1,1.0,1.0,0.65,387.0,402.0,392.0,45.55
2026-05-31,2026-05-31T18:35:00+00:00,2026-05-31T14:35:00-04:00,2:35 PM,Kansas City Royals vs Texas Rangers,1,Danny Jansen,643376,active_roster,Texas Rangers,Michael Wacha,0.18,1.03,38.0,34.0,8.0,89.0,14.0,0.1,1.06,1.05,0.65,580.0,565.0,576.0,39.05
2026-05-31,2026-05-31T18:35:00+00:00,2026-05-31T14:35:00-04:00,2:35 PM,Kansas City Royals vs Texas Rangers,2,Kyle Higashioka,543309,active_roster,Texas Rangers,Michael Wacha,0.18,1.03,38.0,34.0,8.0,89.0,14.0,0.1,1.06,1.05,0.65,481.0,490.0,473.0,39.05
2026-05-31,2026-05-31T18:35:00+00:00,2026-05-31T14:35:00-04:00,2:35 PM,Kansas City Royals vs Texas Rangers,3,Jake Burger,669394,active_roster,Texas Rangers,Michael Wacha,0.18,1.03,38.0,34.0,8.0,89.0,14.0,0.1,1.06,1.05,0.65,416.0,416.0,421.0,39.05
2026-05-31,2026-05-31T18:35:00+00:00,2026-05-31T14:35:00-04:00,2:35 PM,Kansas City Royals vs Texas Rangers,4,Ezequiel Duran,677649,active_roster,Texas Rangers,Michael Wacha,0.18,1.03,38.0,34.0,8.0,89.0,14.0,0.1,1.06,1.05,0.65,592.0,605.0,577.0,39.05
2026-05-31,2026-05-31T18:35:00+00:00,2026-05-31T14:35:00-04:00,2:35 PM,Kansas City Royals vs Texas Rangers,5,Justin Foscue,679822,active_roster,Texas Rangers,Michael Wacha,0.18,1.03,38.0,34.0,8.0,89.0,14.0,0.1,1.06,1.05,0.65,487.0,485.0,473.0,39.05
2026-05-31,2026-05-31T18:35:00+00:00,2026-05-31T14:35:00-04:00,2:35 PM,Kansas City Royals vs Texas Rangers,6,Nicky Lopez,670032,active_roster,Texas Rangers,Michael Wacha,0.18,1.03,38.0,34.0,8.0,89.0,14.0,0.1,1.06,1.05,0.65,647.0,660.0,660.0,39.05
2026-05-31,2026-05-31T18:35:00+00:00,2026-05-31T14:35:00-04:00,2:35 PM,Kansas City Royals vs Texas Rangers,7,Josh Jung,673962,active_roster,Texas Rangers,Michael Wacha,0.18,1.03,38.0,34.0,8.0,89.0,14.0,0.1,1.06,1.05,0.65,517.0,502.0,513.0,39.05
2026-05-31,2026-05-31T18:35:00+00:00,2026-05-31T14:35:00-04:00,2:35 PM,Kansas City Royals vs Texas Rangers,8,Alejandro Osuna,696030,active_roster,Texas Rangers,Michael Wacha,0.18,1.03,38.0,34.0,8.0,89.0,14.0,0.1,1.06,1.05,0.65,636.0,645.0,639.0,39.05
2026-05-31,2026-05-31T18:35:00+00:00,2026-05-31T14:35:00-04:00,2:35 PM,Kansas City Royals vs Texas Rangers,9,Sam Haggerty,664059,active_roster,Texas Rangers,Michael Wacha,0.18,1.03,38.0,34.0,8.0,89.0,14.0,0.1,1.06,1.05,0.65,434.0,430.0,422.0,39.05
2026-05-31,2026-05-31T19:10:00+00:00,2026-05-31T15:10:00-04:00,3:10 PM,San Francisco Giants vs Colorado Rockies,1,Braxton Fulford,690924,active_roster,Colorado Rockies,Robbie Ray,0.16,2.01,38.0,34.0,8.0,89.0,14.0,0.1,1.2,1.1,0.65,361.0,363.0,369.0,55.19
2026-05-31,2026-05-31T19:10:00+00:00,2026-05-31T15:10:00-04:00,3:10 PM,San Francisco Giants vs Colorado Rockies,2,Brett Sullivan,664954,active_roster,Colorado Rockies,Robbie Ray,0.16,2.01,38.0,34.0,8.0,89.0,14.0,0.1,1.2,1.1,0.65,446.0,447.0,451.0,55.19
2026-05-31,2026-05-31T19:10:00+00:00,2026-05-31T15:10:00-04:00,3:10 PM,San Francisco Giants vs Colorado Rockies,3,Hunter Goodman,696100,active_roster,Colorado Rockies,Robbie Ray,0.16,2.01,38.0,34.0,8.0,89.0,14.0,0.1,1.2,1.1,0.65,435.0,440.0,423.0,55.19
2026-05-31,2026-05-31T19:10:00+00:00,2026-05-31T15:10:00-04:00,3:10 PM,San Francisco Giants vs Colorado Rockies,4,TJ Rumfield,681198,active_roster,Colorado Rockies,Robbie Ray,0.16,2.01,38.0,34.0,8.0,89.0,14.0,0.1,1.2,1.1,0.65,606.0,598.0,605.0,55.19
2026-05-31,2026-05-31T19:10:00+00:00,2026-05-31T15:10:00-04:00,3:10 PM,San Francisco Giants vs Colorado Rockies,5,Chad Stevens,677060,active_roster,Colorado Rockies,Robbie Ray,0.16,2.01,38.0,34.0,8.0,89.0,14.0,0.1,1.2,1.1,0.65,397.0,393.0,399.0,55.19
2026-05-31,2026-05-31T19:10:00+00:00,2026-05-31T15:10:00-04:00,3:10 PM,San Francisco Giants vs Colorado Rockies,6,Edouard Julien,666397,active_roster,Colorado Rockies,Robbie Ray,0.16,2.01,38.0,34.0,8.0,89.0,14.0,0.1,1.2,1.1,0.65,583.0,569.0,583.0,55.19
2026-05-31,2026-05-31T19:10:00+00:00,2026-05-31T15:10:00-04:00,3:10 PM,San Francisco Giants vs Colorado Rockies,7,Willi Castro,650489,active_roster,Colorado Rockies,Robbie Ray,0.16,2.01,38.0,34.0,8.0,89.0,14.0,0.1,1.2,1.1,0.65,460.0,450.0,451.0,55.19
2026-05-31,2026-05-31T19:10:00+00:00,2026-05-31T15:10:00-04:00,3:10 PM,San Francisco Giants vs Colorado Rockies,8,Kyle Karros,691720,active_roster,Colorado Rockies,Robbie Ray,0.16,2.01,38.0,34.0,8.0,89.0,14.0,0.1,1.2,1.1,0.65,423.0,416.0,419.0,55.19
2026-05-31,2026-05-31T19:10:00+00:00,2026-05-31T15:10:00-04:00,3:10 PM,San Francisco Giants vs Colorado Rockies,9,Ezequiel Tovar,678662,active_roster,Colorado Rockies,Robbie Ray,0.16,2.01,38.0,34.0,8.0,89.0,14.0,0.1,1.2,1.1,0.65,524.0,510.0,539.0,55.19
2026-05-31,2026-05-31T19:10:00+00:00,2026-05-31T15:10:00-04:00,3:10 PM,San Francisco Giants vs Colorado Rockies,1,Daniel Susac,691740,active_roster,San Francisco Giants,Tanner Gordon,0.18,1.68,38.0,34.0,8.0,89.0,14.0,0.1,1.0,1.0,0.65,433.0,426.0,434.0,51.48
2026-05-31,2026-05-31T19:10:00+00:00,2026-05-31T15:10:00-04:00,3:10 PM,San Francisco Giants vs Colorado Rockies,2,Eric Haase,606992,active_roster,San Francisco Giants,Tanner Gordon,0.18,1.68,38.0,34.0,8.0,89.0,14.0,0.1,1.0,1.0,0.65,571.0,583.0,570.0,51.48
2026-05-31,2026-05-31T19:10:00+00:00,2026-05-31T15:10:00-04:00,3:10 PM,San Francisco Giants vs Colorado Rockies,3,Jesus Rodriguez,683679,active_roster,San Francisco Giants,Tanner Gordon,0.18,1.68,38.0,34.0,8.0,89.0,14.0,0.1,1.0,1.0,0.65,499.0,506.0,497.0,51.48
2026-05-31,2026-05-31T19:10:00+00:00,2026-05-31T15:10:00-04:00,3:10 PM,San Francisco Giants vs Colorado Rockies,4,Rafael Devers,646240,active_roster,San Francisco Giants,Tanner Gordon,0.18,1.68,38.0,34.0,8.0,89.0,14.0,0.1,1.0,1.0,0.65,447.0,449.0,453.0,51.48
2026-05-31,2026-05-31T19:10:00+00:00,2026-05-31T15:10:00-04:00,3:10 PM,San Francisco Giants vs Colorado Rockies,5,Luis Arraez,650333,active_roster,San Francisco Giants,Tanner Gordon,0.18,1.68,38.0,34.0,8.0,89.0,14.0,0.1,1.0,1.0,0.65,572.0,560.0,560.0,51.48
2026-05-31,2026-05-31T19:10:00+00:00,2026-05-31T15:10:00-04:00,3:10 PM,San Francisco Giants vs Colorado Rockies,6,Matt Chapman,656305,active_roster,San Francisco Giants,Tanner Gordon,0.18,1.68,38.0,34.0,8.0,89.0,14.0,0.1,1.0,1.0,0.65,387.0,391.0,382.0,51.48
2026-05-31,2026-05-31T19:10:00+00:00,2026-05-31T15:10:00-04:00,3:10 PM,San Francisco Giants vs Colorado Rockies,7,Willy Adames,642715,active_roster,San Francisco Giants,Tanner Gordon,0.18,1.68,38.0,34.0,8.0,89.0,14.0,0.1,1.0,1.0,0.65,369.0,356.0,368.0,51.48
2026-05-31,2026-05-31T19:10:00+00:00,2026-05-31T15:10:00-04:00,3:10 PM,San Francisco Giants vs Colorado Rockies,8,Will Brennan,686823,active_roster,San Francisco Giants,Tanner Gordon,0.18,1.68,38.0,34.0,8.0,89.0,14.0,0.1,1.0,1.0,0.65,595.0,604.0,586.0,51.48
2026-05-31,2026-05-31T19:10:00+00:00,2026-05-31T15:10:00-04:00,3:10 PM,San Francisco Giants vs Colorado Rockies,9,Drew Gilbert,687551,active_roster,San Francisco Giants,Tanner Gordon,0.18,1.68,38.0,34.0,8.0,89.0,14.0,0.1,1.0,1.0,0.65,414.0,408.0,424.0,51.48
2026-05-31,2026-05-31T20:05:00+00:00,2026-05-31T16:05:00-04:00,4:05 PM,New York Yankees vs Athletics,1,Jonah Heim,641680,active_roster,Athletics,Will Warren,0.18,1.08,38.0,34.0,8.0,89.0,14.0,0.1,1.0,1.0,0.65,491.0,494.0,506.0,40.58
2026-05-31,2026-05-31T20:05:00+00:00,2026-05-31T16:05:00-04:00,4:05 PM,New York Yankees vs Athletics,2,Shea Langeliers,669127,active_roster,Athletics,Will Warren,0.18,1.08,38.0,34.0,8.0,89.0,14.0,0.1,1.0,1.0,0.65,570.0,564.0,584.0,40.58
2026-05-31,2026-05-31T20:05:00+00:00,2026-05-31T16:05:00-04:00,4:05 PM,New York Yankees vs Athletics,3,Nick Kurtz,701762,active_roster,Athletics,Will Warren,0.18,1.08,38.0,34.0,8.0,89.0,14.0,0.1,1.0,1.0,0.65,623.0,628.0,622.0,40.58
2026-05-31,2026-05-31T20:05:00+00:00,2026-05-31T16:05:00-04:00,4:05 PM,New York Yankees vs Athletics,4,Alika Williams,675961,active_roster,Athletics,Will Warren,0.18,1.08,38.0,34.0,8.0,89.0,14.0,0.1,1.0,1.0,0.65,403.0,413.0,400.0,40.58
2026-05-31,2026-05-31T20:05:00+00:00,2026-05-31T16:05:00-04:00,4:05 PM,New York Yankees vs Athletics,5,Jeff McNeil,643446,active_roster,Athletics,Will Warren,0.18,1.08,38.0,34.0,8.0,89.0,14.0,0.1,1.0,1.0,0.65,578.0,592.0,570.0,40.58
2026-05-31,2026-05-31T20:05:00+00:00,2026-05-31T16:05:00-04:00,4:05 PM,New York Yankees vs Athletics,6,Zack Gelof,680869,active_roster,Athletics,Will Warren,0.18,1.08,38.0,34.0,8.0,89.0,14.0,0.1,1.0,1.0,0.65,503.0,516.0,501.0,40.58
2026-05-31,2026-05-31T20:05:00+00:00,2026-05-31T16:05:00-04:00,4:05 PM,New York Yankees vs Athletics,7,Darell Hernaiz,687231,active_roster,Athletics,Will Warren,0.18,1.08,38.0,34.0,8.0,89.0,14.0,0.1,1.0,1.0,0.65,386.0,387.0,396.0,40.58
2026-05-31,2026-05-31T20:05:00+00:00,2026-05-31T16:05:00-04:00,4:05 PM,New York Yankees vs Athletics,8,Tyler Soderstrom,691016,active_roster,Athletics,Will Warren,0.18,1.08,38.0,34.0,8.0,89.0,14.0,0.1,1.0,1.0,0.65,528.0,519.0,522.0,40.58
2026-05-31,2026-05-31T20:05:00+00:00,2026-05-31T16:05:00-04:00,4:05 PM,New York Yankees vs Athletics,9,Henry Bolte,703607,active_roster,Athletics,Will Warren,0.18,1.08,38.0,34.0,8.0,89.0,14.0,0.1,1.0,1.0,0.65,459.0,465.0,455.0,40.58
2026-05-31,2026-05-31T20:05:00+00:00,2026-05-31T16:05:00-04:00,4:05 PM,New York Yankees vs Athletics,1,Austin Wells,669224,active_roster,New York Yankees,Jacob Lopez,0.16,2.05,38.0,34.0,8.0,89.0,14.0,0.1,1.1,1.05,0.65,542.0,553.0,535.0,56.92
2026-05-31,2026-05-31T20:05:00+00:00,2026-05-31T16:05:00-04:00,4:05 PM,New York Yankees vs Athletics,2,J.C. Escarra,641555,active_roster,New York Yankees,Jacob Lopez,0.16,2.05,38.0,34.0,8.0,89.0,14.0,0.1,1.1,1.05,0.65,551.0,539.0,540.0,56.92
2026-05-31,2026-05-31T20:05:00+00:00,2026-05-31T16:05:00-04:00,4:05 PM,New York Yankees vs Athletics,3,Ben Rice,700250,active_roster,New York Yankees,Jacob Lopez,0.16,2.05,38.0,34.0,8.0,89.0,14.0,0.1,1.1,1.05,0.65,373.0,365.0,360.0,56.92
2026-05-31,2026-05-31T20:05:00+00:00,2026-05-31T16:05:00-04:00,4:05 PM,New York Yankees vs Athletics,4,Paul Goldschmidt,502671,active_roster,New York Yankees,Jacob Lopez,0.16,2.05,38.0,34.0,8.0,89.0,14.0,0.1,1.1,1.05,0.65,482.0,490.0,484.0,56.92
2026-05-31,2026-05-31T20:05:00+00:00,2026-05-31T16:05:00-04:00,4:05 PM,New York Yankees vs Athletics,5,Jazz Chisholm Jr.,665862,active_roster,New York Yankees,Jacob Lopez,0.16,2.05,38.0,34.0,8.0,89.0,14.0,0.1,1.1,1.05,0.65,389.0,380.0,376.0,56.92
2026-05-31,2026-05-31T20:05:00+00:00,2026-05-31T16:05:00-04:00,4:05 PM,New York Yankees vs Athletics,6,Ryan McMahon,641857,active_roster,New York Yankees,Jacob Lopez,0.16,2.05,38.0,34.0,8.0,89.0,14.0,0.1,1.1,1.05,0.65,501.0,516.0,502.0,56.92
2026-05-31,2026-05-31T20:05:00+00:00,2026-05-31T16:05:00-04:00,4:05 PM,New York Yankees vs Athletics,7,Anthony Volpe,683011,active_roster,New York Yankees,Jacob Lopez,0.16,2.05,38.0,34.0,8.0,89.0,14.0,0.1,1.1,1.05,0.65,507.0,514.0,521.0,56.92
2026-05-31,2026-05-31T20:05:00+00:00,2026-05-31T16:05:00-04:00,4:05 PM,New York Yankees vs Athletics,8,José Caballero,676609,active_roster,New York Yankees,Jacob Lopez,0.16,2.05,38.0,34.0,8.0,89.0,14.0,0.1,1.1,1.05,0.65,433.0,443.0,430.0,56.92
2026-05-31,2026-05-31T20:05:00+00:00,2026-05-31T16:05:00-04:00,4:05 PM,New York Yankees vs Athletics,9,Max Schuemann,680474,active_roster,New York Yankees,Jacob Lopez,0.16,2.05,38.0,34.0,8.0,89.0,14.0,0.1,1.1,1.05,0.65,560.0,552.0,554.0,56.92
2026-05-31,2026-05-31T20:10:00+00:00,2026-05-31T16:10:00-04:00,4:10 PM,Arizona Diamondbacks vs Seattle Mariners,1,Aramis Garcia,605244,active_roster,Arizona Diamondbacks,Bryce Miller,0.18,1.12,38.0,34.0,8.0,89.0,14.0,0.1,1.0,1.0,0.65,460.0,470.0,466.0,39.99
2026-05-31,2026-05-31T20:10:00+00:00,2026-05-31T16:10:00-04:00,4:10 PM,Arizona Diamondbacks vs Seattle Mariners,2,Gabriel Moreno,672515,active_roster,Arizona Diamondbacks,Bryce Miller,0.18,1.12,38.0,34.0,8.0,89.0,14.0,0.1,1.0,1.0,0.65,407.0,401.0,401.0,39.99
2026-05-31,2026-05-31T20:10:00+00:00,2026-05-31T16:10:00-04:00,4:10 PM,Arizona Diamondbacks vs Seattle Mariners,3,Ildemaro Vargas,545121,active_roster,Arizona Diamondbacks,Bryce Miller,0.18,1.12,38.0,34.0,8.0,89.0,14.0,0.1,1.0,1.0,0.65,424.0,436.0,432.0,39.99
2026-05-31,2026-05-31T20:10:00+00:00,2026-05-31T16:10:00-04:00,4:10 PM,Arizona Diamondbacks vs Seattle Mariners,4,Ketel Marte,606466,active_roster,Arizona Diamondbacks,Bryce Miller,0.18,1.12,38.0,34.0,8.0,89.0,14.0,0.1,1.0,1.0,0.65,491.0,505.0,482.0,39.99
2026-05-31,2026-05-31T20:10:00+00:00,2026-05-31T16:10:00-04:00,4:10 PM,Arizona Diamondbacks vs Seattle Mariners,5,Nolan Arenado,571448,active_roster,Arizona Diamondbacks,Bryce Miller,0.18,1.12,38.0,34.0,8.0,89.0,14.0,0.1,1.0,1.0,0.65,518.0,526.0,521.0,39.99
2026-05-31,2026-05-31T20:10:00+00:00,2026-05-31T16:10:00-04:00,4:10 PM,Arizona Diamondbacks vs Seattle Mariners,6,Geraldo Perdomo,672695,active_roster,Arizona Diamondbacks,Bryce Miller,0.18,1.12,38.0,34.0,8.0,89.0,14.0,0.1,1.0,1.0,0.65,558.0,565.0,544.0,39.99
2026-05-31,2026-05-31T20:10:00+00:00,2026-05-31T16:10:00-04:00,4:10 PM,Arizona Diamondbacks vs Seattle Mariners,7,Tim Tawa,694374,active_roster,Arizona Diamondbacks,Bryce Miller,0.18,1.12,38.0,34.0,8.0,89.0,14.0,0.1,1.0,1.0,0.65,533.0,521.0,533.0,39.99
2026-05-31,2026-05-31T20:10:00+00:00,2026-05-31T16:10:00-04:00,4:10 PM,Arizona Diamondbacks vs Seattle Mariners,8,Jorge Barrosa,678489,active_roster,Arizona Diamondbacks,Bryce Miller,0.18,1.12,38.0,34.0,8.0,89.0,14.0,0.1,1.0,1.0,0.65,458.0,469.0,468.0,39.99
2026-05-31,2026-05-31T20:10:00+00:00,2026-05-31T16:10:00-04:00,4:10 PM,Arizona Diamondbacks vs Seattle Mariners,9,Ryan Waldschmidt,814439,active_roster,Arizona Diamondbacks,Bryce Miller,0.18,1.12,38.0,34.0,8.0,89.0,14.0,0.1,1.0,1.0,0.65,504.0,517.0,519.0,39.99
2026-05-31,2026-05-31T20:10:00+00:00,2026-05-31T16:10:00-04:00,4:10 PM,Arizona Diamondbacks vs Seattle Mariners,1,Jhonny Pereda,640902,active_roster,Seattle Mariners,Merrill Kelly,0.18,1.5,38.0,34.0,8.0,89.0,14.0,0.1,1.0,1.0,0.65,585.0,593.0,571.0,48.37
2026-05-31,2026-05-31T20:10:00+00:00,2026-05-31T16:10:00-04:00,4:10 PM,Arizona Diamondbacks vs Seattle Mariners,2,Mitch Garver,641598,active_roster,Seattle Mariners,Merrill Kelly,0.18,1.5,38.0,34.0,8.0,89.0,14.0,0.1,1.0,1.0,0.65,461.0,449.0,453.0,48.37
2026-05-31,2026-05-31T20:10:00+00:00,2026-05-31T16:10:00-04:00,4:10 PM,Arizona Diamondbacks vs Seattle Mariners,3,Josh Naylor,647304,active_roster,Seattle Mariners,Merrill Kelly,0.18,1.5,38.0,34.0,8.0,89.0,14.0,0.1,1.0,1.0,0.65,425.0,413.0,424.0,48.37
2026-05-31,2026-05-31T20:10:00+00:00,2026-05-31T16:10:00-04:00,4:10 PM,Arizona Diamondbacks vs Seattle Mariners,4,Cole Young,702284,active_roster,Seattle Mariners,Merrill Kelly,0.18,1.5,38.0,34.0,8.0,89.0,14.0,0.1,1.0,1.0,0.65,356.0,353.0,352.0,48.37
2026-05-31,2026-05-31T20:10:00+00:00,2026-05-31T16:10:00-04:00,4:10 PM,Arizona Diamondbacks vs Seattle Mariners,5,Colt Emerson,806068,active_roster,Seattle Mariners,Merrill Kelly,0.18,1.5,38.0,34.0,8.0,89.0,14.0,0.1,1.0,1.0,0.65,506.0,513.0,509.0,48.37
2026-05-31,2026-05-31T20:10:00+00:00,2026-05-31T16:10:00-04:00,4:10 PM,Arizona Diamondbacks vs Seattle Mariners,6,Patrick Wisdom,621550,active_roster,Seattle Mariners,Merrill Kelly,0.18,1.5,38.0,34.0,8.0,89.0,14.0,0.1,1.0,1.0,0.65,426.0,437.0,428.0,48.37
2026-05-31,2026-05-31T20:10:00+00:00,2026-05-31T16:10:00-04:00,4:10 PM,Arizona Diamondbacks vs Seattle Mariners,7,J.P. Crawford,641487,active_roster,Seattle Mariners,Merrill Kelly,0.18,1.5,38.0,34.0,8.0,89.0,14.0,0.1,1.0,1.0,0.65,410.0,421.0,418.0,48.37
2026-05-31,2026-05-31T20:10:00+00:00,2026-05-31T16:10:00-04:00,4:10 PM,Arizona Diamondbacks vs Seattle Mariners,8,Randy Arozarena,668227,active_roster,Seattle Mariners,Merrill Kelly,0.18,1.5,38.0,34.0,8.0,89.0,14.0,0.1,1.0,1.0,0.65,490.0,483.0,477.0,48.37
2026-05-31,2026-05-31T20:10:00+00:00,2026-05-31T16:10:00-04:00,4:10 PM,Arizona Diamondbacks vs Seattle Mariners,9,Julio Rodríguez,677594,active_roster,Seattle Mariners,Merrill Kelly,0.18,1.5,38.0,34.0,8.0,89.0,14.0,0.1,1.0,1.0,0.65,466.0,459.0,479.0,48.37
2026-05-31,2026-05-31T20:10:00+00:00,2026-05-31T16:10:00-04:00,4:10 PM,Philadelphia Phillies vs Los Angeles Dodgers,1,Dalton Rushing,687221,active_roster,Los Angeles Dodgers,Andrew Painter,0.18,1.26,38.0,34.0,8.0,89.0,14.0,0.1,1.15,1.0,0.65,356.0,351.0,368.0,44.79
2026-05-31,2026-05-31T20:10:00+00:00,2026-05-31T16:10:00-04:00,4:10 PM,Philadelphia Phillies vs Los Angeles Dodgers,2,Will Smith,669257,active_roster,Los Angeles Dodgers,Andrew Painter,0.18,1.26,38.0,34.0,8.0,89.0,14.0,0.1,1.15,1.0,0.65,544.0,555.0,531.0,44.79
2026-05-31,2026-05-31T20:10:00+00:00,2026-05-31T16:10:00-04:00,4:10 PM,Philadelphia Phillies vs Los Angeles Dodgers,3,Freddie Freeman,518692,active_roster,Los Angeles Dodgers,Andrew Painter,0.18,1.26,38.0,34.0,8.0,89.0,14.0,0.1,1.15,1.0,0.65,508.0,501.0,499.0,44.79
2026-05-31,2026-05-31T20:10:00+00:00,2026-05-31T16:10:00-04:00,4:10 PM,Philadelphia Phillies vs Los Angeles Dodgers,4,Alex Freeland,690976,active_roster,Los Angeles Dodgers,Andrew Painter,0.18,1.26,38.0,34.0,8.0,89.0,14.0,0.1,1.15,1.0,0.65,540.0,548.0,538.0,44.79
2026-05-31,2026-05-31T20:10:00+00:00,2026-05-31T16:10:00-04:00,4:10 PM,Philadelphia Phillies vs Los Angeles Dodgers,5,Max Muncy,571970,active_roster,Los Angeles Dodgers,Andrew Painter,0.18,1.26,38.0,34.0,8.0,89.0,14.0,0.1,1.15,1.0,0.65,529.0,544.0,518.0,44.79
2026-05-31,2026-05-31T20:10:00+00:00,2026-05-31T16:10:00-04:00,4:10 PM,Philadelphia Phillies vs Los Angeles Dodgers,6,Santiago Espinal,669289,active_roster,Los Angeles Dodgers,Andrew Painter,,,,,,,,,1.15,1.0,,472.0,460.0,465.0,0.0
2026-05-31,2026-05-31T20:10:00+00:00,2026-05-31T16:10:00-04:00,4:10 PM,Philadelphia Phillies vs Los Angeles Dodgers,7,Miguel Rojas,500743,active_roster,Los Angeles Dodgers,Andrew Painter,0.18,1.26,38.0,34.0,8.0,89.0,14.0,0.1,1.15,1.0,0.65,389.0,403.0,389.0,44.79
2026-05-31,2026-05-31T20:10:00+00:00,2026-05-31T16:10:00-04:00,4:10 PM,Philadelphia Phillies vs Los Angeles Dodgers,8,Mookie Betts,605141,active_roster,Los Angeles Dodgers,Andrew Painter,0.26,1.26,47.0,42.0,14.0,92.5,18.0,0.22,1.15,1.0,0.78,649.0,656.0,650.0,44.79
2026-05-31,2026-05-31T20:10:00+00:00,2026-05-31T16:10:00-04:00,4:10 PM,Philadelphia Phillies vs Los Angeles Dodgers,9,Alex Call,669743,active_roster,Los Angeles Dodgers,Andrew Painter,0.18,1.26,38.0,34.0,8.0,89.0,14.0,0.1,1.15,1.0,0.65,466.0,474.0,464.0,44.79
2026-05-31,2026-05-31T20:10:00+00:00,2026-05-31T16:10:00-04:00,4:10 PM,Philadelphia Phillies vs Los Angeles Dodgers,1,Garrett Stubbs,596117,active_roster,Philadelphia Phillies,Yoshinobu Yamamoto,0.18,1.27,38.0,34.0,8.0,89.0,14.0,0.1,1.08,1.0,0.65,454.0,451.0,450.0,42.91
2026-05-31,2026-05-31T20:10:00+00:00,2026-05-31T16:10:00-04:00,4:10 PM,Philadelphia Phillies vs Los Angeles Dodgers,2,J.T. Realmuto,592663,active_roster,Philadelphia Phillies,Yoshinobu Yamamoto,0.18,1.27,38.0,34.0,8.0,89.0,14.0,0.1,1.08,1.0,0.65,530.0,535.0,515.0,42.91
2026-05-31,2026-05-31T20:10:00+00:00,2026-05-31T16:10:00-04:00,4:10 PM,Philadelphia Phillies vs Los Angeles Dodgers,3,Rafael Marchán,665561,active_roster,Philadelphia Phillies,Yoshinobu Yamamoto,0.18,1.27,38.0,34.0,8.0,89.0,14.0,0.1,1.08,1.0,0.65,477.0,474.0,470.0,42.91
2026-05-31,2026-05-31T20:10:00+00:00,2026-05-31T16:10:00-04:00,4:10 PM,Philadelphia Phillies vs Los Angeles Dodgers,4,Bryce Harper,547180,active_roster,Philadelphia Phillies,Yoshinobu Yamamoto,0.29,1.27,50.0,43.0,15.9,92.9,18.6,0.28,1.08,1.0,0.89,310.0,322.0,300.0,42.91
2026-05-31,2026-05-31T20:10:00+00:00,2026-05-31T16:10:00-04:00,4:10 PM,Philadelphia Phillies vs Los Angeles Dodgers,5,Bryson Stott,681082,active_roster,Philadelphia Phillies,Yoshinobu Yamamoto,0.18,1.27,38.0,34.0,8.0,89.0,14.0,0.1,1.08,1.0,0.65,351.0,357.0,349.0,42.91
2026-05-31,2026-05-31T20:10:00+00:00,2026-05-31T16:10:00-04:00,4:10 PM,Philadelphia Phillies vs Los Angeles Dodgers,6,Edmundo Sosa,624641,active_roster,Philadelphia Phillies,Yoshinobu Yamamoto,0.18,1.27,38.0,34.0,8.0,89.0,14.0,0.1,1.08,1.0,0.65,562.0,569.0,556.0,42.91
2026-05-31,2026-05-31T20:10:00+00:00,2026-05-31T16:10:00-04:00,4:10 PM,Philadelphia Phillies vs Los Angeles Dodgers,7,Alec Bohm,664761,active_roster,Philadelphia Phillies,Yoshinobu Yamamoto,0.18,1.27,38.0,34.0,8.0,89.0,14.0,0.1,1.08,1.0,0.65,432.0,421.0,420.0,42.91
2026-05-31,2026-05-31T20:10:00+00:00,2026-05-31T16:10:00-04:00,4:10 PM,Philadelphia Phillies vs Los Angeles Dodgers,8,Trea Turner,607208,active_roster,Philadelphia Phillies,Yoshinobu Yamamoto,0.18,1.27,38.0,34.0,8.0,89.0,14.0,0.1,1.08,1.0,0.65,518.0,503.0,521.0,42.91
2026-05-31,2026-05-31T20:10:00+00:00,2026-05-31T16:10:00-04:00,4:10 PM,Philadelphia Phillies vs Los Angeles Dodgers,9,Brandon Marsh,669016,active_roster,Philadelphia Phillies,Yoshinobu Yamamoto,0.18,1.27,38.0,34.0,8.0,89.0,14.0,0.1,1.08,1.0,0.65,443.0,447.0,434.0,42.91
2026-05-31,2026-05-31T23:20:00+00:00,2026-05-31T19:20:00-04:00,7:20 PM,Chicago Cubs vs St. Louis Cardinals,1,Carson Kelly,608348,active_roster,Chicago Cubs,Matthew Liberatore,0.16,1.6,38.0,34.0,8.0,89.0,14.0,0.1,1.0,1.0,0.65,583.0,580.0,581.0,49.33
2026-05-31,2026-05-31T23:20:00+00:00,2026-05-31T19:20:00-04:00,7:20 PM,Chicago Cubs vs St. Louis Cardinals,2,Miguel Amaya,665804,active_roster,Chicago Cubs,Matthew Liberatore,0.16,1.6,38.0,34.0,8.0,89.0,14.0,0.1,1.0,1.0,0.65,493.0,485.0,489.0,49.33
2026-05-31,2026-05-31T23:20:00+00:00,2026-05-31T19:20:00-04:00,7:20 PM,Chicago Cubs vs St. Louis Cardinals,3,Michael Busch,683737,active_roster,Chicago Cubs,Matthew Liberatore,0.16,1.6,38.0,34.0,8.0,89.0,14.0,0.1,1.0,1.0,0.65,353.0,359.0,351.0,49.33
2026-05-31,2026-05-31T23:20:00+00:00,2026-05-31T19:20:00-04:00,7:20 PM,Chicago Cubs vs St. Louis Cardinals,4,Nico Hoerner,663538,active_roster,Chicago Cubs,Matthew Liberatore,0.16,1.6,38.0,34.0,8.0,89.0,14.0,0.1,1.0,1.0,0.65,578.0,574.0,571.0,49.33
2026-05-31,2026-05-31T23:20:00+00:00,2026-05-31T19:20:00-04:00,7:20 PM,Chicago Cubs vs St. Louis Cardinals,5,Pedro Ramírez,699393,active_roster,Chicago Cubs,Matthew Liberatore,0.16,1.6,38.0,34.0,8.0,89.0,14.0,0.1,1.0,1.0,0.65,477.0,472.0,487.0,49.33
2026-05-31,2026-05-31T23:20:00+00:00,2026-05-31T19:20:00-04:00,7:20 PM,Chicago Cubs vs St. Louis Cardinals,6,Alex Bregman,608324,active_roster,Chicago Cubs,Matthew Liberatore,0.16,1.6,38.0,34.0,8.0,89.0,14.0,0.1,1.0,1.0,0.65,386.0,376.0,391.0,49.33
2026-05-31,2026-05-31T23:20:00+00:00,2026-05-31T19:20:00-04:00,7:20 PM,Chicago Cubs vs St. Louis Cardinals,7,Dansby Swanson,621020,active_roster,Chicago Cubs,Matthew Liberatore,0.16,1.6,38.0,34.0,8.0,89.0,14.0,0.1,1.0,1.0,0.65,444.0,429.0,456.0,49.33
2026-05-31,2026-05-31T23:20:00+00:00,2026-05-31T19:20:00-04:00,7:20 PM,Chicago Cubs vs St. Louis Cardinals,8,Ian Happ,664023,active_roster,Chicago Cubs,Matthew Liberatore,0.16,1.6,38.0,34.0,8.0,89.0,14.0,0.1,1.0,1.0,0.65,593.0,583.0,584.0,49.33
2026-05-31,2026-05-31T23:20:00+00:00,2026-05-31T19:20:00-04:00,7:20 PM,Chicago Cubs vs St. Louis Cardinals,9,Pete Crow-Armstrong,691718,active_roster,Chicago Cubs,Matthew Liberatore,0.16,1.6,38.0,34.0,8.0,89.0,14.0,0.1,1.0,1.0,0.65,472.0,470.0,464.0,49.33
2026-05-31,2026-05-31T23:20:00+00:00,2026-05-31T19:20:00-04:00,7:20 PM,Chicago Cubs vs St. Louis Cardinals,1,Jimmy Crooks,699625,active_roster,St. Louis Cardinals,Jordan Wicks,,,,,,,,,1.0,1.0,,395.0,406.0,410.0,0.0
2026-05-31,2026-05-31T23:20:00+00:00,2026-05-31T19:20:00-04:00,7:20 PM,Chicago Cubs vs St. Louis Cardinals,2,Pedro Pagés,686780,active_roster,St. Louis Cardinals,Jordan Wicks,0.16,2.2,38.0,34.0,8.0,89.0,14.0,0.1,1.0,1.0,0.65,557.0,552.0,549.0,63.49
2026-05-31,2026-05-31T23:20:00+00:00,2026-05-31T19:20:00-04:00,7:20 PM,Chicago Cubs vs St. Louis Cardinals,3,Alec Burleson,676475,active_roster,St. Louis Cardinals,Jordan Wicks,0.16,2.2,38.0,34.0,8.0,89.0,14.0,0.1,1.0,1.0,0.65,502.0,513.0,491.0,63.49
2026-05-31,2026-05-31T23:20:00+00:00,2026-05-31T19:20:00-04:00,7:20 PM,Chicago Cubs vs St. Louis Cardinals,4,JJ Wetherholt,802139,active_roster,St. Louis Cardinals,Jordan Wicks,0.16,2.2,38.0,34.0,8.0,89.0,14.0,0.1,1.0,1.0,0.65,408.0,407.0,412.0,63.49
2026-05-31,2026-05-31T23:20:00+00:00,2026-05-31T19:20:00-04:00,7:20 PM,Chicago Cubs vs St. Louis Cardinals,5,Nolan Gorman,669357,active_roster,St. Louis Cardinals,Jordan Wicks,0.16,2.2,38.0,34.0,8.0,89.0,14.0,0.1,1.0,1.0,0.65,471.0,463.0,482.0,63.49
2026-05-31,2026-05-31T23:20:00+00:00,2026-05-31T19:20:00-04:00,7:20 PM,Chicago Cubs vs St. Louis Cardinals,6,Masyn Winn,691026,active_roster,St. Louis Cardinals,Jordan Wicks,0.16,2.2,38.0,34.0,8.0,89.0,14.0,0.1,1.0,1.0,0.65,397.0,382.0,392.0,63.49
2026-05-31,2026-05-31T23:20:00+00:00,2026-05-31T19:20:00-04:00,7:20 PM,Chicago Cubs vs St. Louis Cardinals,7,José Fermín,665877,active_roster,St. Louis Cardinals,Jordan Wicks,0.16,2.2,38.0,34.0,8.0,89.0,14.0,0.1,1.0,1.0,0.65,623.0,616.0,616.0,63.49
2026-05-31,2026-05-31T23:20:00+00:00,2026-05-31T19:20:00-04:00,7:20 PM,Chicago Cubs vs St. Louis Cardinals,8,Thomas Saggese,695336,active_roster,St. Louis Cardinals,Jordan Wicks,0.16,2.2,38.0,34.0,8.0,89.0,14.0,0.1,1.0,1.0,0.65,384.0,394.0,384.0,63.49
2026-05-31,2026-05-31T23:20:00+00:00,2026-05-31T19:20:00-04:00,7:20 PM,Chicago Cubs vs St. Louis Cardinals,9,Victor Scott II,687363,active_roster,St. Louis Cardinals,Jordan Wicks,0.16,2.2,38.0,34.0,8.0,89.0,14.0,0.1,1.0,1.0,0.65,350.0,347.0,345.0,63.49
