Player,Hand,ISO_vs_RHP,ISO_vs_LHP,HardHit,FlyBall,BarrelRate,ExitVelocity,LaunchAngle,RecentHRRate,Matchup
Mike Trout,R,0.28,0.25,46.0,40.0,14.2,92.5,18.4,0.22,0.8
Taylor Ward,R,0.23,0.2,43.0,38.0,10.1,90.2,16.8,0.14,0.72
Logan O'Hoppe,R,0.22,0.19,42.0,37.0,11.4,91.1,17.2,0.16,0.7
Nolan Schanuel,L,0.17,0.13,35.0,30.0,5.8,87.4,11.6,0.08,0.6
Jorge Soler,R,0.26,0.22,47.0,41.0,15.6,93.1,19.8,0.24,0.78
Luis Rengifo,S,0.18,0.16,36.0,31.0,6.2,88.1,12.4,0.09,0.62
Zach Neto,R,0.21,0.17,40.0,34.0,8.9,89.5,15.2,0.13,0.68
Jo Adell,R,0.25,0.21,45.0,39.0,13.1,92.0,18.1,0.19,0.76
Mickey Moniak,L,0.19,0.15,38.0,32.0,7.1,88.7,13.4,0.1,0.64
Aaron Judge,R,0.34,0.3,55.0,48.0,24.1,96.8,21.4,0.42,0.95
Juan Soto,L,0.31,0.28,52.0,45.0,19.8,94.1,19.5,0.34,0.92
Shohei Ohtani,L,0.33,0.29,54.0,46.0,22.5,95.6,20.8,0.39,0.94
Kyle Schwarber,L,0.32,0.25,51.0,49.0,18.4,93.8,22.1,0.33,0.91
Bryce Harper,L,0.29,0.26,50.0,43.0,15.9,92.9,18.6,0.28,0.89
Vaughn Grissom,R,0.18,0.16,38.0,34.0,8.0,89.0,14.0,0.1,0.65
Wade Meckler,R,0.18,0.16,38.0,34.0,8.0,89.0,14.0,0.1,0.65
Jose Siri,R,0.18,0.16,38.0,34.0,8.0,89.0,14.0,0.1,0.65
Adam Frazier,R,0.18,0.16,38.0,34.0,8.0,89.0,14.0,0.1,0.65
Oswald Peraza,R,0.18,0.16,38.0,34.0,8.0,89.0,14.0,0.1,0.65
Colt Keith,R,0.18,0.16,38.0,34.0,8.0,89.0,14.0,0.1,0.65
Kevin McGonigle,R,0.18,0.16,38.0,34.0,8.0,89.0,14.0,0.1,0.65
Dillon Dingler,R,0.18,0.16,38.0,34.0,8.0,89.0,14.0,0.1,0.65
Riley Greene,R,0.18,0.16,38.0,34.0,8.0,89.0,14.0,0.1,0.65
Spencer Torkelson,R,0.18,0.16,38.0,34.0,8.0,89.0,14.0,0.1,0.65
Zach McKinstry,R,0.18,0.16,38.0,34.0,8.0,89.0,14.0,0.1,0.65
Matt Vierling,R,0.18,0.16,38.0,34.0,8.0,89.0,14.0,0.1,0.65
Wenceel Pérez,R,0.18,0.16,38.0,34.0,8.0,89.0,14.0,0.1,0.65
Jake Rogers,R,0.18,0.16,38.0,34.0,8.0,89.0,14.0,0.1,0.65
Byron Buxton,R,0.18,0.16,38.0,34.0,8.0,89.0,14.0,0.1,0.65
Brooks Lee,R,0.18,0.16,38.0,34.0,8.0,89.0,14.0,0.1,0.65
Trevor Larnach,R,0.18,0.16,38.0,34.0,8.0,89.0,14.0,0.1,0.65
Kody Clemens,R,0.18,0.16,38.0,34.0,8.0,89.0,14.0,0.1,0.65
Josh Bell,R,0.18,0.16,38.0,34.0,8.0,89.0,14.0,0.1,0.65
Orlando Arcia,R,0.18,0.16,38.0,34.0,8.0,89.0,14.0,0.1,0.65
Victor Caratini,R,0.18,0.16,38.0,34.0,8.0,89.0,14.0,0.1,0.65
Tristan Gray,R,0.18,0.16,38.0,34.0,8.0,89.0,14.0,0.1,0.65
Ryan Kreidler,R,0.18,0.16,38.0,34.0,8.0,89.0,14.0,0.1,0.65
Sam Antonacci,R,0.18,0.16,38.0,34.0,8.0,89.0,14.0,0.1,0.65
Munetaka Murakami,R,0.18,0.16,38.0,34.0,8.0,89.0,14.0,0.1,0.65
Miguel Vargas,R,0.18,0.16,38.0,34.0,8.0,89.0,14.0,0.1,0.65
Colson Montgomery,R,0.18,0.16,38.0,34.0,8.0,89.0,14.0,0.1,0.65
Chase Meidroth,R,0.18,0.16,38.0,34.0,8.0,89.0,14.0,0.1,0.65
Tristan Peters,R,0.18,0.16,38.0,34.0,8.0,89.0,14.0,0.1,0.65
Randal Grichuk,R,0.18,0.16,38.0,34.0,8.0,89.0,14.0,0.1,0.65
Rikuu Nishida,R,0.18,0.16,38.0,34.0,8.0,89.0,14.0,0.1,0.65
Derek Hill,R,0.18,0.16,38.0,34.0,8.0,89.0,14.0,0.1,0.65
Ronald Acuña Jr.,R,0.18,0.16,38.0,34.0,8.0,89.0,14.0,0.1,0.65
Mauricio Dubón,R,0.18,0.16,38.0,34.0,8.0,89.0,14.0,0.1,0.65
Matt Olson,R,0.18,0.16,38.0,34.0,8.0,89.0,14.0,0.1,0.65
Ozzie Albies,R,0.18,0.16,38.0,34.0,8.0,89.0,14.0,0.1,0.65
Austin Riley,R,0.18,0.16,38.0,34.0,8.0,89.0,14.0,0.1,0.65
Michael Harris II,R,0.18,0.16,38.0,34.0,8.0,89.0,14.0,0.1,0.65
Jorge Mateo,R,0.18,0.16,38.0,34.0,8.0,89.0,14.0,0.1,0.65
Dominic Smith,R,0.18,0.16,38.0,34.0,8.0,89.0,14.0,0.1,0.65
Sandy León,R,0.18,0.16,38.0,34.0,8.0,89.0,14.0,0.1,0.65
Jarren Duran,R,0.18,0.16,38.0,34.0,8.0,89.0,14.0,0.1,0.65
Ceddanne Rafaela,R,0.18,0.16,38.0,34.0,8.0,89.0,14.0,0.1,0.65
Wilyer Abreu,R,0.18,0.16,38.0,34.0,8.0,89.0,14.0,0.1,0.65
Willson Contreras,R,0.18,0.16,38.0,34.0,8.0,89.0,14.0,0.1,0.65
Andruw Monasterio,R,0.18,0.16,38.0,34.0,8.0,89.0,14.0,0.1,0.65
Nick Sogard,R,0.18,0.16,38.0,34.0,8.0,89.0,14.0,0.1,0.65
Isiah Kiner-Falefa,R,0.18,0.16,38.0,34.0,8.0,89.0,14.0,0.1,0.65
Carlos Narváez,R,0.18,0.16,38.0,34.0,8.0,89.0,14.0,0.1,0.65
Caleb Durbin,R,0.18,0.16,38.0,34.0,8.0,89.0,14.0,0.1,0.65
George Springer,R,0.18,0.16,38.0,34.0,8.0,89.0,14.0,0.1,0.65
Nathan Lukes,R,0.18,0.16,38.0,34.0,8.0,89.0,14.0,0.1,0.65
Vladimir Guerrero Jr.,R,0.18,0.16,38.0,34.0,8.0,89.0,14.0,0.1,0.65
Daulton Varsho,R,0.18,0.16,38.0,34.0,8.0,89.0,14.0,0.1,0.65
Kazuma Okamoto,R,0.18,0.16,38.0,34.0,8.0,89.0,14.0,0.1,0.65
Jesús Sánchez,R,0.18,0.16,38.0,34.0,8.0,89.0,14.0,0.1,0.65
Ernie Clement,R,0.18,0.16,38.0,34.0,8.0,89.0,14.0,0.1,0.65
Andrés Giménez,R,0.18,0.16,38.0,34.0,8.0,89.0,14.0,0.1,0.65
Brandon Valenzuela,R,0.18,0.16,38.0,34.0,8.0,89.0,14.0,0.1,0.65
Gunnar Henderson,R,0.18,0.16,38.0,34.0,8.0,89.0,14.0,0.1,0.65
Adley Rutschman,R,0.18,0.16,38.0,34.0,8.0,89.0,14.0,0.1,0.65
Pete Alonso,R,0.18,0.16,38.0,34.0,8.0,89.0,14.0,0.1,0.65
Coby Mayo,R,0.18,0.16,38.0,34.0,8.0,89.0,14.0,0.1,0.65
Leody Taveras,R,0.18,0.16,38.0,34.0,8.0,89.0,14.0,0.1,0.65
Tyler O'Neill,R,0.18,0.16,38.0,34.0,8.0,89.0,14.0,0.1,0.65
Jackson Holliday,R,0.18,0.16,38.0,34.0,8.0,89.0,14.0,0.1,0.65
Blaze Alexander,R,0.18,0.16,38.0,34.0,8.0,89.0,14.0,0.1,0.65
Pete Crow-Armstrong,R,0.18,0.16,38.0,34.0,8.0,89.0,14.0,0.1,0.65
Nico Hoerner,R,0.18,0.16,38.0,34.0,8.0,89.0,14.0,0.1,0.65
Michael Busch,R,0.18,0.16,38.0,34.0,8.0,89.0,14.0,0.1,0.65
Alex Bregman,R,0.18,0.16,38.0,34.0,8.0,89.0,14.0,0.1,0.65
Ian Happ,R,0.18,0.16,38.0,34.0,8.0,89.0,14.0,0.1,0.65
Seiya Suzuki,R,0.18,0.16,38.0,34.0,8.0,89.0,14.0,0.1,0.65
Moisés Ballesteros,R,0.18,0.16,38.0,34.0,8.0,89.0,14.0,0.1,0.65
Miguel Amaya,R,0.18,0.16,38.0,34.0,8.0,89.0,14.0,0.1,0.65
Dansby Swanson,R,0.18,0.16,38.0,34.0,8.0,89.0,14.0,0.1,0.65
Pittsburgh Pirates Player 1,R,0.18,0.16,38.0,34.0,8.0,89.0,14.0,0.1,0.65
Pittsburgh Pirates Player 2,R,0.18,0.16,38.0,34.0,8.0,89.0,14.0,0.1,0.65
Pittsburgh Pirates Player 3,R,0.18,0.16,38.0,34.0,8.0,89.0,14.0,0.1,0.65
Pittsburgh Pirates Player 4,R,0.18,0.16,38.0,34.0,8.0,89.0,14.0,0.1,0.65
Pittsburgh Pirates Player 5,R,0.18,0.16,38.0,34.0,8.0,89.0,14.0,0.1,0.65
Pittsburgh Pirates Player 6,R,0.18,0.16,38.0,34.0,8.0,89.0,14.0,0.1,0.65
Pittsburgh Pirates Player 7,R,0.18,0.16,38.0,34.0,8.0,89.0,14.0,0.1,0.65
Pittsburgh Pirates Player 8,R,0.18,0.16,38.0,34.0,8.0,89.0,14.0,0.1,0.65
Pittsburgh Pirates Player 9,R,0.18,0.16,38.0,34.0,8.0,89.0,14.0,0.1,0.65
Jeremy Peña,R,0.18,0.16,38.0,34.0,8.0,89.0,14.0,0.1,0.65
Yordan Alvarez,R,0.18,0.16,38.0,34.0,8.0,89.0,14.0,0.1,0.65
Isaac Paredes,R,0.18,0.16,38.0,34.0,8.0,89.0,14.0,0.1,0.65
Taylor Trammell,R,0.18,0.16,38.0,34.0,8.0,89.0,14.0,0.1,0.65
Cam Smith,R,0.18,0.16,38.0,34.0,8.0,89.0,14.0,0.1,0.65
Braden Shewmake,R,0.18,0.16,38.0,34.0,8.0,89.0,14.0,0.1,0.65
Zach Dezenzo,R,0.18,0.16,38.0,34.0,8.0,89.0,14.0,0.1,0.65
Brice Matthews,R,0.18,0.16,38.0,34.0,8.0,89.0,14.0,0.1,0.65
Christian Vázquez,R,0.18,0.16,38.0,34.0,8.0,89.0,14.0,0.1,0.65
Joc Pederson,R,0.18,0.16,38.0,34.0,8.0,89.0,14.0,0.1,0.65
Alejandro Osuna,R,0.18,0.16,38.0,34.0,8.0,89.0,14.0,0.1,0.65
Brandon Nimmo,R,0.18,0.16,38.0,34.0,8.0,89.0,14.0,0.1,0.65
Josh Jung,R,0.18,0.16,38.0,34.0,8.0,89.0,14.0,0.1,0.65
Evan Carter,R,0.18,0.16,38.0,34.0,8.0,89.0,14.0,0.1,0.65
Jake Burger,R,0.18,0.16,38.0,34.0,8.0,89.0,14.0,0.1,0.65
Ezequiel Duran,R,0.18,0.16,38.0,34.0,8.0,89.0,14.0,0.1,0.65
Kyle Higashioka,R,0.18,0.16,38.0,34.0,8.0,89.0,14.0,0.1,0.65
Nicky Lopez,R,0.18,0.16,38.0,34.0,8.0,89.0,14.0,0.1,0.65
Marcell Ozuna,R,0.26,0.24,47.0,42.0,14.0,92.5,18.0,0.22,0.78
Sean Murphy,R,0.18,0.16,38.0,34.0,8.0,89.0,14.0,0.1,0.65
Jarred Kelenic,R,0.18,0.16,38.0,34.0,8.0,89.0,14.0,0.1,0.65
Elly De La Cruz,R,0.18,0.16,38.0,34.0,8.0,89.0,14.0,0.1,0.65
Matt McLain,R,0.18,0.16,38.0,34.0,8.0,89.0,14.0,0.1,0.65
Spencer Steer,R,0.18,0.16,38.0,34.0,8.0,89.0,14.0,0.1,0.65
Christian Encarnacion-Strand,R,0.18,0.16,38.0,34.0,8.0,89.0,14.0,0.1,0.65
Tyler Stephenson,R,0.18,0.16,38.0,34.0,8.0,89.0,14.0,0.1,0.65
Jeimer Candelario,R,0.18,0.16,38.0,34.0,8.0,89.0,14.0,0.1,0.65
TJ Friedl,R,0.18,0.16,38.0,34.0,8.0,89.0,14.0,0.1,0.65
Jake Fraley,R,0.18,0.16,38.0,34.0,8.0,89.0,14.0,0.1,0.65
Noelvi Marte,R,0.18,0.16,38.0,34.0,8.0,89.0,14.0,0.1,0.65
Luis Arraez,R,0.18,0.16,38.0,34.0,8.0,89.0,14.0,0.1,0.65
Fernando Tatis Jr.,R,0.18,0.16,38.0,34.0,8.0,89.0,14.0,0.1,0.65
Manny Machado,R,0.18,0.16,38.0,34.0,8.0,89.0,14.0,0.1,0.65
Xander Bogaerts,R,0.18,0.16,38.0,34.0,8.0,89.0,14.0,0.1,0.65
Jake Cronenworth,R,0.18,0.16,38.0,34.0,8.0,89.0,14.0,0.1,0.65
Jackson Merrill,R,0.18,0.16,38.0,34.0,8.0,89.0,14.0,0.1,0.65
Jurickson Profar,R,0.18,0.16,38.0,34.0,8.0,89.0,14.0,0.1,0.65
Ha-Seong Kim,R,0.18,0.16,38.0,34.0,8.0,89.0,14.0,0.1,0.65
CJ Abrams,R,0.18,0.16,38.0,34.0,8.0,89.0,14.0,0.1,0.65
Lane Thomas,R,0.18,0.16,38.0,34.0,8.0,89.0,14.0,0.1,0.65
James Wood,R,0.18,0.16,38.0,34.0,8.0,89.0,14.0,0.1,0.65
Keibert Ruiz,R,0.18,0.16,38.0,34.0,8.0,89.0,14.0,0.1,0.65
Luis García Jr.,R,0.18,0.16,38.0,34.0,8.0,89.0,14.0,0.1,0.65
Joey Meneses,R,0.18,0.16,38.0,34.0,8.0,89.0,14.0,0.1,0.65
Jesse Winker,R,0.18,0.16,38.0,34.0,8.0,89.0,14.0,0.1,0.65
Jacob Young,R,0.18,0.16,38.0,34.0,8.0,89.0,14.0,0.1,0.65
Trey Lipscomb,R,0.18,0.16,38.0,34.0,8.0,89.0,14.0,0.1,0.65
Carlos Correa,R,0.18,0.16,38.0,34.0,8.0,89.0,14.0,0.1,0.65
Royce Lewis,R,0.18,0.16,38.0,34.0,8.0,89.0,14.0,0.1,0.65
Ryan Jeffers,R,0.18,0.16,38.0,34.0,8.0,89.0,14.0,0.1,0.65
Matt Wallner,R,0.18,0.16,38.0,34.0,8.0,89.0,14.0,0.1,0.65
Willi Castro,R,0.18,0.16,38.0,34.0,8.0,89.0,14.0,0.1,0.65
Edouard Julien,R,0.18,0.16,38.0,34.0,8.0,89.0,14.0,0.1,0.65
Oneil Cruz,R,0.18,0.16,38.0,34.0,8.0,89.0,14.0,0.1,0.65
Bryan Reynolds,R,0.18,0.16,38.0,34.0,8.0,89.0,14.0,0.1,0.65
Andrew McCutchen,R,0.18,0.16,38.0,34.0,8.0,89.0,14.0,0.1,0.65
Ke'Bryan Hayes,R,0.18,0.16,38.0,34.0,8.0,89.0,14.0,0.1,0.65
Joey Bart,R,0.18,0.16,38.0,34.0,8.0,89.0,14.0,0.1,0.65
Nick Gonzales,R,0.18,0.16,38.0,34.0,8.0,89.0,14.0,0.1,0.65
Tommy Pham,R,0.18,0.16,38.0,34.0,8.0,89.0,14.0,0.1,0.65
Jack Suwinski,R,0.18,0.16,38.0,34.0,8.0,89.0,14.0,0.1,0.65
Bo Bichette,R,0.18,0.16,38.0,34.0,8.0,89.0,14.0,0.1,0.65
Alejandro Kirk,R,0.18,0.16,38.0,34.0,8.0,89.0,14.0,0.1,0.65
Addison Barger,R,0.18,0.16,38.0,34.0,8.0,89.0,14.0,0.1,0.65
Davis Schneider,R,0.18,0.16,38.0,34.0,8.0,89.0,14.0,0.1,0.65
Ryan Mountcastle,R,0.18,0.16,38.0,34.0,8.0,89.0,14.0,0.1,0.65
Anthony Santander,R,0.18,0.16,38.0,34.0,8.0,89.0,14.0,0.1,0.65
Jordan Westburg,R,0.18,0.16,38.0,34.0,8.0,89.0,14.0,0.1,0.65
Colton Cowser,R,0.18,0.16,38.0,34.0,8.0,89.0,14.0,0.1,0.65
Cedric Mullins,R,0.18,0.16,38.0,34.0,8.0,89.0,14.0,0.1,0.65
Heston Kjerstad,R,0.18,0.16,38.0,34.0,8.0,89.0,14.0,0.1,0.65
Rafael Devers,R,0.18,0.16,38.0,34.0,8.0,89.0,14.0,0.1,0.65
Trevor Story,R,0.18,0.16,38.0,34.0,8.0,89.0,14.0,0.1,0.65
Triston Casas,R,0.18,0.16,38.0,34.0,8.0,89.0,14.0,0.1,0.65
Masataka Yoshida,R,0.18,0.16,38.0,34.0,8.0,89.0,14.0,0.1,0.65
Connor Wong,R,0.18,0.16,38.0,34.0,8.0,89.0,14.0,0.1,0.65
Romy Gonzalez,R,0.18,0.16,38.0,34.0,8.0,89.0,14.0,0.1,0.65
Steven Kwan,R,0.18,0.16,38.0,34.0,8.0,89.0,14.0,0.1,0.65
José Ramírez,R,0.18,0.16,38.0,34.0,8.0,89.0,14.0,0.1,0.65
Josh Naylor,R,0.18,0.16,38.0,34.0,8.0,89.0,14.0,0.1,0.65
David Fry,R,0.18,0.16,38.0,34.0,8.0,89.0,14.0,0.1,0.65
Will Brennan,R,0.18,0.16,38.0,34.0,8.0,89.0,14.0,0.1,0.65
Bo Naylor,R,0.18,0.16,38.0,34.0,8.0,89.0,14.0,0.1,0.65
Brayan Rocchio,R,0.18,0.16,38.0,34.0,8.0,89.0,14.0,0.1,0.65
Tyler Freeman,R,0.18,0.16,38.0,34.0,8.0,89.0,14.0,0.1,0.65
Yandy Díaz,R,0.18,0.16,38.0,34.0,8.0,89.0,14.0,0.1,0.65
Brandon Lowe,R,0.18,0.16,38.0,34.0,8.0,89.0,14.0,0.1,0.65
Junior Caminero,R,0.18,0.16,38.0,34.0,8.0,89.0,14.0,0.1,0.65
Josh Lowe,R,0.18,0.16,38.0,34.0,8.0,89.0,14.0,0.1,0.65
Christopher Morel,R,0.18,0.16,38.0,34.0,8.0,89.0,14.0,0.1,0.65
Jonathan Aranda,R,0.18,0.16,38.0,34.0,8.0,89.0,14.0,0.1,0.65
Ben Rortvedt,R,0.18,0.16,38.0,34.0,8.0,89.0,14.0,0.1,0.65
Taylor Walls,R,0.18,0.16,38.0,34.0,8.0,89.0,14.0,0.1,0.65
Jazz Chisholm Jr.,R,0.18,0.16,38.0,34.0,8.0,89.0,14.0,0.1,0.65
Bryan De La Cruz,R,0.18,0.16,38.0,34.0,8.0,89.0,14.0,0.1,0.65
Nick Gordon,R,0.18,0.16,38.0,34.0,8.0,89.0,14.0,0.1,0.65
Xavier Edwards,R,0.26,0.24,47.0,42.0,14.0,92.5,18.0,0.22,0.78
Emmanuel Rivera,R,0.18,0.16,38.0,34.0,8.0,89.0,14.0,0.1,0.65
Nick Fortes,R,0.18,0.16,38.0,34.0,8.0,89.0,14.0,0.1,0.65
Francisco Lindor,R,0.18,0.16,38.0,34.0,8.0,89.0,14.0,0.1,0.65
J.D. Martinez,R,0.18,0.16,38.0,34.0,8.0,89.0,14.0,0.1,0.65
Mark Vientos,R,0.18,0.16,38.0,34.0,8.0,89.0,14.0,0.1,0.65
Starling Marte,R,0.18,0.16,38.0,34.0,8.0,89.0,14.0,0.1,0.65
Jeff McNeil,R,0.18,0.16,38.0,34.0,8.0,89.0,14.0,0.1,0.65
Francisco Alvarez,R,0.18,0.16,38.0,34.0,8.0,89.0,14.0,0.1,0.65
Brett Baty,R,0.18,0.16,38.0,34.0,8.0,89.0,14.0,0.1,0.65
Matt Shaw,R,0.18,0.16,38.0,34.0,8.0,89.0,14.0,0.1,0.65
Moises Ballesteros,R,0.18,0.16,38.0,34.0,8.0,89.0,14.0,0.1,0.65
Masyn Winn,R,0.18,0.16,38.0,34.0,8.0,89.0,14.0,0.1,0.65
Alec Burleson,R,0.18,0.16,38.0,34.0,8.0,89.0,14.0,0.1,0.65
Nolan Arenado,R,0.18,0.16,38.0,34.0,8.0,89.0,14.0,0.1,0.65
Paul Goldschmidt,R,0.18,0.16,38.0,34.0,8.0,89.0,14.0,0.1,0.65
Lars Nootbaar,R,0.18,0.16,38.0,34.0,8.0,89.0,14.0,0.1,0.65
Nolan Gorman,R,0.18,0.16,38.0,34.0,8.0,89.0,14.0,0.1,0.65
Brendan Donovan,R,0.18,0.16,38.0,34.0,8.0,89.0,14.0,0.1,0.65
Jordan Walker,R,0.18,0.16,38.0,34.0,8.0,89.0,14.0,0.1,0.65
Kerry Carpenter,R,0.18,0.16,38.0,34.0,8.0,89.0,14.0,0.1,0.65
Parker Meadows,R,0.18,0.16,38.0,34.0,8.0,89.0,14.0,0.1,0.65
Javier Báez,R,0.18,0.16,38.0,34.0,8.0,89.0,14.0,0.1,0.65
Luis Robert Jr.,R,0.18,0.16,38.0,34.0,8.0,89.0,14.0,0.1,0.65
Andrew Benintendi,R,0.18,0.16,38.0,34.0,8.0,89.0,14.0,0.1,0.65
Andrew Vaughn,R,0.18,0.16,38.0,34.0,8.0,89.0,14.0,0.1,0.65
Lenyn Sosa,R,0.18,0.16,38.0,34.0,8.0,89.0,14.0,0.1,0.65
Korey Lee,R,0.18,0.16,38.0,34.0,8.0,89.0,14.0,0.1,0.65
Brooks Baldwin,R,0.18,0.16,38.0,34.0,8.0,89.0,14.0,0.1,0.65
Maikel Garcia,R,0.18,0.16,38.0,34.0,8.0,89.0,14.0,0.1,0.65
Bobby Witt Jr.,R,0.18,0.16,38.0,34.0,8.0,89.0,14.0,0.1,0.65
Vinnie Pasquantino,R,0.18,0.16,38.0,34.0,8.0,89.0,14.0,0.1,0.65
Salvador Perez,R,0.18,0.16,38.0,34.0,8.0,89.0,14.0,0.1,0.65
MJ Melendez,R,0.18,0.16,38.0,34.0,8.0,89.0,14.0,0.1,0.65
Michael Massey,R,0.18,0.16,38.0,34.0,8.0,89.0,14.0,0.1,0.65
Hunter Renfroe,R,0.18,0.16,38.0,34.0,8.0,89.0,14.0,0.1,0.65
Kyle Isbel,R,0.18,0.16,38.0,34.0,8.0,89.0,14.0,0.1,0.65
Freddy Fermin,R,0.18,0.16,38.0,34.0,8.0,89.0,14.0,0.1,0.65
Marcus Semien,R,0.18,0.16,38.0,34.0,8.0,89.0,14.0,0.1,0.65
Corey Seager,R,0.18,0.16,38.0,34.0,8.0,89.0,14.0,0.1,0.65
Adolis García,R,0.18,0.16,38.0,34.0,8.0,89.0,14.0,0.1,0.65
Wyatt Langford,R,0.18,0.16,38.0,34.0,8.0,89.0,14.0,0.1,0.65
Nathaniel Lowe,R,0.18,0.16,38.0,34.0,8.0,89.0,14.0,0.1,0.65
Jonah Heim,R,0.18,0.16,38.0,34.0,8.0,89.0,14.0,0.1,0.65
Brice Turang,R,0.18,0.16,38.0,34.0,8.0,89.0,14.0,0.1,0.65
William Contreras,R,0.18,0.16,38.0,34.0,8.0,89.0,14.0,0.1,0.65
Christian Yelich,R,0.18,0.16,38.0,34.0,8.0,89.0,14.0,0.1,0.65
Willy Adames,R,0.18,0.16,38.0,34.0,8.0,89.0,14.0,0.1,0.65
Rhys Hoskins,R,0.18,0.16,38.0,34.0,8.0,89.0,14.0,0.1,0.65
Sal Frelick,R,0.18,0.16,38.0,34.0,8.0,89.0,14.0,0.1,0.65
Jackson Chourio,R,0.18,0.16,38.0,34.0,8.0,89.0,14.0,0.1,0.65
Blake Perkins,R,0.18,0.16,38.0,34.0,8.0,89.0,14.0,0.1,0.65
Joey Ortiz,R,0.18,0.16,38.0,34.0,8.0,89.0,14.0,0.1,0.65
Jose Altuve,R,0.18,0.16,38.0,34.0,8.0,89.0,14.0,0.1,0.65
Kyle Tucker,R,0.18,0.16,38.0,34.0,8.0,89.0,14.0,0.1,0.65
Yainer Diaz,R,0.18,0.16,38.0,34.0,8.0,89.0,14.0,0.1,0.65
Chas McCormick,R,0.18,0.16,38.0,34.0,8.0,89.0,14.0,0.1,0.65
Jake Meyers,R,0.18,0.16,38.0,34.0,8.0,89.0,14.0,0.1,0.65
Jung Hoo Lee,R,0.18,0.16,38.0,34.0,8.0,89.0,14.0,0.1,0.65
LaMonte Wade Jr.,R,0.18,0.16,38.0,34.0,8.0,89.0,14.0,0.1,0.65
Matt Chapman,R,0.18,0.16,38.0,34.0,8.0,89.0,14.0,0.1,0.65
Michael Conforto,R,0.18,0.16,38.0,34.0,8.0,89.0,14.0,0.1,0.65
Heliot Ramos,R,0.18,0.16,38.0,34.0,8.0,89.0,14.0,0.1,0.65
Thairo Estrada,R,0.18,0.16,38.0,34.0,8.0,89.0,14.0,0.1,0.65
Patrick Bailey,R,0.18,0.16,38.0,34.0,8.0,89.0,14.0,0.1,0.65
Mike Yastrzemski,R,0.18,0.16,38.0,34.0,8.0,89.0,14.0,0.1,0.65
Casey Schmitt,R,0.18,0.16,38.0,34.0,8.0,89.0,14.0,0.1,0.65
Ezequiel Tovar,R,0.18,0.16,38.0,34.0,8.0,89.0,14.0,0.1,0.65
Brenton Doyle,R,0.18,0.16,38.0,34.0,8.0,89.0,14.0,0.1,0.65
Ryan McMahon,R,0.18,0.16,38.0,34.0,8.0,89.0,14.0,0.1,0.65
Kris Bryant,R,0.18,0.16,38.0,34.0,8.0,89.0,14.0,0.1,0.65
Michael Toglia,R,0.18,0.16,38.0,34.0,8.0,89.0,14.0,0.1,0.65
Nolan Jones,R,0.18,0.16,38.0,34.0,8.0,89.0,14.0,0.1,0.65
Elias Díaz,R,0.18,0.16,38.0,34.0,8.0,89.0,14.0,0.1,0.65
Brendan Rodgers,R,0.18,0.16,38.0,34.0,8.0,89.0,14.0,0.1,0.65
Charlie Blackmon,R,0.18,0.16,38.0,34.0,8.0,89.0,14.0,0.1,0.65
Anthony Volpe,R,0.18,0.16,38.0,34.0,8.0,89.0,14.0,0.1,0.65
Giancarlo Stanton,R,0.18,0.16,38.0,34.0,8.0,89.0,14.0,0.1,0.65
Anthony Rizzo,R,0.18,0.16,38.0,34.0,8.0,89.0,14.0,0.1,0.65
Gleyber Torres,R,0.18,0.16,38.0,34.0,8.0,89.0,14.0,0.1,0.65
Alex Verdugo,R,0.18,0.16,38.0,34.0,8.0,89.0,14.0,0.1,0.65
Austin Wells,R,0.18,0.16,38.0,34.0,8.0,89.0,14.0,0.1,0.65
DJ LeMahieu,R,0.18,0.16,38.0,34.0,8.0,89.0,14.0,0.1,0.65
Lawrence Butler,R,0.18,0.16,38.0,34.0,8.0,89.0,14.0,0.1,0.65
Brent Rooker,R,0.26,0.24,47.0,42.0,14.0,92.5,18.0,0.22,0.78
Shea Langeliers,R,0.18,0.16,38.0,34.0,8.0,89.0,14.0,0.1,0.65
JJ Bleday,R,0.18,0.16,38.0,34.0,8.0,89.0,14.0,0.1,0.65
Tyler Soderstrom,R,0.18,0.16,38.0,34.0,8.0,89.0,14.0,0.1,0.65
Zack Gelof,R,0.18,0.16,38.0,34.0,8.0,89.0,14.0,0.1,0.65
Max Schuemann,R,0.18,0.16,38.0,34.0,8.0,89.0,14.0,0.1,0.65
Darell Hernaiz,R,0.18,0.16,38.0,34.0,8.0,89.0,14.0,0.1,0.65
Esteury Ruiz,R,0.18,0.16,38.0,34.0,8.0,89.0,14.0,0.1,0.65
Corbin Carroll,R,0.18,0.16,38.0,34.0,8.0,89.0,14.0,0.1,0.65
Ketel Marte,R,0.18,0.16,38.0,34.0,8.0,89.0,14.0,0.1,0.65
Lourdes Gurriel Jr.,R,0.18,0.16,38.0,34.0,8.0,89.0,14.0,0.1,0.65
Christian Walker,R,0.18,0.16,38.0,34.0,8.0,89.0,14.0,0.1,0.65
Eugenio Suárez,R,0.18,0.16,38.0,34.0,8.0,89.0,14.0,0.1,0.65
Gabriel Moreno,R,0.18,0.16,38.0,34.0,8.0,89.0,14.0,0.1,0.65
Jake McCarthy,R,0.18,0.16,38.0,34.0,8.0,89.0,14.0,0.1,0.65
Geraldo Perdomo,R,0.18,0.16,38.0,34.0,8.0,89.0,14.0,0.1,0.65
Alek Thomas,R,0.18,0.16,38.0,34.0,8.0,89.0,14.0,0.1,0.65
J.P. Crawford,R,0.18,0.16,38.0,34.0,8.0,89.0,14.0,0.1,0.65
Julio Rodríguez,R,0.18,0.16,38.0,34.0,8.0,89.0,14.0,0.1,0.65
Cal Raleigh,R,0.18,0.16,38.0,34.0,8.0,89.0,14.0,0.1,0.65
Randy Arozarena,R,0.18,0.16,38.0,34.0,8.0,89.0,14.0,0.1,0.65
Luke Raley,R,0.18,0.16,38.0,34.0,8.0,89.0,14.0,0.1,0.65
Mitch Garver,R,0.18,0.16,38.0,34.0,8.0,89.0,14.0,0.1,0.65
Jorge Polanco,R,0.18,0.16,38.0,34.0,8.0,89.0,14.0,0.1,0.65
Dylan Moore,R,0.18,0.16,38.0,34.0,8.0,89.0,14.0,0.1,0.65
Dominic Canzone,R,0.18,0.16,38.0,34.0,8.0,89.0,14.0,0.1,0.65
Trea Turner,R,0.18,0.16,38.0,34.0,8.0,89.0,14.0,0.1,0.65
Alec Bohm,R,0.18,0.16,38.0,34.0,8.0,89.0,14.0,0.1,0.65
Nick Castellanos,R,0.18,0.16,38.0,34.0,8.0,89.0,14.0,0.1,0.65
J.T. Realmuto,R,0.18,0.16,38.0,34.0,8.0,89.0,14.0,0.1,0.65
Bryson Stott,R,0.18,0.16,38.0,34.0,8.0,89.0,14.0,0.1,0.65
Brandon Marsh,R,0.18,0.16,38.0,34.0,8.0,89.0,14.0,0.1,0.65
Johan Rojas,R,0.18,0.16,38.0,34.0,8.0,89.0,14.0,0.1,0.65
Mookie Betts,R,0.26,0.24,47.0,42.0,14.0,92.5,18.0,0.22,0.78
Freddie Freeman,R,0.18,0.16,38.0,34.0,8.0,89.0,14.0,0.1,0.65
Teoscar Hernández,R,0.18,0.16,38.0,34.0,8.0,89.0,14.0,0.1,0.65
Will Smith,R,0.18,0.16,38.0,34.0,8.0,89.0,14.0,0.1,0.65
Max Muncy,R,0.18,0.16,38.0,34.0,8.0,89.0,14.0,0.1,0.65
Tommy Edman,R,0.18,0.16,38.0,34.0,8.0,89.0,14.0,0.1,0.65
Gavin Lux,R,0.18,0.16,38.0,34.0,8.0,89.0,14.0,0.1,0.65
Miguel Rojas,R,0.18,0.16,38.0,34.0,8.0,89.0,14.0,0.1,0.65
Chadwick Tromp,R,0.18,0.16,38.0,34.0,8.0,89.0,14.0,0.1,0.65
P.J. Higgins,R,0.18,0.16,38.0,34.0,8.0,89.0,14.0,0.1,0.65
Sal Stewart,R,0.18,0.16,38.0,34.0,8.0,89.0,14.0,0.1,0.65
Dane Myers,R,0.18,0.16,38.0,34.0,8.0,89.0,14.0,0.1,0.65
Rodolfo Durán,R,0.18,0.16,38.0,34.0,8.0,89.0,14.0,0.1,0.65
Gavin Sheets,R,0.18,0.16,38.0,34.0,8.0,89.0,14.0,0.1,0.65
Ty France,R,0.18,0.16,38.0,34.0,8.0,89.0,14.0,0.1,0.65
Sung-Mun Song,R,0.18,0.16,38.0,34.0,8.0,89.0,14.0,0.1,0.65
Ramón Laureano,R,0.18,0.16,38.0,34.0,8.0,89.0,14.0,0.1,0.65
Drew Millas,R,0.18,0.16,38.0,34.0,8.0,89.0,14.0,0.1,0.65
Andrés Chaparro,R,0.18,0.16,38.0,34.0,8.0,89.0,14.0,0.1,0.65
Curtis Mead,R,0.18,0.16,38.0,34.0,8.0,89.0,14.0,0.1,0.65
Nasim Nuñez,R,0.18,0.16,38.0,34.0,8.0,89.0,14.0,0.1,0.65
Jorbit Vivas,R,0.18,0.16,38.0,34.0,8.0,89.0,14.0,0.1,0.65
Daylen Lile,R,0.18,0.16,38.0,34.0,8.0,89.0,14.0,0.1,0.65
Alex Jackson,R,0.18,0.16,38.0,34.0,8.0,89.0,14.0,0.1,0.65
Luke Keaschall,R,0.18,0.16,38.0,34.0,8.0,89.0,14.0,0.1,0.65
Austin Martin,R,0.18,0.16,38.0,34.0,8.0,89.0,14.0,0.1,0.65
Endy Rodríguez,R,0.18,0.16,38.0,34.0,8.0,89.0,14.0,0.1,0.65
Henry Davis,R,0.18,0.16,38.0,34.0,8.0,89.0,14.0,0.1,0.65
Spencer Horwitz,R,0.18,0.16,38.0,34.0,8.0,89.0,14.0,0.1,0.65
Jared Triolo,R,0.18,0.16,38.0,34.0,8.0,89.0,14.0,0.1,0.65
Konnor Griffin,R,0.18,0.16,38.0,34.0,8.0,89.0,14.0,0.1,0.65
Jake Mangum,R,0.18,0.16,38.0,34.0,8.0,89.0,14.0,0.1,0.65
Tyler Heineman,R,0.18,0.16,38.0,34.0,8.0,89.0,14.0,0.1,0.65
Charles McAdoo,R,0.18,0.16,38.0,34.0,8.0,89.0,14.0,0.1,0.65
Yohendrick Piñango,R,0.18,0.16,38.0,34.0,8.0,89.0,14.0,0.1,0.65
Samuel Basallo,R,0.18,0.16,38.0,34.0,8.0,89.0,14.0,0.1,0.65
Jeremiah Jackson,R,0.18,0.16,38.0,34.0,8.0,89.0,14.0,0.1,0.65
Weston Wilson,R,0.18,0.16,38.0,34.0,8.0,89.0,14.0,0.1,0.65
Mickey Gasper,R,0.18,0.16,38.0,34.0,8.0,89.0,14.0,0.1,0.65
Marcelo Mayer,R,0.18,0.16,38.0,34.0,8.0,89.0,14.0,0.1,0.65
Austin Hedges,R,0.18,0.16,38.0,34.0,8.0,89.0,14.0,0.1,0.65
Kyle Manzardo,R,0.18,0.16,38.0,34.0,8.0,89.0,14.0,0.1,0.65
Travis Bazzana,R,0.18,0.16,38.0,34.0,8.0,89.0,14.0,0.1,0.65
Angel Martínez,R,0.18,0.16,38.0,34.0,8.0,89.0,14.0,0.1,0.65
Daniel Schneemann,R,0.18,0.16,38.0,34.0,8.0,89.0,14.0,0.1,0.65
Sebastián Rivero,R,0.18,0.16,38.0,34.0,8.0,89.0,14.0,0.1,0.65
Donovan Walton,R,0.18,0.16,38.0,34.0,8.0,89.0,14.0,0.1,0.65
Nick Madrigal,R,0.18,0.16,38.0,34.0,8.0,89.0,14.0,0.1,0.65
Hunter Feduccia,R,0.18,0.16,38.0,34.0,8.0,89.0,14.0,0.1,0.65
Richie Palacios,R,0.18,0.16,38.0,34.0,8.0,89.0,14.0,0.1,0.65
Oliver Dunn,R,0.18,0.16,38.0,34.0,8.0,89.0,14.0,0.1,0.65
Carson Williams,R,0.18,0.16,38.0,34.0,8.0,89.0,14.0,0.1,0.65
Chandler Simpson,R,0.18,0.16,38.0,34.0,8.0,89.0,14.0,0.1,0.65
Joe Mack,R,0.18,0.16,38.0,34.0,8.0,89.0,14.0,0.1,0.65
Liam Hicks,R,0.18,0.16,38.0,34.0,8.0,89.0,14.0,0.1,0.65
Connor Norby,R,0.18,0.16,38.0,34.0,8.0,89.0,14.0,0.1,0.65
Graham Pauley,R,0.18,0.16,38.0,34.0,8.0,89.0,14.0,0.1,0.65
Javier Sanoja,R,0.18,0.16,38.0,34.0,8.0,89.0,14.0,0.1,0.65
Otto Lopez,L,0.12,0.105,31.0,24.0,4.0,86.0,9.0,0.04,0.52
Heriberto Hernández,R,0.18,0.16,38.0,34.0,8.0,89.0,14.0,0.1,0.65
Hayden Senger,R,0.18,0.16,38.0,34.0,8.0,89.0,14.0,0.1,0.65
Luis Torrens,R,0.18,0.16,38.0,34.0,8.0,89.0,14.0,0.1,0.65
Eric Wagaman,R,0.18,0.16,38.0,34.0,8.0,89.0,14.0,0.1,0.65
Jared Young,R,0.18,0.16,38.0,34.0,8.0,89.0,14.0,0.1,0.65
Vidal Bruján,R,0.18,0.16,38.0,34.0,8.0,89.0,14.0,0.1,0.65
Carson Kelly,R,0.18,0.16,38.0,34.0,8.0,89.0,14.0,0.1,0.65
Pedro Ramírez,R,0.18,0.16,38.0,34.0,8.0,89.0,14.0,0.1,0.65
Pedro Pagés,R,0.18,0.16,38.0,34.0,8.0,89.0,14.0,0.1,0.65
Yohel Pozo,R,0.18,0.16,38.0,34.0,8.0,89.0,14.0,0.1,0.65
JJ Wetherholt,R,0.18,0.16,38.0,34.0,8.0,89.0,14.0,0.1,0.65
César Prieto,R,0.18,0.16,38.0,34.0,8.0,89.0,14.0,0.1,0.65
José Fermín,R,0.18,0.16,38.0,34.0,8.0,89.0,14.0,0.1,0.65
Thomas Saggese,R,0.18,0.16,38.0,34.0,8.0,89.0,14.0,0.1,0.65
Hao-Yu  Lee,R,0.18,0.16,38.0,34.0,8.0,89.0,14.0,0.1,0.65
Gage Workman,R,0.18,0.16,38.0,34.0,8.0,89.0,14.0,0.1,0.65
Zack Short,R,0.18,0.16,38.0,34.0,8.0,89.0,14.0,0.1,0.65
Drew Romo,R,0.18,0.16,38.0,34.0,8.0,89.0,14.0,0.1,0.65
Edgar Quero,R,0.18,0.16,38.0,34.0,8.0,89.0,14.0,0.1,0.65
Luisangel Acuña,R,0.18,0.16,38.0,34.0,8.0,89.0,14.0,0.1,0.65
Carter Jensen,R,0.18,0.16,38.0,34.0,8.0,89.0,14.0,0.1,0.65
Nick Loftin,R,0.18,0.16,38.0,34.0,8.0,89.0,14.0,0.1,0.65
Tyler Tolbert,R,0.18,0.16,38.0,34.0,8.0,89.0,14.0,0.1,0.65
Isaac Collins,R,0.18,0.16,38.0,34.0,8.0,89.0,14.0,0.1,0.65
Danny Jansen,R,0.18,0.16,38.0,34.0,8.0,89.0,14.0,0.1,0.65
Justin Foscue,R,0.18,0.16,38.0,34.0,8.0,89.0,14.0,0.1,0.65
Sam Haggerty,R,0.18,0.16,38.0,34.0,8.0,89.0,14.0,0.1,0.65
Jake Bauers,R,0.18,0.16,38.0,34.0,8.0,89.0,14.0,0.1,0.65
David Hamilton,R,0.18,0.16,38.0,34.0,8.0,89.0,14.0,0.1,0.65
César Salazar,R,0.18,0.16,38.0,34.0,8.0,89.0,14.0,0.1,0.65
Nick Allen,R,0.18,0.16,38.0,34.0,8.0,89.0,14.0,0.1,0.65
Daniel Susac,R,0.18,0.16,38.0,34.0,8.0,89.0,14.0,0.1,0.65
Eric Haase,R,0.18,0.16,38.0,34.0,8.0,89.0,14.0,0.1,0.65
Jesus Rodriguez,R,0.18,0.16,38.0,34.0,8.0,89.0,14.0,0.1,0.65
Drew Gilbert,R,0.18,0.16,38.0,34.0,8.0,89.0,14.0,0.1,0.65
Harrison Bader,R,0.18,0.16,38.0,34.0,8.0,89.0,14.0,0.1,0.65
Braxton Fulford,R,0.18,0.16,38.0,34.0,8.0,89.0,14.0,0.1,0.65
Brett Sullivan,R,0.18,0.16,38.0,34.0,8.0,89.0,14.0,0.1,0.65
Hunter Goodman,R,0.18,0.16,38.0,34.0,8.0,89.0,14.0,0.1,0.65
TJ Rumfield,R,0.18,0.16,38.0,34.0,8.0,89.0,14.0,0.1,0.65
Chad Stevens,R,0.18,0.16,38.0,34.0,8.0,89.0,14.0,0.1,0.65
Kyle Karros,R,0.18,0.16,38.0,34.0,8.0,89.0,14.0,0.1,0.65
J.C. Escarra,R,0.18,0.16,38.0,34.0,8.0,89.0,14.0,0.1,0.65
Ben Rice,R,0.18,0.16,38.0,34.0,8.0,89.0,14.0,0.1,0.65
Amed Rosario,R,0.18,0.16,38.0,34.0,8.0,89.0,14.0,0.1,0.65
José Caballero,R,0.18,0.16,38.0,34.0,8.0,89.0,14.0,0.1,0.65
Nick Kurtz,R,0.18,0.16,38.0,34.0,8.0,89.0,14.0,0.1,0.65
Alika Williams,R,0.18,0.16,38.0,34.0,8.0,89.0,14.0,0.1,0.65
Henry Bolte,R,0.18,0.16,38.0,34.0,8.0,89.0,14.0,0.1,0.65
Aramis Garcia,R,0.18,0.16,38.0,34.0,8.0,89.0,14.0,0.1,0.65
Ildemaro Vargas,R,0.18,0.16,38.0,34.0,8.0,89.0,14.0,0.1,0.65
Tim Tawa,R,0.18,0.16,38.0,34.0,8.0,89.0,14.0,0.1,0.65
Jorge Barrosa,R,0.18,0.16,38.0,34.0,8.0,89.0,14.0,0.1,0.65
Ryan Waldschmidt,R,0.18,0.16,38.0,34.0,8.0,89.0,14.0,0.1,0.65
Jhonny Pereda,R,0.18,0.16,38.0,34.0,8.0,89.0,14.0,0.1,0.65
Cole Young,R,0.18,0.16,38.0,34.0,8.0,89.0,14.0,0.1,0.65
Colt Emerson,R,0.18,0.16,38.0,34.0,8.0,89.0,14.0,0.1,0.65
Patrick Wisdom,R,0.18,0.16,38.0,34.0,8.0,89.0,14.0,0.1,0.65
Garrett Stubbs,R,0.18,0.16,38.0,34.0,8.0,89.0,14.0,0.1,0.65
Rafael Marchán,R,0.18,0.16,38.0,34.0,8.0,89.0,14.0,0.1,0.65
Edmundo Sosa,R,0.18,0.16,38.0,34.0,8.0,89.0,14.0,0.1,0.65
Dalton Rushing,R,0.18,0.16,38.0,34.0,8.0,89.0,14.0,0.1,0.65
Alex Freeland,R,0.18,0.16,38.0,34.0,8.0,89.0,14.0,0.1,0.65
Hyeseong Kim,R,0.18,0.16,38.0,34.0,8.0,89.0,14.0,0.1,0.65
Alex Call,R,0.18,0.16,38.0,34.0,8.0,89.0,14.0,0.1,0.65
Blake Dunn,R,0.18,0.16,38.0,34.0,8.0,89.0,14.0,0.1,0.65
Miguel Andujar,R,0.18,0.16,38.0,34.0,8.0,89.0,14.0,0.1,0.65
Dylan Crews,R,0.18,0.16,38.0,34.0,8.0,89.0,14.0,0.1,0.65
Jhostynxon Garcia,R,0.18,0.16,38.0,34.0,8.0,89.0,14.0,0.1,0.65
Myles Straw,R,0.18,0.16,38.0,34.0,8.0,89.0,14.0,0.1,0.65
Chase DeLauter,R,0.18,0.16,38.0,34.0,8.0,89.0,14.0,0.1,0.65
Ryan Vilade,R,0.18,0.16,38.0,34.0,8.0,89.0,14.0,0.1,0.65
Ben Williamson,R,0.18,0.16,38.0,34.0,8.0,89.0,14.0,0.1,0.65
Kyle Stowers,R,0.18,0.16,38.0,34.0,8.0,89.0,14.0,0.1,0.65
Jakob Marsee,R,0.18,0.16,38.0,34.0,8.0,89.0,14.0,0.1,0.65
Owen Caissie,R,0.18,0.16,38.0,34.0,8.0,89.0,14.0,0.1,0.65
Carson Benge,R,0.18,0.16,38.0,34.0,8.0,89.0,14.0,0.1,0.65
A.J. Ewing,R,0.18,0.16,38.0,34.0,8.0,89.0,14.0,0.1,0.65
Iván Herrera,R,0.18,0.16,38.0,34.0,8.0,89.0,14.0,0.1,0.65
Nelson Velázquez,R,0.18,0.16,38.0,34.0,8.0,89.0,14.0,0.1,0.65
Victor Scott II,R,0.18,0.16,38.0,34.0,8.0,89.0,14.0,0.1,0.65
Jahmai Jones,R,0.18,0.16,38.0,34.0,8.0,89.0,14.0,0.1,0.65
Jac Caglianone,R,0.18,0.16,38.0,34.0,8.0,89.0,14.0,0.1,0.65
Garrett Mitchell,R,0.18,0.16,38.0,34.0,8.0,89.0,14.0,0.1,0.65
Bryce Eldridge,R,0.18,0.16,38.0,34.0,8.0,89.0,14.0,0.1,0.65
Troy Johnston,R,0.18,0.16,38.0,34.0,8.0,89.0,14.0,0.1,0.65
Trent Grisham,R,0.18,0.16,38.0,34.0,8.0,89.0,14.0,0.1,0.65
Cody Bellinger,R,0.18,0.16,38.0,34.0,8.0,89.0,14.0,0.1,0.65
Colby Thomas,R,0.18,0.16,38.0,34.0,8.0,89.0,14.0,0.1,0.65
Adrian Del Castillo,R,0.18,0.16,38.0,34.0,8.0,89.0,14.0,0.1,0.65
Jose Fernandez,R,0.18,0.16,38.0,34.0,8.0,89.0,14.0,0.1,0.65
Tommy Troy,R,0.18,0.16,38.0,34.0,8.0,89.0,14.0,0.1,0.65
Steward Berroa,R,0.26,0.24,47.0,42.0,14.0,92.5,18.0,0.22,0.78
Andy Pages,R,0.18,0.16,38.0,34.0,8.0,89.0,14.0,0.1,0.65
José Tena,R,0.18,0.16,38.0,34.0,8.0,89.0,14.0,0.1,0.65
James Outman,R,0.18,0.16,38.0,34.0,8.0,89.0,14.0,0.1,0.65
Tyler Callihan,R,0.18,0.16,38.0,34.0,8.0,89.0,14.0,0.1,0.65
