Date,GameTimeUTC,GameTimeET,GameTime,Game,LineupSpot,Player,player_id,LineupSource,Team,Pitcher,ISO,Pitcher_HR9,HardHit,FlyBall,BarrelRate,ExitVelocity,LaunchAngle,RecentHRRate,ParkFactor,WindFactor,Matchup,FanDuel,DraftKings,BetMGM,PitcherVulnerability,FallbackType,PitcherFallbackType,TruePowerIndex,ContactQualityScore,LaunchProfileScore,PulledAirScore,PitcherHRWeaknessScore,PitcherLineupWeakSpot,EnrichmentScore,EnrichmentTier,BestBook,BestOdds,HasOdds,LineupSpotAdj,RawHRScore,RawDecisionScore,RawSmashScore,HRScore,DecisionScore,SmashScore,PowerScore,Confidence,BestImpliedProb,RawModelProb,ModelProb,Edge,EVScore,Grade,Tier,Play,TopHRRank,TopEdgeRank,TopProbRank,TopSmashRank,PlayCode,TierCode,Reason,Stake,PitcherScore,PitcherLineupScore,SmashTier
2026-06-04,2026-06-04T18:10:00+00:00,2026-06-04T14:10:00-04:00,2:10 PM,San Francisco Giants vs Milwaukee Brewers,4,Willy Adames,642715,confirmed,San Francisco Giants,Coleman Crow,0.252,1.52,48.2,,12.8,,,0.149,0.0,0.0,0.0,440.0,445.0,310.0,66.2,SMART_POWER_BAT_V2_1,SMART_PITCHER_V2_2,350.98,10.0,10.0,8.0,7.0,10,100.0,V2 ELITE,DraftKings,445.0,True,8,480.7932,277.79694,403.77261999999996,100.0,100.0,100.0,350.98,98.64,0.1834862385321101,0.2023,0.2023,0.018814,1.88,A+,GOD TIER ðŸ‘‘,YES ðŸ”¥,1,49,1,1,YES,GOD_TIER,V3.11 official play,0.5,7.0,10,GOD TIER ðŸ‘‘
2026-06-04,2026-06-04T17:35:00+00:00,2026-06-04T13:35:00-04:00,1:35 PM,Cleveland Guardians vs New York Yankees,4,Cody Bellinger,641355,confirmed,New York Yankees,Slade Cecconi,0.248,1.24,47.8,,12.6,,,0.146,0.0,0.0,0.0,410.0,394.0,325.0,53.2,SMART_POWER_BAT_V2_1,SMART_PITCHER_V2_2,346.04,10.0,10.0,8.0,6.0,10,95.06,V2 ELITE,FanDuel,410.0,True,8,458.60360000000003,263.97661999999997,379.52126,99.38,99.38,99.38,346.04,95.31,0.19607843137254902,0.1959,0.1959,-0.000178,-0.02,A,ELITE ðŸ”¥,POWER BAT ðŸ’£,2,70,5,2,POWER_BAT,ELITE,V3.11 filter removed negative-edge official play,0.1,6.0,10,ELITE ðŸ”¥
2026-06-04,2026-06-05T00:05:00+00:00,2026-06-04T20:05:00-04:00,8:05 PM,Athletics vs Chicago Cubs,4,Alika Williams,675961,power_roster,Athletics,Shota Imanaga,0.202,1.59,42.2,,9.5,,,0.109,0.0,0.0,0.0,,,,69.7,SMART_LINEUP_V2_1,SMART_PITCHER_V2_2,281.64,10.0,8.0,6.0,7.0,10,99.07,V2 ELITE,NO_ODDS,,False,8,417.7526,249.89616999999998,366.99841000000004,93.21,96.3,96.91,281.64,95.31,,0.1982,0.1982,0.0,0.0,A,STRONG ðŸ’£,NO ODDS,12,69,2,6,NO_ODDS,STRONG,No sportsbook odds available,0.0,7.0,10,STRONG ðŸ’£
2026-06-04,2026-06-04T23:15:00+00:00,2026-06-04T19:15:00-04:00,7:15 PM,Toronto Blue Jays vs Atlanta Braves,5,Ernie Clement,676391,power_roster,Toronto Blue Jays,Chris Sale,0.208,1.5,42.8,,9.9,,,0.116,0.0,0.0,0.0,1120.0,980.0,1000.0,65.1,SMART_MID_POWER_V2_1,SMART_PITCHER_V2_2,290.38,10.0,8.0,6.0,7.0,10,95.99,V2 ELITE,FanDuel,1120.0,True,9,423.1842,252.05039,368.83447,94.44,97.53,97.53,290.38,94.63,0.08196721311475409,0.1963,0.1963,0.114333,11.43,A,STRONG ðŸ’£,YES ðŸ”¥,10,1,4,5,YES,STRONG,V3.11 high-edge official play,0.25,7.0,10,STRONG ðŸ’£
2026-06-04,2026-06-05T00:05:00+00:00,2026-06-04T20:05:00-04:00,8:05 PM,Athletics vs Chicago Cubs,3,Nick Kurtz,701762,power_roster,Athletics,Shota Imanaga,0.25,1.59,48.0,,12.7,,,0.148,0.0,0.0,0.0,290.0,299.0,230.0,69.7,SMART_POWER_BAT_V2_1,SMART_PITCHER_V2_2,348.66,10.0,10.0,8.0,7.0,0,91.05,V2 ELITE,DraftKings,299.0,True,10,438.58939999999996,248.06772999999998,343.44629,96.91,94.44,87.65,348.66,94.38,0.2506265664160401,0.1963,0.1963,-0.054327,-5.43,A,STRONG ðŸ’£,POWER BAT ðŸ’£,6,114,4,21,POWER_BAT,STRONG,V3.11 filter removed negative-edge official play,0.1,7.0,0,STRONG ðŸ’£
2026-06-04,2026-06-05T00:05:00+00:00,2026-06-04T20:05:00-04:00,8:05 PM,Athletics vs Chicago Cubs,5,Jeff McNeil,643446,power_roster,Athletics,Shota Imanaga,0.199,1.59,41.9,,9.3,,,0.107,0.0,0.0,0.0,790.0,770.0,700.0,69.7,SMART_LINEUP_V2_1,SMART_PITCHER_V2_2,277.72,10.0,8.0,6.0,7.0,10,99.07,V2 ELITE,FanDuel,790.0,True,9,415.00480000000005,250.05966000000004,366.25668,90.74,96.91,96.3,277.72,94.38,0.11235955056179775,0.1969,0.1969,0.08454,8.45,A,STRONG ðŸ’£,YES ðŸ”¥,16,11,3,7,YES,STRONG,V3.11 clean official card: positive edge + strong HR profile,0.25,7.0,10,STRONG ðŸ’£
2026-06-04,2026-06-04T17:05:00+00:00,2026-06-04T13:05:00-04:00,1:05 PM,San Diego Padres vs Philadelphia Phillies,5,Jackson Merrill,701538,confirmed,San Diego Padres,Zack Wheeler,0.203,1.52,42.3,,9.5,,,0.109,0.0,0.0,0.0,,500.0,,66.5,SMART_LINEUP_V2_1,SMART_PITCHER_V2_2,282.36,10.0,8.0,6.0,7.0,10,97.84,V2 ELITE,DraftKings,500.0,True,9,416.6424,249.84908000000001,365.58984000000004,91.98,95.68,95.68,282.36,93.83,0.16666666666666666,0.1957,0.1957,0.029033,2.9,A,STRONG ðŸ’£,POWER BAT ðŸ’£,14,38,6,8,POWER_BAT,STRONG,Power bat profile but failed official YES edge/filter threshold,0.1,7.0,10,STRONG ðŸ’£
2026-06-04,2026-06-05T00:10:00+00:00,2026-06-04T20:10:00-04:00,8:10 PM,Pittsburgh Pirates vs Houston Astros,4,Brandon Lowe,664040,power_roster,Pittsburgh Pirates,Kai-Wei Teng,0.251,1.21,48.1,,12.7,,,0.148,0.0,0.0,0.0,430.0,416.0,310.0,51.8,SMART_POWER_BAT_V2_1,SMART_PITCHER_V2_2,349.38,10.0,10.0,8.0,5.0,10,91.98,V2 ELITE,FanDuel,430.0,True,8,453.9842,260.84789,372.18947000000003,98.77,98.77,98.77,349.38,93.65,0.18867924528301888,0.1929,0.1929,0.004221,0.42,A,STRONG ðŸ’£,POWER BAT ðŸ’£,3,64,8,3,POWER_BAT,STRONG,Power bat profile but failed official YES edge/filter threshold,0.1,5.0,10,STRONG ðŸ’£
2026-06-04,2026-06-04T17:05:00+00:00,2026-06-04T13:05:00-04:00,1:05 PM,San Diego Padres vs Philadelphia Phillies,4,Ty France,664034,confirmed,San Diego Padres,Zack Wheeler,0.202,1.52,42.2,,9.5,,,0.109,0.0,0.0,0.0,1000.0,900.0,,66.5,SMART_LINEUP_V2_1,SMART_PITCHER_V2_2,281.64,10.0,8.0,6.0,7.0,10,97.84,V2 ELITE,FanDuel,1000.0,True,8,415.03259999999995,247.72466999999997,363.64641,91.36,93.83,95.06,281.64,92.9,0.09090909090909091,0.1944,0.1944,0.103491,10.35,A,STRONG ðŸ’£,YES ðŸ”¥,15,6,7,9,YES,STRONG,V3.11 high-edge official play,0.25,7.0,10,STRONG ðŸ’£
2026-06-04,2026-06-04T17:35:00+00:00,2026-06-04T13:35:00-04:00,1:35 PM,Baltimore Orioles vs Boston Red Sox,4,Pete Alonso,624413,confirmed,Baltimore Orioles,Brayan Bello,0.251,1.17,48.1,,12.7,,,0.148,0.0,0.0,0.0,320.0,325.0,310.0,50.0,SMART_POWER_BAT_V2_1,SMART_PITCHER_V2_2,349.38,10.0,10.0,8.0,5.0,10,90.12,V2 ELITE,DraftKings,325.0,True,8,452.4542,259.33439000000004,370.30397000000005,98.15,98.15,98.15,349.38,92.53,0.23529411764705882,0.191,0.191,-0.044294,-4.43,A,STRONG ðŸ’£,POWER BAT ðŸ’£,4,107,10,4,POWER_BAT,STRONG,V3.11 filter removed negative-edge official play,0.1,5.0,10,STRONG ðŸ’£
2026-06-04,2026-06-04T18:10:00+00:00,2026-06-04T14:10:00-04:00,2:10 PM,San Francisco Giants vs Milwaukee Brewers,5,Jung Hoo Lee,808982,confirmed,San Francisco Giants,Coleman Crow,0.198,1.52,41.8,,9.3,,,0.107,0.0,0.0,0.0,1040.0,1080.0,700.0,66.2,SMART_LINEUP_V2_1,SMART_PITCHER_V2_2,277.0,10.0,8.0,6.0,7.0,10,96.91,V2 ELITE,DraftKings,1080.0,True,9,411.41999999999996,247.20649999999998,362.197,88.27,93.21,94.44,277.0,90.8,0.0847457627118644,0.1912,0.1912,0.106454,10.65,B+,WATCH ðŸ‘€,YES ðŸ”¥,20,5,9,10,YES,WATCH,V3.11 high-edge official play,0.25,7.0,10,WATCH ðŸ‘€
2026-06-04,2026-06-04T23:15:00+00:00,2026-06-04T19:15:00-04:00,7:15 PM,Toronto Blue Jays vs Atlanta Braves,5,Austin Riley,663586,power_roster,Atlanta Braves,TBD,0.202,1.46,42.2,,9.5,,,0.108,0.0,0.0,0.0,520.0,462.0,500.0,63.4,SMART_LINEUP_V2_1,SMART_PITCHER_V2_2,281.34,10.0,8.0,6.0,7.0,10,92.9,V2 ELITE,FanDuel,520.0,True,9,413.1156,246.40702,361.77546,90.12,92.59,93.83,281.34,89.57,0.16129032258064516,0.1884,0.1884,0.02711,2.71,B+,WATCH ðŸ‘€,POWER BAT ðŸ’£,17,42,13,11,POWER_BAT,WATCH,Power bat profile but not enough official-card edge,0.1,7.0,10,WATCH ðŸ‘€
2026-06-04,2026-06-04T23:40:00+00:00,2026-06-04T19:40:00-04:00,7:40 PM,Kansas City Royals vs Minnesota Twins,5,Tristan Gray,656484,power_roster,Minnesota Twins,Seth Lugo,0.201,1.46,42.1,,9.4,,,0.108,0.0,0.0,0.0,520.0,508.0,650.0,63.7,SMART_LINEUP_V2_1,SMART_PITCHER_V2_2,280.04,10.0,8.0,6.0,7.0,10,94.14,V2 ELITE,BetMGM,650.0,True,9,412.0836,246.31262,361.31426000000005,89.51,91.98,93.21,280.04,89.57,0.13333333333333333,0.1887,0.1887,0.055367,5.54,B+,WATCH ðŸ‘€,YES ðŸ”¥,18,24,12,12,YES,WATCH,V3.11 clean official card: positive edge + strong HR profile,0.25,7.0,10,WATCH ðŸ‘€
2026-06-04,2026-06-04T23:15:00+00:00,2026-06-04T19:15:00-04:00,7:15 PM,Toronto Blue Jays vs Atlanta Braves,4,Charles McAdoo,807727,power_roster,Toronto Blue Jays,Chris Sale,0.2,1.5,42.0,,9.4,,,0.108,0.0,0.0,0.0,880.0,950.0,750.0,65.1,SMART_LINEUP_V2_1,SMART_PITCHER_V2_2,279.32,10.0,8.0,6.0,7.0,10,95.99,V2 ELITE,DraftKings,950.0,True,8,411.6638,245.46621,360.83733,88.89,91.36,92.59,279.32,89.57,0.09523809523809523,0.189,0.189,0.093762,9.38,B+,WATCH ðŸ‘€,YES ðŸ”¥,19,7,11,13,YES,WATCH,V3.11 clean official card: positive edge + strong HR profile,0.25,7.0,10,WATCH ðŸ‘€
2026-06-04,2026-06-04T23:15:00+00:00,2026-06-04T19:15:00-04:00,7:15 PM,Toronto Blue Jays vs Atlanta Braves,3,Matt Olson,621566,power_roster,Atlanta Braves,TBD,0.249,1.46,47.9,,12.6,,,0.147,0.0,0.0,0.0,370.0,348.0,390.0,63.4,SMART_POWER_BAT_V2_1,SMART_PITCHER_V2_2,347.06,10.0,10.0,8.0,7.0,0,84.57,V2 STRONG,BetMGM,390.0,True,10,431.6654,242.07193,335.89789,96.3,89.51,84.57,347.06,89.26,0.20408163265306123,0.1873,0.1873,-0.016782,-1.68,B+,WATCH ðŸ‘€,PASS,7,81,14,26,PASS,WATCH,V3.11 filter removed negative-edge official play,0.0,7.0,0,WATCH ðŸ‘€
2026-06-04,2026-06-04T23:40:00+00:00,2026-06-04T19:40:00-04:00,7:40 PM,Kansas City Royals vs Minnesota Twins,4,Luke Keaschall,807712,power_roster,Minnesota Twins,Seth Lugo,0.201,1.46,42.1,,9.4,,,0.108,0.0,0.0,0.0,1200.0,1120.0,800.0,63.7,SMART_LINEUP_V2_1,SMART_PITCHER_V2_2,280.04,10.0,8.0,6.0,7.0,10,94.14,V2 ELITE,FanDuel,1200.0,True,8,411.0836,244.46262,359.76426000000004,87.65,90.74,91.98,280.04,88.21,0.07692307692307693,0.1868,0.1868,0.109877,10.99,B+,WATCH ðŸ‘€,YES ðŸ”¥,21,2,15,14,YES,WATCH,V3.11 high-edge official play,0.25,7.0,10,WATCH ðŸ‘€
2026-06-04,2026-06-04T23:15:00+00:00,2026-06-04T19:15:00-04:00,7:15 PM,Toronto Blue Jays vs Atlanta Braves,9,Daulton Varsho,662139,power_roster,Toronto Blue Jays,Chris Sale,0.253,1.5,48.3,,12.8,,,0.149,0.0,0.0,0.0,1120.0,1240.0,900.0,65.1,SMART_POWER_BAT_V2_1,SMART_PITCHER_V2_2,351.7,10.0,10.0,8.0,7.0,0,86.42,V2 STRONG,DraftKings,1240.0,True,0,427.46799999999996,226.98559999999998,324.86379999999997,95.68,83.33,77.78,351.7,86.91,0.07462686567164178,0.1844,0.1844,0.109773,10.98,B+,WATCH ðŸ‘€,VALUE LEAN ðŸ‘€,8,3,18,37,VALUE_LEAN,WATCH,Positive edge but not enough elite HR signals,0.1,7.0,0,WATCH ðŸ‘€
2026-06-04,2026-06-04T18:10:00+00:00,2026-06-04T14:10:00-04:00,2:10 PM,San Francisco Giants vs Milwaukee Brewers,7,Matt Chapman,656305,confirmed,San Francisco Giants,Coleman Crow,0.251,1.52,48.1,,12.7,,,0.148,0.0,0.0,0.0,710.0,720.0,425.0,66.2,SMART_POWER_BAT_V2_1,SMART_PITCHER_V2_2,349.38,10.0,10.0,8.0,7.0,0,87.04,V2 STRONG,DraftKings,720.0,True,0,426.2242,226.80089,324.67346999999995,95.06,82.72,77.16,349.38,86.91,0.12195121951219512,0.1847,0.1847,0.062749,6.27,B+,WATCH ðŸ‘€,VALUE LEAN ðŸ‘€,9,15,16,38,VALUE_LEAN,WATCH,Positive edge but not enough elite HR signals,0.1,7.0,0,WATCH ðŸ‘€
2026-06-04,2026-06-04T23:15:00+00:00,2026-06-04T19:15:00-04:00,7:15 PM,Toronto Blue Jays vs Atlanta Braves,4,Ozzie Albies,645277,power_roster,Atlanta Braves,TBD,0.2,1.46,42.0,,9.4,,,0.108,0.0,0.0,0.0,680.0,598.0,625.0,63.4,SMART_LINEUP_V2_1,SMART_PITCHER_V2_2,279.32,10.0,8.0,6.0,7.0,10,92.9,V2 ELITE,FanDuel,680.0,True,8,410.2188,243.70345999999998,359.05658,86.42,90.12,91.36,279.32,86.85,0.1282051282051282,0.1845,0.1845,0.056295,5.63,B+,WATCH ðŸ‘€,VALUE LEAN ðŸ‘€,23,20,17,15,VALUE_LEAN,WATCH,Positive edge but not enough elite HR signals,0.1,7.0,10,WATCH ðŸ‘€
2026-06-04,2026-06-05T01:40:00+00:00,2026-06-04T21:40:00-04:00,9:40 PM,Los Angeles Dodgers vs Arizona Diamondbacks,5,Max Muncy,571970,power_roster,Los Angeles Dodgers,Ryne Nelson,0.253,0.92,48.3,,12.8,,,0.149,0.0,0.0,0.0,390.0,402.0,375.0,38.1,SMART_POWER_BAT_V2_1,SMART_PITCHER_V2_2,351.7,10.0,10.0,8.0,4.0,10,77.78,V2 WATCH,DraftKings,402.0,True,9,439.018,249.2231,352.9563,97.53,95.06,90.74,351.7,86.54,0.199203187250996,0.1802,0.1802,-0.019003,-1.9,B+,WATCH ðŸ‘€,PASS,5,82,20,16,PASS,WATCH,V3.11 filter removed negative-edge official play,0.0,4.0,10,WATCH ðŸ‘€
2026-06-04,2026-06-04T17:05:00+00:00,2026-06-04T13:05:00-04:00,1:05 PM,San Diego Padres vs Philadelphia Phillies,5,Alec Bohm,664761,confirmed,Philadelphia Phillies,Lucas Giolito,0.212,1.23,43.2,,10.1,,,0.119,0.0,0.0,0.0,750.0,600.0,,52.5,SMART_MID_POWER_V2_1,SMART_PITCHER_V2_2,295.32,10.0,8.0,7.0,6.0,10,83.33,V2 STRONG,FanDuel,750.0,True,9,410.6138,240.70871000000002,350.71983,87.04,88.89,90.12,295.32,84.82,0.11764705882352941,0.1806,0.1806,0.062953,6.3,B+,WATCH ðŸ‘€,VALUE LEAN ðŸ‘€,22,14,19,17,VALUE_LEAN,WATCH,Positive edge but not enough elite HR signals,0.1,6.0,10,WATCH ðŸ‘€
2026-06-04,2026-06-05T00:05:00+00:00,2026-06-04T20:05:00-04:00,8:05 PM,Athletics vs Chicago Cubs,5,Pedro Ramírez,699393,power_roster,Chicago Cubs,J.T. Ginn,0.201,1.38,42.1,,9.4,,,0.108,0.0,0.0,0.0,,,,59.5,SMART_LINEUP_V2_1,SMART_PITCHER_V2_2,280.04,10.0,8.0,6.0,6.0,10,87.96,V2 STRONG,NO_ODDS,,False,9,402.0136,239.39612000000002,349.13976,83.95,88.27,89.51,280.04,84.38,,0.1806,0.1806,0.0,0.0,B+,WATCH ðŸ‘€,NO ODDS,27,69,19,18,NO_ODDS,WATCH,No sportsbook odds available,0.0,6.0,10,WATCH ðŸ‘€
2026-06-04,2026-06-04T17:05:00+00:00,2026-06-04T13:05:00-04:00,1:05 PM,San Diego Padres vs Philadelphia Phillies,4,Brandon Marsh,669016,confirmed,Philadelphia Phillies,Lucas Giolito,0.209,1.23,42.9,,9.9,,,0.117,0.0,0.0,0.0,600.0,550.0,,52.5,SMART_MID_POWER_V2_1,SMART_PITCHER_V2_2,291.4,10.0,8.0,7.0,6.0,10,83.33,V2 STRONG,FanDuel,600.0,True,8,405.866,237.1722,346.8781,85.19,87.65,88.89,291.4,83.46,0.14285714285714285,0.1786,0.1786,0.035743,3.57,B+,WATCH ðŸ‘€,VALUE LEAN ðŸ‘€,25,33,23,19,VALUE_LEAN,WATCH,Positive edge but not enough elite HR signals,0.1,6.0,10,WATCH ðŸ‘€
2026-06-04,2026-06-05T00:05:00+00:00,2026-06-04T20:05:00-04:00,8:05 PM,Athletics vs Chicago Cubs,4,Nico Hoerner,663538,power_roster,Chicago Cubs,J.T. Ginn,0.198,1.38,41.8,,9.3,,,0.106,0.0,0.0,0.0,1040.0,1040.0,725.0,59.5,SMART_LINEUP_V2_1,SMART_PITCHER_V2_2,276.7,10.0,8.0,6.0,6.0,10,87.96,V2 STRONG,FanDuel,1040.0,True,8,397.943,236.16435,345.68005,82.1,87.04,88.27,276.7,83.03,0.08771929824561403,0.1787,0.1787,0.090981,9.1,B+,WATCH ðŸ‘€,VALUE LEAN ðŸ‘€,30,8,22,20,VALUE_LEAN,WATCH,Positive edge but not enough elite HR signals,0.1,6.0,10,WATCH ðŸ‘€
2026-06-04,2026-06-05T00:05:00+00:00,2026-06-04T20:05:00-04:00,8:05 PM,Athletics vs Chicago Cubs,2,Shea Langeliers,669127,power_roster,Athletics,Shota Imanaga,0.249,1.59,47.9,,12.7,,,0.147,0.0,0.0,0.0,235.0,217.0,200.0,69.7,SMART_POWER_BAT_V2_1,SMART_PITCHER_V2_2,347.64,10.0,10.0,8.0,7.0,0,91.05,V2 ELITE,FanDuel,235.0,True,-8,419.69759999999997,214.36641999999998,314.97916,93.83,70.99,70.99,347.64,82.78,0.29850746268656714,0.1794,0.1794,-0.119107,-11.91,B+,WATCH ðŸ‘€,PASS,11,136,21,48,PASS,WATCH,V3.11 filter removed negative-edge official play,0.0,7.0,0,WATCH ðŸ‘€
2026-06-04,2026-06-04T17:05:00+00:00,2026-06-04T13:05:00-04:00,1:05 PM,San Diego Padres vs Philadelphia Phillies,3,Bryce Harper,547180,confirmed,Philadelphia Phillies,Lucas Giolito,0.25,1.23,48.0,,12.7,,,0.148,0.0,0.0,0.0,490.0,350.0,,52.5,SMART_POWER_BAT_V2_1,SMART_PITCHER_V2_2,348.66,10.0,10.0,8.0,6.0,0,70.68,V2 WATCH,FanDuel,490.0,True,10,417.46939999999995,230.03123,317.65429,92.59,85.8,72.84,348.66,82.65,0.1694915254237288,0.1764,0.1764,0.006908,0.69,B+,WATCH ðŸ‘€,VALUE LEAN ðŸ‘€,13,61,26,45,VALUE_LEAN,WATCH,Positive edge but not enough elite HR signals,0.1,6.0,0,WATCH ðŸ‘€
2026-06-04,2026-06-04T17:35:00+00:00,2026-06-04T13:35:00-04:00,1:35 PM,Cleveland Guardians vs New York Yankees,5,Jazz Chisholm Jr.,665862,confirmed,New York Yankees,Slade Cecconi,0.197,1.24,41.7,,9.3,,,0.106,0.0,0.0,0.0,370.0,345.0,300.0,53.2,SMART_LINEUP_V2_1,SMART_PITCHER_V2_2,275.98,10.0,8.0,6.0,6.0,10,80.86,V2 STRONG,FanDuel,370.0,True,9,392.9782,232.29519000000002,340.23737,80.86,86.42,87.04,275.98,81.54,0.2127659574468085,0.1762,0.1762,-0.036566,-3.66,B,LOW,PASS,32,97,27,22,PASS,LOW,V3.11 filter removed negative-edge official play,0.0,6.0,10,LOW
2026-06-04,2026-06-04T17:05:00+00:00,2026-06-04T13:05:00-04:00,1:05 PM,San Diego Padres vs Philadelphia Phillies,6,Xander Bogaerts,593428,confirmed,San Diego Padres,Zack Wheeler,0.183,1.52,40.3,,8.4,,,0.092,0.0,0.0,0.0,1000.0,1300.0,,66.5,SMART_LINEUP_V2_1,SMART_PITCHER_V2_2,256.48,9.0,7.0,6.0,7.0,10,89.51,V2 STRONG,DraftKings,1300.0,True,2,385.2032,223.81894000000003,339.71611999999993,77.78,80.25,85.8,256.48,81.54,0.07142857142857142,0.1783,0.1783,0.106871,10.69,B,LOW,VALUE LEAN ðŸ‘€,37,4,25,24,VALUE_LEAN,LOW,Positive edge but not enough elite HR signals,0.1,7.0,10,LOW
2026-06-04,2026-06-05T00:05:00+00:00,2026-06-04T20:05:00-04:00,8:05 PM,Athletics vs Chicago Cubs,6,Zack Gelof,680869,power_roster,Athletics,Shota Imanaga,0.178,1.59,39.8,,8.2,,,0.09,0.0,0.0,0.0,470.0,492.0,350.0,69.7,SMART_LINEUP_V2_1,SMART_PITCHER_V2_2,251.12,9.0,7.0,5.0,7.0,10,88.89,V2 STRONG,DraftKings,492.0,True,2,382.9558,223.29261000000002,339.98952999999995,76.54,79.01,86.42,251.12,81.36,0.16891891891891891,0.1785,0.1785,0.009581,0.96,B,LOW,VALUE LEAN ðŸ‘€,39,59,24,23,VALUE_LEAN,LOW,Positive edge but not enough elite HR signals,0.1,7.0,10,LOW
2026-06-04,2026-06-04T17:05:00+00:00,2026-06-04T13:05:00-04:00,1:05 PM,San Diego Padres vs Philadelphia Phillies,6,Bryson Stott,681082,confirmed,Philadelphia Phillies,Lucas Giolito,0.21,1.23,43.0,,10.0,,,0.118,0.0,0.0,0.0,650.0,550.0,,52.5,SMART_MID_POWER_V2_1,SMART_PITCHER_V2_2,293.0,10.0,8.0,7.0,6.0,10,83.33,V2 STRONG,FanDuel,650.0,True,2,401.435,226.77825,338.52725,83.33,82.1,85.19,293.0,80.31,0.13333333333333333,0.1741,0.1741,0.040767,4.08,B,LOW,VALUE LEAN ðŸ‘€,28,32,28,25,VALUE_LEAN,LOW,Positive edge but not enough elite HR signals,0.1,6.0,10,LOW
2026-06-04,2026-06-04T17:35:00+00:00,2026-06-04T13:35:00-04:00,1:35 PM,Baltimore Orioles vs Boston Red Sox,5,Samuel Basallo,694212,confirmed,Baltimore Orioles,Brayan Bello,0.202,1.17,42.2,,9.4,,,0.108,0.0,0.0,0.0,420.0,388.0,425.0,50.0,SMART_LINEUP_V2_1,SMART_PITCHER_V2_2,280.76,10.0,8.0,6.0,5.0,10,78.4,V2 WATCH,BetMGM,425.0,True,9,388.0484,228.82178,331.80694,80.25,85.19,82.1,280.76,78.27,0.19047619047619047,0.1703,0.1703,-0.020176,-2.02,B,LOW,PASS,33,86,29,30,PASS,LOW,V3.11 filter removed negative-edge official play,0.0,5.0,10,LOW
2026-06-04,2026-06-05T00:10:00+00:00,2026-06-04T20:10:00-04:00,8:10 PM,Pittsburgh Pirates vs Houston Astros,5,Jeremy Peña,665161,power_roster,Houston Astros,Jared Jones,0.202,1.14,42.2,,9.5,,,0.109,0.0,0.0,0.0,790.0,790.0,475.0,48.6,SMART_LINEUP_V2_1,SMART_PITCHER_V2_2,281.64,10.0,8.0,6.0,5.0,10,76.85,V2 WATCH,FanDuel,790.0,True,9,387.81759999999997,228.05042,330.89616,79.63,84.57,80.86,281.64,77.04,0.11235955056179775,0.1682,0.1682,0.05584,5.58,B,LOW,PASS,34,21,33,32,PASS,LOW,Positive edge but decision score below official-card threshold,0.0,5.0,10,LOW
2026-06-04,2026-06-05T00:10:00+00:00,2026-06-04T20:10:00-04:00,8:10 PM,Pittsburgh Pirates vs Houston Astros,5,Jared Triolo,669707,power_roster,Pittsburgh Pirates,Kai-Wei Teng,0.196,1.21,41.6,,9.2,,,0.105,0.0,0.0,0.0,1120.0,1180.0,1000.0,51.8,SMART_LINEUP_V2_1,SMART_PITCHER_V2_2,274.38,10.0,8.0,6.0,5.0,10,79.63,V2 WATCH,DraftKings,1180.0,True,9,383.7192,227.54114,330.04672,77.16,83.95,80.25,274.38,76.85,0.078125,0.1686,0.1686,0.090475,9.05,B,LOW,PASS,38,9,31,33,PASS,LOW,Positive edge but decision score below official-card threshold,0.0,5.0,10,LOW
2026-06-04,2026-06-04T18:10:00+00:00,2026-06-04T14:10:00-04:00,2:10 PM,San Francisco Giants vs Milwaukee Brewers,6,Bryce Eldridge,805811,confirmed,San Francisco Giants,Coleman Crow,0.175,1.52,39.5,,8.1,,,0.088,0.0,0.0,0.0,490.0,480.0,500.0,66.2,SMART_LINEUP_V2_1,SMART_PITCHER_V2_2,247.78,9.0,7.0,5.0,7.0,10,85.8,V2 STRONG,BetMGM,500.0,True,2,376.91020000000003,219.09959000000003,334.41357,69.75,75.93,83.33,247.78,75.99,0.16666666666666666,0.1702,0.1702,0.003533,0.35,B,LOW,PASS,50,65,30,28,PASS,LOW,Positive edge but decision score below official-card threshold,0.0,7.0,10,LOW
2026-06-04,2026-06-05T00:05:00+00:00,2026-06-04T20:05:00-04:00,8:05 PM,Athletics vs Chicago Cubs,8,Ian Happ,664023,power_roster,Chicago Cubs,J.T. Ginn,0.245,1.38,47.5,,12.5,,,0.145,0.0,0.0,0.0,340.0,345.0,280.0,59.5,SMART_POWER_BAT_V2_1,SMART_PITCHER_V2_2,343.0,10.0,10.0,8.0,6.0,0,80.25,V2 STRONG,DraftKings,345.0,True,0,408.17,215.639,306.2345,85.8,71.6,68.52,343.0,75.92,0.2247191011235955,0.1677,0.1677,-0.057019,-5.7,B,LOW,PASS,24,116,35,52,PASS,LOW,V3.11 filter removed negative-edge official play,0.0,6.0,0,LOW
2026-06-04,2026-06-04T23:15:00+00:00,2026-06-04T19:15:00-04:00,7:15 PM,Toronto Blue Jays vs Atlanta Braves,6,Ha-Seong Kim,673490,power_roster,Atlanta Braves,TBD,0.181,1.46,40.1,,8.3,,,0.091,0.0,0.0,0.0,,,,63.4,SMART_LINEUP_V2_1,SMART_PITCHER_V2_2,254.16,9.0,7.0,5.0,7.0,10,81.48,V2 STRONG,NO_ODDS,,False,2,380.38939999999997,219.02523000000002,335.1262899999999,72.84,75.31,83.95,254.16,75.49,,0.1685,0.1685,0.0,0.0,B,LOW,NO ODDS,45,69,32,27,NO_ODDS,LOW,No sportsbook odds available,0.0,7.0,10,LOW
2026-06-04,2026-06-05T00:10:00+00:00,2026-06-04T20:10:00-04:00,8:10 PM,Pittsburgh Pirates vs Houston Astros,4,Isaac Paredes,670623,power_roster,Houston Astros,Jared Jones,0.201,1.14,42.1,,9.4,,,0.108,0.0,0.0,0.0,630.0,610.0,425.0,48.6,SMART_LINEUP_V2_1,SMART_PITCHER_V2_2,280.04,10.0,8.0,6.0,5.0,10,76.85,V2 WATCH,FanDuel,630.0,True,8,385.2486,225.49437,328.39701,78.4,81.48,79.63,280.04,75.37,0.136986301369863,0.1659,0.1659,0.028914,2.89,B,LOW,PASS,36,39,36,34,PASS,LOW,Positive edge but decision score below official-card threshold,0.0,5.0,10,LOW
2026-06-04,2026-06-04T23:15:00+00:00,2026-06-04T19:15:00-04:00,7:15 PM,Toronto Blue Jays vs Atlanta Braves,6,Kazuma Okamoto,672960,power_roster,Toronto Blue Jays,Chris Sale,0.176,1.5,39.6,,8.1,,,0.089,0.0,0.0,0.0,590.0,620.0,475.0,65.1,SMART_LINEUP_V2_1,SMART_PITCHER_V2_2,248.8,9.0,7.0,5.0,7.0,10,85.19,V2 STRONG,DraftKings,620.0,True,2,376.867,218.70765000000003,333.82845,69.14,74.07,82.72,248.8,74.51,0.1388888888888889,0.1678,0.1678,0.028911,2.89,B,LOW,PASS,51,40,34,29,PASS,LOW,Positive edge but decision score below official-card threshold,0.0,7.0,10,LOW
2026-06-04,2026-06-04T17:35:00+00:00,2026-06-04T13:35:00-04:00,1:35 PM,Cleveland Guardians vs New York Yankees,5,Angel Martínez,682657,confirmed,Cleveland Guardians,Carlos Rodón,0.198,1.1,41.8,,9.3,,,0.106,0.0,0.0,0.0,540.0,485.0,475.0,46.9,SMART_LINEUP_V2_1,SMART_PITCHER_V2_2,276.7,10.0,8.0,6.0,5.0,10,74.38,V2 WATCH,FanDuel,540.0,True,9,381.733,224.35485,326.25655,75.31,80.86,79.01,276.7,73.27,0.15625,0.1626,0.1626,0.00635,0.64,B,LOW,PASS,41,62,38,35,PASS,LOW,Positive edge but decision score below official-card threshold,0.0,5.0,10,LOW
2026-06-04,2026-06-04T23:40:00+00:00,2026-06-04T19:40:00-04:00,7:40 PM,Kansas City Royals vs Minnesota Twins,6,Brooks Lee,686797,power_roster,Minnesota Twins,Seth Lugo,0.175,1.46,39.5,,8.1,,,0.088,0.0,0.0,0.0,590.0,600.0,525.0,63.7,SMART_LINEUP_V2_1,SMART_PITCHER_V2_2,247.78,9.0,7.0,5.0,7.0,10,82.1,V2 STRONG,DraftKings,600.0,True,2,374.78520000000003,216.71834000000004,331.79481999999996,68.52,72.22,81.48,247.78,72.9,0.14285714285714285,0.1652,0.1652,0.022343,2.23,B,LOW,PASS,52,46,37,31,PASS,LOW,Positive edge but decision score below official-card threshold,0.0,7.0,10,LOW
2026-06-04,2026-06-04T17:05:00+00:00,2026-06-04T13:05:00-04:00,1:05 PM,San Diego Padres vs Philadelphia Phillies,1,Kyle Schwarber,656941,confirmed,Philadelphia Phillies,Lucas Giolito,0.246,1.23,47.6,,12.6,,,0.146,0.0,0.0,0.0,290.0,270.0,,52.5,SMART_POWER_BAT_V2_1,SMART_PITCHER_V2_2,344.6,10.0,10.0,8.0,6.0,0,70.68,V2 WATCH,FanDuel,290.0,True,0,403.789,209.87505,299.85114999999996,84.57,67.9,64.2,344.6,72.35,0.2564102564102564,0.1618,0.1618,-0.09461,-9.46,B,LOW,PASS,26,134,39,59,PASS,LOW,V3.11 filter removed negative-edge official play,0.0,6.0,0,LOW
2026-06-04,2026-06-04T23:40:00+00:00,2026-06-04T19:40:00-04:00,7:40 PM,Kansas City Royals vs Minnesota Twins,5,Nick Loftin,679845,power_roster,Kansas City Royals,Andrew Morris,0.199,1.07,41.9,,9.3,,,0.107,0.0,0.0,0.0,980.0,960.0,900.0,45.5,SMART_LINEUP_V2_1,SMART_PITCHER_V2_2,277.72,10.0,8.0,6.0,5.0,10,71.91,V2 WATCH,FanDuel,980.0,True,9,381.43480000000005,223.32316,325.35718,74.69,79.63,78.4,277.72,71.98,0.09259259259259259,0.1604,0.1604,0.067807,6.78,C,LOW,PASS,42,13,41,36,PASS,LOW,Positive edge but decision score below official-card threshold,0.0,5.0,10,LOW
2026-06-04,2026-06-05T01:40:00+00:00,2026-06-04T21:40:00-04:00,9:40 PM,Los Angeles Dodgers vs Arizona Diamondbacks,5,Ketel Marte,606466,power_roster,Arizona Diamondbacks,Justin Wrobleski,0.2,1.02,42.0,,9.4,,,0.108,0.0,0.0,0.0,410.0,389.0,400.0,43.0,SMART_LINEUP_V2_1,SMART_PITCHER_V2_2,279.32,10.0,8.0,6.0,5.0,10,68.21,V2 LEAN,FanDuel,410.0,True,9,380.8788,221.64796,323.68758,73.46,78.4,76.54,279.32,70.19,0.19607843137254902,0.1575,0.1575,-0.038578,-3.86,C,LOW,PASS,44,102,45,39,PASS,LOW,V3.11 filter removed negative-edge official play,0.0,5.0,10,LOW
2026-06-04,2026-06-04T17:05:00+00:00,2026-06-04T13:05:00-04:00,1:05 PM,San Diego Padres vs Philadelphia Phillies,3,Manny Machado,592518,confirmed,San Diego Padres,Zack Wheeler,0.202,1.52,42.2,,9.5,,,0.109,0.0,0.0,0.0,750.0,550.0,,66.5,SMART_LINEUP_V2_1,SMART_PITCHER_V2_2,281.64,10.0,8.0,6.0,7.0,0,75.93,V2 WATCH,FanDuel,750.0,True,10,372.03259999999995,213.69716999999997,300.99640999999997,67.28,70.37,64.81,281.64,70.18,0.11764705882352941,0.1612,0.1612,0.043553,4.36,C,LOW,PASS,54,29,40,58,PASS,LOW,Positive edge but decision score below official-card threshold,0.0,7.0,0,LOW
2026-06-04,2026-06-04T17:35:00+00:00,2026-06-04T13:35:00-04:00,1:35 PM,Cleveland Guardians vs New York Yankees,4,Travis Bazzana,683953,confirmed,Cleveland Guardians,Carlos Rodón,0.196,1.1,41.6,,9.2,,,0.105,0.0,0.0,0.0,880.0,800.0,575.0,46.9,SMART_LINEUP_V2_1,SMART_PITCHER_V2_2,274.38,10.0,8.0,6.0,5.0,10,74.38,V2 WATCH,FanDuel,880.0,True,8,378.55420000000004,221.52439,323.36397000000005,70.37,77.78,75.93,274.38,69.75,0.10204081632653061,0.1576,0.1576,0.055559,5.56,C,LOW,PASS,49,23,44,40,PASS,LOW,Positive edge but decision score below official-card threshold,0.0,5.0,10,LOW
2026-06-04,2026-06-04T17:35:00+00:00,2026-06-04T13:35:00-04:00,1:35 PM,Cleveland Guardians vs New York Yankees,2,Ben Rice,700250,confirmed,New York Yankees,Slade Cecconi,0.249,1.24,47.9,,12.6,,,0.147,0.0,0.0,0.0,240.0,245.0,200.0,53.2,SMART_POWER_BAT_V2_1,SMART_PITCHER_V2_2,347.06,10.0,10.0,8.0,6.0,0,72.84,V2 WATCH,DraftKings,245.0,True,-8,398.4954,196.97293000000002,289.53838999999994,82.72,60.49,61.11,347.06,69.32,0.2898550724637681,0.1578,0.1578,-0.132055,-13.21,C,LOW,PASS,29,140,43,64,PASS,LOW,V3.11 filter removed negative-edge official play,0.0,6.0,0,LOW
2026-06-04,2026-06-04T23:40:00+00:00,2026-06-04T19:40:00-04:00,7:40 PM,Kansas City Royals vs Minnesota Twins,4,Michael Massey,686681,power_roster,Kansas City Royals,Andrew Morris,0.197,1.07,41.7,,9.3,,,0.106,0.0,0.0,0.0,680.0,670.0,550.0,45.5,SMART_LINEUP_V2_1,SMART_PITCHER_V2_2,275.98,10.0,8.0,6.0,5.0,10,71.91,V2 WATCH,FanDuel,680.0,True,8,378.9332,220.79743999999997,322.84662000000003,70.99,77.16,75.31,275.98,69.14,0.1282051282051282,0.1563,0.1563,0.028095,2.81,C,LOW,PASS,48,41,47,41,PASS,LOW,Positive edge but decision score below official-card threshold,0.0,5.0,10,LOW
2026-06-04,2026-06-04T18:10:00+00:00,2026-06-04T14:10:00-04:00,2:10 PM,San Francisco Giants vs Milwaukee Brewers,3,Luis Arraez,650333,confirmed,San Francisco Giants,Coleman Crow,0.2,1.52,42.0,,9.4,,,0.108,0.0,0.0,0.0,1300.0,1300.0,1000.0,66.2,SMART_LINEUP_V2_1,SMART_PITCHER_V2_2,279.32,10.0,8.0,6.0,7.0,0,75.31,V2 WATCH,FanDuel,1300.0,True,10,369.5988,212.38696,299.33957999999996,66.05,69.75,63.58,279.32,68.7,0.07142857142857142,0.1588,0.1588,0.087371,8.74,C,LOW,PASS,56,10,42,60,PASS,LOW,Positive edge but decision score below official-card threshold,0.0,7.0,0,LOW
2026-06-04,2026-06-05T01:40:00+00:00,2026-06-04T21:40:00-04:00,9:40 PM,Los Angeles Dodgers vs Arizona Diamondbacks,4,Pavin Smith,656976,power_roster,Arizona Diamondbacks,Justin Wrobleski,0.199,1.02,41.9,,9.4,,,0.107,0.0,0.0,0.0,,,,43.0,SMART_LINEUP_V2_1,SMART_PITCHER_V2_2,278.3,10.0,8.0,6.0,5.0,10,68.21,V2 LEAN,NO_ODDS,,False,8,378.987,219.39665,321.57045000000005,71.6,76.54,74.69,278.3,68.52,,0.1551,0.1551,0.0,0.0,C,LOW,NO ODDS,47,69,50,42,NO_ODDS,LOW,No sportsbook odds available,0.0,5.0,10,LOW
2026-06-04,2026-06-04T17:35:00+00:00,2026-06-04T13:35:00-04:00,1:35 PM,Baltimore Orioles vs Boston Red Sox,8,Coby Mayo,691723,confirmed,Baltimore Orioles,Brayan Bello,0.246,1.17,47.6,,12.5,,,0.145,0.0,0.0,0.0,540.0,565.0,525.0,50.0,SMART_POWER_BAT_V2_1,SMART_PITCHER_V2_2,343.72,10.0,10.0,8.0,5.0,0,66.67,V2 LEAN,DraftKings,565.0,True,0,394.20480000000003,204.05966,288.90168,81.48,64.81,60.49,343.72,68.33,0.15037593984962405,0.1553,0.1553,0.004924,0.49,C,LOW,PASS,31,63,49,65,PASS,LOW,Positive edge but decision score below official-card threshold,0.0,5.0,0,LOW
2026-06-04,2026-06-04T17:35:00+00:00,2026-06-04T13:35:00-04:00,1:35 PM,Baltimore Orioles vs Boston Red Sox,4,Willson Contreras,575929,confirmed,Boston Red Sox,Trevor Rogers,0.206,0.98,42.6,,9.9,,,0.116,0.0,0.0,0.0,370.0,365.0,310.0,41.0,SMART_MID_POWER_V2_1,SMART_PITCHER_V2_2,288.94,10.0,8.0,6.0,4.0,10,63.89,V2 LEAN,FanDuel,370.0,True,8,380.9796,218.81331999999998,317.92786,74.07,74.69,73.46,288.94,68.15,0.2127659574468085,0.1542,0.1542,-0.058566,-5.86,C,LOW,PASS,43,118,51,44,PASS,LOW,V3.11 filter removed negative-edge official play,0.0,4.0,10,LOW
2026-06-04,2026-06-05T00:05:00+00:00,2026-06-04T20:05:00-04:00,8:05 PM,Athletics vs Chicago Cubs,6,Alex Bregman,608324,power_roster,Chicago Cubs,J.T. Ginn,0.176,1.38,39.6,,8.2,,,0.089,0.0,0.0,0.0,540.0,520.0,375.0,59.5,SMART_LINEUP_V2_1,SMART_PITCHER_V2_2,249.38,9.0,7.0,5.0,6.0,10,79.01,V2 WATCH,FanDuel,540.0,True,2,366.2842,211.28039,320.56946999999997,65.43,69.14,74.07,249.38,68.15,0.15625,0.1574,0.1574,0.00115,0.12,C,LOW,PASS,57,67,46,43,PASS,LOW,Positive edge but decision score below official-card threshold,0.0,6.0,10,LOW
2026-06-04,2026-06-04T23:40:00+00:00,2026-06-04T19:40:00-04:00,7:40 PM,Kansas City Royals vs Minnesota Twins,3,Kody Clemens,665019,power_roster,Minnesota Twins,Seth Lugo,0.203,1.46,42.3,,9.5,,,0.109,0.0,0.0,0.0,390.0,395.0,400.0,63.7,SMART_LINEUP_V2_1,SMART_PITCHER_V2_2,282.36,10.0,8.0,6.0,7.0,0,69.75,V2 LEAN,BetMGM,400.0,True,10,370.2624,210.79558000000003,298.45684,66.67,68.52,62.96,282.36,67.35,0.2,0.1562,0.1562,-0.0438,-4.38,C,LOW,PASS,55,105,48,61,PASS,LOW,V3.11 filter removed negative-edge official play,0.0,7.0,0,LOW
2026-06-04,2026-06-04T17:35:00+00:00,2026-06-04T13:35:00-04:00,1:35 PM,Cleveland Guardians vs New York Yankees,6,José Caballero,676609,confirmed,New York Yankees,Slade Cecconi,0.181,1.24,40.1,,8.3,,,0.091,0.0,0.0,0.0,880.0,920.0,600.0,53.2,SMART_LINEUP_V2_1,SMART_PITCHER_V2_2,254.16,9.0,7.0,5.0,6.0,10,69.14,V2 LEAN,DraftKings,920.0,True,2,365.21939999999995,207.07373,316.66679,64.81,65.43,72.22,254.16,65.86,0.09803921568627451,0.1538,0.1538,0.055761,5.58,C,LOW,PASS,58,22,52,46,PASS,LOW,Positive edge but decision score below official-card threshold,0.0,6.0,10,LOW
2026-06-04,2026-06-04T18:10:00+00:00,2026-06-04T14:10:00-04:00,2:10 PM,San Francisco Giants vs Milwaukee Brewers,4,William Contreras,661388,confirmed,Milwaukee Brewers,Adrian Houser,0.209,0.89,42.9,,10.0,,,0.117,0.0,0.0,0.0,730.0,720.0,450.0,36.8,SMART_MID_POWER_V2_1,SMART_PITCHER_V2_2,291.98,10.0,8.0,7.0,4.0,10,62.35,V2 LEAN,FanDuel,730.0,True,8,380.1982,217.23669,315.26437,72.22,73.46,71.6,291.98,65.56,0.12048192771084337,0.1498,0.1498,0.029318,2.93,C,LOW,PASS,46,37,53,47,PASS,LOW,Positive edge but decision score below official-card threshold,0.0,4.0,10,LOW
2026-06-04,2026-06-04T23:15:00+00:00,2026-06-04T19:15:00-04:00,7:15 PM,Toronto Blue Jays vs Atlanta Braves,3,Vladimir Guerrero Jr.,665489,power_roster,Toronto Blue Jays,Chris Sale,0.195,1.5,41.5,,9.2,,,0.105,0.0,0.0,0.0,520.0,596.0,600.0,65.1,SMART_LINEUP_V2_1,SMART_PITCHER_V2_2,273.66,10.0,8.0,6.0,7.0,0,73.46,V2 WATCH,BetMGM,600.0,True,10,363.4144,208.92148000000003,294.93503999999996,62.96,66.05,61.73,273.66,65.43,0.14285714285714285,0.1538,0.1538,0.010943,1.09,C,LOW,PASS,61,58,52,63,PASS,LOW,Positive edge but decision score below official-card threshold,0.0,7.0,0,LOW
2026-06-04,2026-06-04T17:35:00+00:00,2026-06-04T13:35:00-04:00,1:35 PM,Baltimore Orioles vs Boston Red Sox,5,Isiah Kiner-Falefa,643396,confirmed,Boston Red Sox,Trevor Rogers,0.201,0.98,42.1,,9.4,,,0.108,0.0,0.0,0.0,980.0,1020.0,900.0,41.0,SMART_LINEUP_V2_1,SMART_PITCHER_V2_2,280.04,10.0,8.0,6.0,4.0,10,63.89,V2 LEAN,DraftKings,1020.0,True,9,373.28860000000003,216.75236999999998,314.21101000000004,67.9,72.84,70.37,280.04,64.51,0.08928571428571429,0.149,0.149,0.059714,5.97,C,LOW,PASS,53,17,54,49,PASS,LOW,Positive edge but decision score below official-card threshold,0.0,4.0,10,LOW
2026-06-04,2026-06-04T23:40:00+00:00,2026-06-04T19:40:00-04:00,7:40 PM,Kansas City Royals vs Minnesota Twins,2,Salvador Perez,521692,power_roster,Kansas City Royals,Andrew Morris,0.251,1.07,48.1,,12.7,,,0.148,0.0,0.0,0.0,440.0,426.0,390.0,45.5,SMART_POWER_BAT_V2_1,SMART_PITCHER_V2_2,349.38,10.0,10.0,8.0,5.0,0,58.64,LOW,FanDuel,440.0,True,-8,387.6292,186.99314,275.04022,79.01,56.17,56.79,349.38,62.34,0.18518518518518517,0.1459,0.1459,-0.039285,-3.93,C,LOW,PASS,35,103,57,71,PASS,LOW,V3.11 filter removed negative-edge official play,0.0,5.0,0,LOW
2026-06-04,2026-06-05T00:05:00+00:00,2026-06-04T20:05:00-04:00,8:05 PM,Athletics vs Chicago Cubs,3,Michael Busch,683737,power_roster,Chicago Cubs,J.T. Ginn,0.197,1.38,41.7,,9.3,,,0.106,0.0,0.0,0.0,,,,59.5,SMART_LINEUP_V2_1,SMART_PITCHER_V2_2,275.98,10.0,8.0,6.0,6.0,0,62.96,V2 LEAN,NO_ODDS,,False,10,354.3332,201.08994,282.63662,61.11,64.2,58.64,275.98,61.85,,0.1477,0.1477,0.0,0.0,C,LOW,NO ODDS,64,69,55,68,NO_ODDS,LOW,No sportsbook odds available,0.0,6.0,0,LOW
2026-06-04,2026-06-05T00:10:00+00:00,2026-06-04T20:10:00-04:00,8:10 PM,Pittsburgh Pirates vs Houston Astros,6,Nick Allen,669397,power_roster,Houston Astros,Jared Jones,0.182,1.14,40.2,,8.4,,,0.092,0.0,0.0,0.0,,,1250.0,48.6,SMART_LINEUP_V2_1,SMART_PITCHER_V2_2,255.76,9.0,7.0,5.0,5.0,10,61.11,V2 LEAN,BetMGM,1250.0,True,2,356.3784,200.16778000000002,305.02243999999996,62.35,62.96,67.9,255.76,61.05,0.07407407407407407,0.1455,0.1455,0.071426,7.14,C,LOW,PASS,62,12,58,53,PASS,LOW,Positive edge but decision score below official-card threshold,0.0,5.0,10,LOW
2026-06-04,2026-06-05T00:10:00+00:00,2026-06-04T20:10:00-04:00,8:10 PM,Pittsburgh Pirates vs Houston Astros,6,Nick Gonzales,693304,power_roster,Pittsburgh Pirates,Kai-Wei Teng,0.175,1.21,39.5,,8.1,,,0.088,0.0,0.0,0.0,1040.0,980.0,775.0,51.8,SMART_LINEUP_V2_1,SMART_PITCHER_V2_2,247.78,9.0,7.0,5.0,5.0,10,67.28,V2 LEAN,FanDuel,1040.0,True,2,351.6702,200.23159000000004,303.77957,59.26,63.58,67.28,247.78,60.99,0.08771929824561403,0.1461,0.1461,0.058381,5.84,C,LOW,PASS,67,18,56,54,PASS,LOW,Positive edge but decision score below official-card threshold,0.0,5.0,10,LOW
2026-06-04,2026-06-05T01:40:00+00:00,2026-06-04T21:40:00-04:00,9:40 PM,Los Angeles Dodgers vs Arizona Diamondbacks,4,Alex Freeland,690976,power_roster,Los Angeles Dodgers,Ryne Nelson,0.196,0.92,41.6,,9.2,,,0.106,0.0,0.0,0.0,820.0,720.0,900.0,38.1,SMART_LINEUP_V2_1,SMART_PITCHER_V2_2,274.68,10.0,8.0,6.0,4.0,10,58.02,LOW,BetMGM,900.0,True,8,364.8562,209.51029,306.54467,64.2,66.67,69.14,274.68,60.37,0.1,0.1429,0.1429,0.0429,4.29,C,LOW,PASS,59,30,61,51,PASS,LOW,Positive edge but decision score below official-card threshold,0.0,4.0,10,LOW
2026-06-04,2026-06-04T17:35:00+00:00,2026-06-04T13:35:00-04:00,1:35 PM,Baltimore Orioles vs Boston Red Sox,6,Leody Taveras,665750,confirmed,Baltimore Orioles,Brayan Bello,0.177,1.17,39.7,,8.2,,,0.089,0.0,0.0,0.0,920.0,940.0,700.0,50.0,SMART_LINEUP_V2_1,SMART_PITCHER_V2_2,250.1,9.0,7.0,5.0,5.0,10,64.81,V2 LEAN,DraftKings,940.0,True,2,352.319,199.54605000000004,303.23664999999994,59.88,62.35,66.67,250.1,60.19,0.09615384615384616,0.1446,0.1446,0.048446,4.84,C,LOW,PASS,66,28,59,55,PASS,LOW,Positive edge but decision score below official-card threshold,0.0,5.0,10,LOW
2026-06-04,2026-06-05T01:40:00+00:00,2026-06-04T21:40:00-04:00,9:40 PM,Los Angeles Dodgers vs Arizona Diamondbacks,8,Mookie Betts,605141,power_roster,Los Angeles Dodgers,Ryne Nelson,0.251,0.92,48.1,,12.7,,,0.148,0.0,0.0,0.0,590.0,650.0,550.0,38.1,SMART_POWER_BAT_V2_1,SMART_PITCHER_V2_2,349.38,10.0,10.0,8.0,4.0,0,42.59,LOW,DraftKings,650.0,True,0,382.8392,190.54514000000003,271.91372,75.93,58.02,56.17,349.38,59.88,0.13333333333333333,0.1414,0.1414,0.008067,0.81,D,LOW,PASS,40,60,66,72,PASS,LOW,Positive edge but decision score below official-card threshold,0.0,4.0,0,LOW
2026-06-04,2026-06-04T18:10:00+00:00,2026-06-04T14:10:00-04:00,2:10 PM,San Francisco Giants vs Milwaukee Brewers,5,Jake Bauers,641343,confirmed,Milwaukee Brewers,Adrian Houser,0.196,0.89,41.6,,9.2,,,0.105,0.0,0.0,0.0,470.0,452.0,350.0,36.8,SMART_LINEUP_V2_1,SMART_PITCHER_V2_2,274.38,10.0,8.0,6.0,4.0,10,55.56,LOW,FanDuel,470.0,True,9,364.4692,209.86114,306.55922000000004,63.58,67.28,69.75,274.38,59.88,0.17543859649122806,0.1419,0.1419,-0.033539,-3.35,D,LOW,PASS,60,95,63,50,PASS,LOW,V3.11 filter removed negative-edge official play,0.0,4.0,10,LOW
2026-06-04,2026-06-04T23:40:00+00:00,2026-06-04T19:40:00-04:00,7:40 PM,Kansas City Royals vs Minnesota Twins,6,Tyler Tolbert,686475,power_roster,Kansas City Royals,Andrew Morris,0.183,1.07,40.3,,8.4,,,0.092,0.0,0.0,0.0,,,,45.5,SMART_LINEUP_V2_1,SMART_PITCHER_V2_2,256.48,9.0,7.0,6.0,5.0,10,61.73,V2 LEAN,NO_ODDS,,False,2,354.3532,198.79144000000002,302.16862,61.73,61.73,66.05,256.48,58.95,,0.1418,0.1418,0.0,0.0,D,LOW,NO ODDS,63,69,64,56,NO_ODDS,LOW,No sportsbook odds available,0.0,5.0,10,LOW
2026-06-04,2026-06-04T17:35:00+00:00,2026-06-04T13:35:00-04:00,1:35 PM,Cleveland Guardians vs New York Yankees,3,Paul Goldschmidt,502671,confirmed,New York Yankees,Slade Cecconi,0.198,1.24,41.8,,9.3,,,0.106,0.0,0.0,0.0,490.0,501.0,390.0,53.2,SMART_LINEUP_V2_1,SMART_PITCHER_V2_2,276.7,10.0,8.0,6.0,6.0,0,51.85,LOW,DraftKings,501.0,True,10,349.58799999999997,194.9171,276.4308,58.64,59.88,57.41,276.7,58.77,0.16638935108153077,0.143,0.143,-0.023389,-2.34,D,LOW,PASS,68,87,60,70,PASS,LOW,V3.11 filter removed negative-edge official play,0.0,6.0,0,LOW
2026-06-04,2026-06-04T17:35:00+00:00,2026-06-04T13:35:00-04:00,1:35 PM,Cleveland Guardians vs New York Yankees,6,Stuart Fairchild,656413,confirmed,Cleveland Guardians,Carlos Rodón,0.18,1.1,40.0,,8.3,,,0.091,0.0,0.0,0.0,730.0,660.0,,46.9,SMART_LINEUP_V2_1,SMART_PITCHER_V2_2,253.44,9.0,7.0,5.0,5.0,10,57.41,LOW,FanDuel,730.0,True,2,352.7546,197.27206999999999,301.89910999999995,60.49,61.11,65.43,253.44,58.7,0.12048192771084337,0.1418,0.1418,0.021318,2.13,D,LOW,PASS,65,47,64,57,PASS,LOW,Positive edge but decision score below official-card threshold,0.0,5.0,10,LOW
2026-06-04,2026-06-05T00:05:00+00:00,2026-06-04T20:05:00-04:00,8:05 PM,Athletics vs Chicago Cubs,1,Jonah Heim,641680,power_roster,Athletics,Shota Imanaga,0.177,1.59,39.7,,8.2,,,0.089,0.0,0.0,0.0,,,,69.7,SMART_LINEUP_V2_1,SMART_PITCHER_V2_2,250.1,9.0,7.0,5.0,7.0,0,66.05,V2 LEAN,NO_ODDS,,False,0,335.064,181.2313,270.5724,50.62,51.23,55.56,250.1,56.48,,0.1423,0.1423,0.0,0.0,D,LOW,NO ODDS,81,69,62,73,NO_ODDS,LOW,No sportsbook odds available,0.0,7.0,0,LOW
2026-06-04,2026-06-04T18:10:00+00:00,2026-06-04T14:10:00-04:00,2:10 PM,San Francisco Giants vs Milwaukee Brewers,1,Casey Schmitt,669477,confirmed,San Francisco Giants,Coleman Crow,0.183,1.52,40.3,,8.4,,,0.092,0.0,0.0,0.0,420.0,434.0,350.0,66.2,SMART_LINEUP_V2_1,SMART_PITCHER_V2_2,256.48,9.0,7.0,6.0,7.0,0,65.43,V2 LEAN,DraftKings,434.0,True,0,337.9482,181.67419,270.55187,53.09,51.85,54.94,256.48,56.42,0.18726591760299627,0.1415,0.1415,-0.045766,-4.58,D,LOW,PASS,77,110,65,74,PASS,LOW,V3.11 filter removed negative-edge official play,0.0,7.0,0,LOW
2026-06-04,2026-06-05T00:10:00+00:00,2026-06-04T20:10:00-04:00,8:10 PM,Pittsburgh Pirates vs Houston Astros,3,Spencer Horwitz,687462,power_roster,Pittsburgh Pirates,Kai-Wei Teng,0.201,1.21,42.1,,9.4,,,0.108,0.0,0.0,0.0,710.0,690.0,500.0,51.8,SMART_LINEUP_V2_1,SMART_PITCHER_V2_2,280.04,10.0,8.0,6.0,5.0,0,47.53,LOW,FanDuel,710.0,True,10,344.9686,191.47836999999998,269.09901,57.41,58.64,53.7,280.04,56.05,0.12345679012345678,0.1383,0.1383,0.014843,1.48,D,LOW,PASS,70,54,68,76,PASS,LOW,Positive edge but decision score below official-card threshold,0.0,5.0,0,LOW
2026-06-04,2026-06-04T17:05:00+00:00,2026-06-04T13:05:00-04:00,1:05 PM,San Diego Padres vs Philadelphia Phillies,1,Fernando Tatis Jr.,665487,confirmed,San Diego Padres,Zack Wheeler,0.18,1.52,40.0,,8.3,,,0.091,0.0,0.0,0.0,750.0,700.0,,66.5,SMART_LINEUP_V2_1,SMART_PITCHER_V2_2,253.44,9.0,7.0,5.0,7.0,0,60.19,V2 LEAN,FanDuel,750.0,True,0,335.41459999999995,179.28406999999999,269.13010999999995,51.23,50.62,54.32,253.44,55.74,0.11764705882352941,0.1408,0.1408,0.023153,2.32,D,LOW,PASS,80,45,67,75,PASS,LOW,Positive edge but decision score below official-card threshold,0.0,7.0,0,LOW
2026-06-04,2026-06-05T01:40:00+00:00,2026-06-04T21:40:00-04:00,9:40 PM,Los Angeles Dodgers vs Arizona Diamondbacks,6,Nolan Arenado,571448,power_roster,Arizona Diamondbacks,Justin Wrobleski,0.179,1.02,39.9,,8.2,,,0.09,0.0,0.0,0.0,570.0,640.0,600.0,43.0,SMART_LINEUP_V2_1,SMART_PITCHER_V2_2,251.84,9.0,7.0,5.0,5.0,10,52.47,LOW,DraftKings,640.0,True,2,347.8706,193.05927000000003,296.86470999999995,58.02,59.26,62.35,251.84,55.43,0.13513513513513514,0.1364,0.1364,0.001265,0.13,D,LOW,PASS,69,66,69,62,PASS,LOW,Positive edge but decision score below official-card threshold,0.0,5.0,10,LOW
2026-06-04,2026-06-04T23:15:00+00:00,2026-06-04T19:15:00-04:00,7:15 PM,Toronto Blue Jays vs Atlanta Braves,1,Brandon Valenzuela,678218,power_roster,Toronto Blue Jays,Chris Sale,0.182,1.5,40.2,,8.4,,,0.092,0.0,0.0,0.0,,,875.0,65.1,SMART_LINEUP_V2_1,SMART_PITCHER_V2_2,255.76,9.0,7.0,5.0,7.0,0,56.48,LOW,BetMGM,875.0,True,0,336.4034,178.52153,269.00618999999995,51.85,50.0,53.09,255.76,54.44,0.10256410256410256,0.1383,0.1383,0.035736,3.57,D,LOW,PASS,79,34,68,77,PASS,LOW,Positive edge but decision score below official-card threshold,0.0,7.0,0,LOW
2026-06-04,2026-06-04T17:35:00+00:00,2026-06-04T13:35:00-04:00,1:35 PM,Baltimore Orioles vs Boston Red Sox,3,Adley Rutschman,668939,confirmed,Baltimore Orioles,Brayan Bello,0.199,1.17,41.9,,9.3,,,0.107,0.0,0.0,0.0,470.0,514.0,475.0,50.0,SMART_LINEUP_V2_1,SMART_PITCHER_V2_2,277.72,10.0,8.0,6.0,5.0,0,43.21,LOW,DraftKings,514.0,True,10,341.25980000000004,188.36941000000004,265.87093000000004,56.79,57.41,51.23,277.72,54.38,0.16286644951140064,0.1355,0.1355,-0.027366,-2.74,D,LOW,PASS,71,92,70,80,PASS,LOW,V3.11 filter removed negative-edge official play,0.0,5.0,0,LOW
2026-06-04,2026-06-04T17:35:00+00:00,2026-06-04T13:35:00-04:00,1:35 PM,Baltimore Orioles vs Boston Red Sox,6,Andruw Monasterio,655316,confirmed,Boston Red Sox,Trevor Rogers,0.18,0.98,40.0,,8.3,,,0.091,0.0,0.0,0.0,590.0,610.0,825.0,41.0,SMART_LINEUP_V2_1,SMART_PITCHER_V2_2,253.44,9.0,7.0,5.0,4.0,10,45.68,LOW,BetMGM,825.0,True,2,341.2396,187.97781999999998,287.94386,56.17,56.79,59.88,253.44,52.9,0.10810810810810811,0.1324,0.1324,0.024292,2.43,D,LOW,PASS,72,43,74,66,PASS,LOW,Positive edge but decision score below official-card threshold,0.0,4.0,10,LOW
2026-06-04,2026-06-05T00:10:00+00:00,2026-06-04T20:10:00-04:00,8:10 PM,Pittsburgh Pirates vs Houston Astros,3,Christian Walker,572233,power_roster,Houston Astros,Jared Jones,0.199,1.14,41.9,,9.3,,,0.107,0.0,0.0,0.0,390.0,396.0,310.0,48.6,SMART_LINEUP_V2_1,SMART_PITCHER_V2_2,277.72,10.0,8.0,6.0,5.0,0,38.27,LOW,DraftKings,396.0,True,10,340.06980000000004,186.31891000000002,264.40443,54.94,55.56,50.62,277.72,52.41,0.20161290322580644,0.1324,0.1324,-0.069213,-6.92,D,LOW,PASS,74,122,74,81,PASS,LOW,V3.11 filter removed negative-edge official play,0.0,5.0,0,LOW
2026-06-04,2026-06-04T23:40:00+00:00,2026-06-04T19:40:00-04:00,7:40 PM,Kansas City Royals vs Minnesota Twins,1,Alex Jackson,656577,power_roster,Minnesota Twins,Seth Lugo,0.18,1.46,40.0,,8.3,,,0.09,0.0,0.0,0.0,,,,63.7,SMART_LINEUP_V2_1,SMART_PITCHER_V2_2,253.14,9.0,7.0,5.0,7.0,0,54.63,LOW,NO_ODDS,,False,0,332.7526,176.13617,266.02341,48.77,49.38,51.85,253.14,52.22,,0.1348,0.1348,0.0,0.0,D,LOW,NO ODDS,84,69,71,79,NO_ODDS,LOW,No sportsbook odds available,0.0,7.0,0,LOW
2026-06-04,2026-06-04T23:15:00+00:00,2026-06-04T19:15:00-04:00,7:15 PM,Toronto Blue Jays vs Atlanta Braves,1,Austin Wynns,642851,power_roster,Atlanta Braves,TBD,0.181,1.46,40.1,,8.3,,,0.091,0.0,0.0,0.0,,,,63.4,SMART_LINEUP_V2_1,SMART_PITCHER_V2_2,254.16,9.0,7.0,5.0,7.0,0,53.4,LOW,NO_ODDS,,False,0,333.38939999999997,176.05523,266.27628999999996,49.38,48.77,52.47,254.16,51.85,,0.134,0.134,0.0,0.0,D,LOW,NO ODDS,83,69,72,78,NO_ODDS,LOW,No sportsbook odds available,0.0,7.0,0,LOW
2026-06-04,2026-06-04T23:40:00+00:00,2026-06-04T19:40:00-04:00,7:40 PM,Kansas City Royals vs Minnesota Twins,3,Vinnie Pasquantino,686469,power_roster,Kansas City Royals,Andrew Morris,0.202,1.07,42.2,,9.5,,,0.108,0.0,0.0,0.0,470.0,475.0,425.0,45.5,SMART_LINEUP_V2_1,SMART_PITCHER_V2_2,281.34,10.0,8.0,6.0,5.0,0,35.19,LOW,DraftKings,475.0,True,10,340.9006,185.30276999999998,263.27521,55.56,54.94,50.0,281.34,51.24,0.17391304347826086,0.1301,0.1301,-0.043813,-4.38,D,LOW,PASS,73,106,76,82,PASS,LOW,V3.11 filter removed negative-edge official play,0.0,5.0,0,LOW
2026-06-04,2026-06-04T17:05:00+00:00,2026-06-04T13:05:00-04:00,1:05 PM,San Diego Padres vs Philadelphia Phillies,2,Gavin Sheets,657757,confirmed,San Diego Padres,Zack Wheeler,0.181,1.52,40.1,,8.3,,,0.091,0.0,0.0,0.0,600.0,500.0,,66.5,SMART_LINEUP_V2_1,SMART_PITCHER_V2_2,254.16,9.0,7.0,5.0,7.0,0,60.19,V2 LEAN,FanDuel,600.0,True,-8,328.02439999999996,164.75848000000002,257.12353999999993,47.53,43.83,48.15,254.16,50.99,0.14285714285714285,0.1339,0.1339,-0.008957,-0.9,D,LOW,PASS,86,77,73,85,PASS,LOW,V3.11 filter removed negative-edge official play,0.0,7.0,0,LOW
2026-06-04,2026-06-04T17:35:00+00:00,2026-06-04T13:35:00-04:00,1:35 PM,Cleveland Guardians vs New York Yankees,3,Rhys Hoskins,656555,confirmed,Cleveland Guardians,Carlos Rodón,0.198,1.1,41.8,,9.3,,,0.106,0.0,0.0,0.0,370.0,345.0,360.0,46.9,SMART_LINEUP_V2_1,SMART_PITCHER_V2_2,276.7,10.0,8.0,6.0,5.0,0,35.8,LOW,FanDuel,370.0,True,10,337.733,184.30984999999998,262.05655,52.47,54.32,49.38,276.7,50.25,0.2127659574468085,0.129,0.129,-0.083766,-8.38,D,LOW,PASS,78,128,79,83,PASS,LOW,V3.11 filter removed negative-edge official play,0.0,5.0,0,LOW
2026-06-04,2026-06-04T18:10:00+00:00,2026-06-04T14:10:00-04:00,2:10 PM,San Francisco Giants vs Milwaukee Brewers,6,Garrett Mitchell,669003,confirmed,Milwaukee Brewers,Adrian Houser,0.181,0.89,40.1,,8.3,,,0.091,0.0,0.0,0.0,680.0,690.0,525.0,36.8,SMART_LINEUP_V2_1,SMART_PITCHER_V2_2,254.16,9.0,7.0,5.0,4.0,10,36.42,LOW,DraftKings,690.0,True,2,338.27939999999995,183.49072999999999,283.93778999999995,53.7,53.7,59.26,254.16,49.75,0.12658227848101267,0.1274,0.1274,0.000818,0.08,D,LOW,PASS,76,68,82,67,PASS,LOW,Positive edge but decision score below official-card threshold,0.0,4.0,10,LOW
2026-06-04,2026-06-05T00:05:00+00:00,2026-06-04T20:05:00-04:00,8:05 PM,Athletics vs Chicago Cubs,9,Henry Bolte,703607,power_roster,Athletics,Shota Imanaga,0.162,1.59,37.2,,7.2,,,0.073,0.0,0.0,0.0,490.0,542.0,475.0,69.7,SMART_LINEUP_V2_1,SMART_PITCHER_V2_2,226.5,8.0,6.0,5.0,7.0,0,50.93,LOW,DraftKings,542.0,True,0,312.735,167.40324999999999,256.85725,41.36,45.68,47.53,226.5,49.51,0.1557632398753894,0.1322,0.1322,-0.023563,-2.36,D,LOW,PASS,96,88,75,86,PASS,LOW,V3.11 filter removed negative-edge official play,0.0,7.0,0,LOW
2026-06-04,2026-06-05T01:40:00+00:00,2026-06-04T21:40:00-04:00,9:40 PM,Los Angeles Dodgers vs Arizona Diamondbacks,3,Ildemaro Vargas,545121,power_roster,Arizona Diamondbacks,Justin Wrobleski,0.202,1.02,42.2,,9.5,,,0.108,0.0,0.0,0.0,790.0,870.0,650.0,43.0,SMART_LINEUP_V2_1,SMART_PITCHER_V2_2,281.34,10.0,8.0,6.0,5.0,0,33.33,LOW,DraftKings,870.0,True,10,338.7756,183.38152,260.65646,54.32,53.09,48.77,281.34,49.38,0.10309278350515463,0.1271,0.1271,0.024007,2.4,D,LOW,PASS,75,44,83,84,PASS,LOW,Positive edge but decision score below official-card threshold,0.0,5.0,0,LOW
2026-06-04,2026-06-05T01:40:00+00:00,2026-06-04T21:40:00-04:00,9:40 PM,Los Angeles Dodgers vs Arizona Diamondbacks,6,Santiago Espinal,669289,power_roster,Los Angeles Dodgers,Ryne Nelson,0.175,0.92,39.5,,8.1,,,0.088,0.0,0.0,0.0,,,,38.1,SMART_LINEUP_V2_1,SMART_PITCHER_V2_2,247.78,9.0,7.0,5.0,4.0,10,37.65,LOW,NO_ODDS,,False,2,333.52520000000004,181.91884000000005,281.65382,50.0,52.47,58.02,247.78,48.21,,0.1255,0.1255,0.0,0.0,D,LOW,NO ODDS,82,69,86,69,NO_ODDS,LOW,No sportsbook odds available,0.0,4.0,10,LOW
2026-06-04,2026-06-04T18:10:00+00:00,2026-06-04T14:10:00-04:00,2:10 PM,San Francisco Giants vs Milwaukee Brewers,2,Rafael Devers,646240,confirmed,San Francisco Giants,Coleman Crow,0.178,1.52,39.8,,8.2,,,0.089,0.0,0.0,0.0,370.0,419.0,280.0,66.2,SMART_LINEUP_V2_1,SMART_PITCHER_V2_2,250.82,9.0,7.0,5.0,7.0,0,59.26,LOW,DraftKings,419.0,True,-8,324.6988,162.96946000000003,254.89958000000004,45.06,40.74,46.3,250.82,48.15,0.1926782273603083,0.1296,0.1296,-0.063078,-6.31,D,LOW,PASS,90,120,77,88,PASS,LOW,V3.11 filter removed negative-edge official play,0.0,7.0,0,LOW
2026-06-04,2026-06-05T00:05:00+00:00,2026-06-04T20:05:00-04:00,8:05 PM,Athletics vs Chicago Cubs,1,Carson Kelly,608348,power_roster,Chicago Cubs,J.T. Ginn,0.182,1.38,40.2,,8.4,,,0.091,0.0,0.0,0.0,710.0,760.0,475.0,59.5,SMART_LINEUP_V2_1,SMART_PITCHER_V2_2,255.46,9.0,7.0,5.0,6.0,0,44.14,LOW,DraftKings,760.0,True,0,324.86139999999995,169.12263,255.19149,45.68,46.3,46.91,255.46,47.96,0.11627906976744186,0.1279,0.1279,0.011621,1.16,D,LOW,PASS,89,56,81,87,PASS,LOW,Positive edge but decision score below official-card threshold,0.0,6.0,0,LOW
2026-06-04,2026-06-04T17:05:00+00:00,2026-06-04T13:05:00-04:00,1:05 PM,San Diego Padres vs Philadelphia Phillies,8,Freddy Fermin,666023,confirmed,San Diego Padres,Zack Wheeler,0.162,1.52,37.2,,7.2,,,0.074,0.0,0.0,0.0,1400.0,1400.0,,66.5,SMART_LINEUP_V2_1,SMART_PITCHER_V2_2,226.8,8.0,6.0,5.0,7.0,0,49.38,LOW,FanDuel,1400.0,True,0,310.29699999999997,165.27865,253.67895,40.74,45.06,44.44,226.8,47.9,0.06666666666666667,0.1294,0.1294,0.062733,6.27,D,LOW,PASS,97,16,78,91,PASS,LOW,Positive edge but decision score below official-card threshold,0.0,7.0,0,LOW
2026-06-04,2026-06-05T00:05:00+00:00,2026-06-04T20:05:00-04:00,8:05 PM,Athletics vs Chicago Cubs,8,Tyler Soderstrom,691016,power_roster,Athletics,Shota Imanaga,0.157,1.59,36.7,,7.0,,,0.071,0.0,0.0,0.0,410.0,403.0,310.0,69.7,SMART_LINEUP_V2_1,SMART_PITCHER_V2_2,221.14,8.0,6.0,5.0,7.0,0,50.93,LOW,FanDuel,410.0,True,0,307.76759999999996,165.16791999999998,253.77865999999997,37.65,44.44,45.06,221.14,47.16,0.19607843137254902,0.1288,0.1288,-0.067278,-6.73,D,LOW,PASS,102,121,80,90,PASS,LOW,V3.11 filter removed negative-edge official play,0.0,7.0,0,LOW
2026-06-04,2026-06-04T23:15:00+00:00,2026-06-04T19:15:00-04:00,7:15 PM,Toronto Blue Jays vs Atlanta Braves,2,Sandy León,506702,power_roster,Atlanta Braves,TBD,0.181,1.46,40.1,,8.3,,,0.091,0.0,0.0,0.0,920.0,900.0,1250.0,63.4,SMART_LINEUP_V2_1,SMART_PITCHER_V2_2,254.16,9.0,7.0,5.0,7.0,0,53.4,LOW,BetMGM,1250.0,True,-8,325.38939999999997,161.25523,253.87628999999995,46.3,38.27,45.68,254.16,46.11,0.07407407407407407,0.1257,0.1257,0.051626,5.16,D,LOW,PASS,88,26,85,89,PASS,LOW,Lineup spot 2 underperformed in tuner. V3.11 protection applied.,0.0,7.0,0,LOW
2026-06-04,2026-06-04T17:05:00+00:00,2026-06-04T13:05:00-04:00,1:05 PM,San Diego Padres vs Philadelphia Phillies,9,Bryce Johnson,669369,confirmed,San Diego Padres,Zack Wheeler,0.16,1.52,37.0,,7.1,,,0.073,0.0,0.0,0.0,1300.0,900.0,,66.5,SMART_LINEUP_V2_1,SMART_PITCHER_V2_2,224.48,8.0,6.0,5.0,7.0,0,49.38,LOW,FanDuel,1300.0,True,0,308.11819999999994,164.29818999999998,252.33636999999996,38.27,43.21,42.59,224.48,45.99,0.07142857142857142,0.1266,0.1266,0.055171,5.52,D,LOW,PASS,101,25,84,94,PASS,LOW,Positive edge but decision score below official-card threshold,0.0,7.0,0,LOW
2026-06-04,2026-06-05T00:05:00+00:00,2026-06-04T20:05:00-04:00,8:05 PM,Athletics vs Chicago Cubs,7,Darell Hernaiz,687231,power_roster,Athletics,Shota Imanaga,0.155,1.59,36.5,,6.9,,,0.07,0.0,0.0,0.0,820.0,800.0,775.0,69.7,SMART_LINEUP_V2_1,SMART_PITCHER_V2_2,218.82,8.0,6.0,4.0,7.0,0,48.15,LOW,FanDuel,820.0,True,0,305.5888,163.49246,252.43607999999998,34.57,42.59,43.21,218.82,45.0,0.10869565217391304,0.1257,0.1257,0.017004,1.7,D,LOW,PASS,106,51,85,93,PASS,LOW,Positive edge but decision score below official-card threshold,0.0,7.0,0,LOW
2026-06-04,2026-06-04T23:15:00+00:00,2026-06-04T19:15:00-04:00,7:15 PM,Toronto Blue Jays vs Atlanta Braves,7,Andrés Giménez,665926,power_roster,Toronto Blue Jays,Chris Sale,0.162,1.5,37.2,,7.2,,,0.074,0.0,0.0,0.0,,,,65.1,SMART_LINEUP_V2_1,SMART_PITCHER_V2_2,226.8,8.0,6.0,5.0,7.0,0,45.06,LOW,NO_ODDS,,False,0,309.10699999999997,163.38315000000003,252.21245,39.51,41.98,41.98,226.8,44.88,,0.1244,0.1244,0.0,0.0,D,LOW,NO ODDS,99,69,87,95,NO_ODDS,LOW,No sportsbook odds available,0.0,7.0,0,LOW
2026-06-04,2026-06-04T23:40:00+00:00,2026-06-04T19:40:00-04:00,7:40 PM,Kansas City Royals vs Minnesota Twins,2,Victor Caratini,605170,power_roster,Minnesota Twins,Seth Lugo,0.178,1.46,39.8,,8.2,,,0.09,0.0,0.0,0.0,820.0,800.0,725.0,63.7,SMART_LINEUP_V2_1,SMART_PITCHER_V2_2,251.12,9.0,7.0,5.0,7.0,0,54.63,LOW,FanDuel,820.0,True,-8,322.8558,160.48261000000002,252.45453,43.83,36.42,43.83,251.12,44.76,0.10869565217391304,0.1241,0.1241,0.015404,1.54,D,LOW,PASS,92,53,88,92,PASS,LOW,Lineup spot 2 underperformed in tuner. V3.11 protection applied.,0.0,7.0,0,LOW
2026-06-04,2026-06-04T23:15:00+00:00,2026-06-04T19:15:00-04:00,7:15 PM,Toronto Blue Jays vs Atlanta Braves,2,Tyler Heineman,623168,power_roster,Toronto Blue Jays,Chris Sale,0.175,1.5,39.5,,8.1,,,0.088,0.0,0.0,0.0,1400.0,1420.0,,65.1,SMART_LINEUP_V2_1,SMART_PITCHER_V2_2,247.78,9.0,7.0,5.0,7.0,0,56.48,LOW,DraftKings,1420.0,True,-8,320.97520000000003,160.37884000000005,252.01131999999998,43.21,35.8,41.36,247.78,44.38,0.06578947368421052,0.1237,0.1237,0.057911,5.79,D,LOW,PASS,93,19,89,96,PASS,LOW,Lineup spot 2 underperformed in tuner. V3.11 protection applied.,0.0,7.0,0,LOW
2026-06-04,2026-06-04T18:10:00+00:00,2026-06-04T14:10:00-04:00,2:10 PM,San Francisco Giants vs Milwaukee Brewers,8,Eric Haase,606992,confirmed,San Francisco Giants,Coleman Crow,0.16,1.52,37.0,,7.1,,,0.072,0.0,0.0,0.0,610.0,620.0,425.0,66.2,SMART_LINEUP_V2_1,SMART_PITCHER_V2_2,224.18,8.0,6.0,5.0,7.0,0,46.6,LOW,DraftKings,620.0,True,0,307.5812,163.30154000000002,251.84842,37.04,41.36,40.74,224.18,44.01,0.1388888888888889,0.1235,0.1235,-0.015389,-1.54,D,LOW,PASS,103,80,90,97,PASS,LOW,V3.11 filter removed negative-edge official play,0.0,7.0,0,LOW
2026-06-04,2026-06-04T18:10:00+00:00,2026-06-04T14:10:00-04:00,2:10 PM,San Francisco Giants vs Milwaukee Brewers,9,Drew Gilbert,687551,confirmed,San Francisco Giants,Coleman Crow,0.158,1.52,36.8,,7.0,,,0.071,0.0,0.0,0.0,920.0,1040.0,525.0,66.2,SMART_LINEUP_V2_1,SMART_PITCHER_V2_2,221.86,8.0,6.0,5.0,7.0,0,46.6,LOW,DraftKings,1040.0,True,0,305.4024,162.32108000000002,250.50584,33.95,39.51,40.12,221.86,42.1,0.08771929824561403,0.1208,0.1208,0.033081,3.31,D,LOW,PASS,107,36,92,98,PASS,LOW,Positive edge but decision score below official-card threshold,0.0,7.0,0,LOW
2026-06-04,2026-06-04T17:05:00+00:00,2026-06-04T13:05:00-04:00,1:05 PM,San Diego Padres vs Philadelphia Phillies,7,Miguel Andujar,609280,confirmed,San Diego Padres,Zack Wheeler,0.157,1.52,36.7,,7.0,,,0.071,0.0,0.0,0.0,1300.0,,,66.5,SMART_LINEUP_V2_1,SMART_PITCHER_V2_2,221.14,8.0,6.0,5.0,7.0,0,49.38,LOW,FanDuel,1300.0,True,0,305.0476,162.91642000000002,250.42665999999997,32.1,40.12,39.51,221.14,41.98,0.07142857142857142,0.1209,0.1209,0.049471,4.95,D,LOW,PASS,110,27,91,99,PASS,LOW,Positive edge but decision score below official-card threshold,0.0,7.0,0,LOW
2026-06-04,2026-06-05T01:40:00+00:00,2026-06-04T21:40:00-04:00,9:40 PM,Los Angeles Dodgers vs Arizona Diamondbacks,3,Freddie Freeman,518692,power_roster,Los Angeles Dodgers,Ryne Nelson,0.202,0.92,42.2,,9.5,,,0.109,0.0,0.0,0.0,470.0,494.0,525.0,38.1,SMART_LINEUP_V2_1,SMART_PITCHER_V2_2,281.64,10.0,8.0,6.0,4.0,0,25.31,LOW,BetMGM,525.0,True,10,328.39259999999996,175.72417,247.92240999999996,48.15,48.15,35.19,281.64,41.61,0.16,0.1148,0.1148,-0.0452,-4.52,D,LOW,PASS,85,109,95,104,PASS,LOW,V3.11 filter removed negative-edge official play,0.0,4.0,0,LOW
2026-06-04,2026-06-04T17:35:00+00:00,2026-06-04T13:35:00-04:00,1:35 PM,Cleveland Guardians vs New York Yankees,1,Trent Grisham,663757,confirmed,New York Yankees,Slade Cecconi,0.18,1.24,40.0,,8.3,,,0.091,0.0,0.0,0.0,310.0,298.0,270.0,53.2,SMART_LINEUP_V2_1,SMART_PITCHER_V2_2,253.44,9.0,7.0,5.0,6.0,0,34.57,LOW,FanDuel,310.0,True,0,317.6096,162.20682,247.42336,42.59,38.89,33.95,253.44,41.36,0.24390243902439024,0.1176,0.1176,-0.126302,-12.63,D,LOW,PASS,94,138,94,106,PASS,LOW,V3.11 filter removed negative-edge official play,0.0,6.0,0,LOW
2026-06-04,2026-06-04T23:40:00+00:00,2026-06-04T19:40:00-04:00,7:40 PM,Kansas City Royals vs Minnesota Twins,7,Orlando Arcia,606115,power_roster,Minnesota Twins,Seth Lugo,0.161,1.46,37.1,,7.1,,,0.073,0.0,0.0,0.0,,,,63.7,SMART_LINEUP_V2_1,SMART_PITCHER_V2_2,225.2,8.0,6.0,5.0,7.0,0,41.36,LOW,NO_ODDS,,False,0,306.34799999999996,160.9366,249.7968,35.49,37.35,38.58,225.2,40.65,,0.118,0.118,0.0,0.0,D,LOW,NO ODDS,105,69,93,100,NO_ODDS,LOW,No sportsbook odds available,0.0,7.0,0,LOW
2026-06-04,2026-06-04T23:40:00+00:00,2026-06-04T19:40:00-04:00,7:40 PM,Kansas City Royals vs Minnesota Twins,9,Byron Buxton,621439,power_roster,Minnesota Twins,Seth Lugo,0.161,1.46,37.1,,7.1,,,0.073,0.0,0.0,0.0,285.0,265.0,220.0,63.7,SMART_LINEUP_V2_1,SMART_PITCHER_V2_2,225.2,8.0,6.0,5.0,7.0,0,41.36,LOW,FanDuel,285.0,True,0,306.34799999999996,160.9366,249.7968,35.49,37.35,38.58,225.2,40.65,0.2597402597402597,0.118,0.118,-0.14174,-14.17,D,LOW,PASS,105,141,93,100,PASS,LOW,V3.11 filter removed negative-edge official play,0.0,7.0,0,LOW
2026-06-04,2026-06-04T17:35:00+00:00,2026-06-04T13:35:00-04:00,1:35 PM,Baltimore Orioles vs Boston Red Sox,3,Wilyer Abreu,677800,confirmed,Boston Red Sox,Trevor Rogers,0.195,0.98,41.5,,9.2,,,0.105,0.0,0.0,0.0,520.0,521.0,400.0,41.0,SMART_LINEUP_V2_1,SMART_PITCHER_V2_2,273.66,10.0,8.0,6.0,4.0,0,28.4,LOW,DraftKings,521.0,True,10,323.42940000000004,174.84323,246.36529000000002,44.44,47.53,32.72,273.66,40.0,0.1610305958132045,0.1127,0.1127,-0.048331,-4.83,D,LOW,PASS,91,111,99,108,PASS,LOW,V3.11 filter removed negative-edge official play,0.0,4.0,0,LOW
2026-06-04,2026-06-04T18:10:00+00:00,2026-06-04T14:10:00-04:00,2:10 PM,San Francisco Giants vs Milwaukee Brewers,3,Brice Turang,668930,confirmed,Milwaukee Brewers,Adrian Houser,0.202,0.89,42.2,,9.5,,,0.109,0.0,0.0,0.0,570.0,559.0,500.0,36.8,SMART_LINEUP_V2_1,SMART_PITCHER_V2_2,281.64,10.0,8.0,6.0,4.0,0,22.22,LOW,FanDuel,570.0,True,10,327.28759999999994,174.19441999999998,246.56065999999996,46.91,46.91,33.33,281.64,39.81,0.14925373134328357,0.1118,0.1118,-0.037454,-3.75,D,LOW,PASS,87,101,100,107,PASS,LOW,V3.11 filter removed negative-edge official play,0.0,4.0,0,LOW
2026-06-04,2026-06-05T00:05:00+00:00,2026-06-04T20:05:00-04:00,8:05 PM,Athletics vs Chicago Cubs,2,Miguel Amaya,665804,power_roster,Chicago Cubs,J.T. Ginn,0.182,1.38,40.2,,8.4,,,0.091,0.0,0.0,0.0,,,,59.5,SMART_LINEUP_V2_1,SMART_PITCHER_V2_2,255.46,9.0,7.0,5.0,6.0,0,44.14,LOW,NO_ODDS,,False,-8,316.86139999999995,154.32263,242.79148999999998,41.98,30.25,32.1,255.46,38.71,,0.1143,0.1143,0.0,0.0,D,LOW,NO ODDS,95,69,97,109,NO_ODDS,LOW,No sportsbook odds available,0.0,6.0,0,LOW
2026-06-04,2026-06-04T23:40:00+00:00,2026-06-04T19:40:00-04:00,7:40 PM,Kansas City Royals vs Minnesota Twins,8,Trevor Larnach,663616,power_roster,Minnesota Twins,Seth Lugo,0.159,1.46,36.9,,7.1,,,0.072,0.0,0.0,0.0,680.0,660.0,575.0,63.7,SMART_LINEUP_V2_1,SMART_PITCHER_V2_2,223.46,8.0,6.0,5.0,7.0,0,41.36,LOW,FanDuel,680.0,True,0,304.8464,160.26088000000001,248.83624,31.48,35.19,37.04,223.46,38.09,0.1282051282051282,0.1144,0.1144,-0.013805,-1.38,D,LOW,PASS,111,79,96,102,PASS,LOW,V3.11 filter removed negative-edge official play,0.0,7.0,0,LOW
2026-06-04,2026-06-04T23:15:00+00:00,2026-06-04T19:15:00-04:00,7:15 PM,Toronto Blue Jays vs Atlanta Braves,8,Mauricio Dubón,643289,power_roster,Atlanta Braves,TBD,0.16,1.46,37.0,,7.1,,,0.072,0.0,0.0,0.0,,,,63.4,SMART_LINEUP_V2_1,SMART_PITCHER_V2_2,224.18,8.0,6.0,5.0,7.0,0,39.51,LOW,NO_ODDS,,False,0,305.20120000000003,159.89804,248.91541999999998,32.72,34.57,37.65,224.18,37.96,,0.114,0.114,0.0,0.0,D,LOW,NO ODDS,109,69,98,101,NO_ODDS,LOW,No sportsbook odds available,0.0,7.0,0,LOW
2026-06-04,2026-06-04T23:15:00+00:00,2026-06-04T19:15:00-04:00,7:15 PM,Toronto Blue Jays vs Atlanta Braves,7,Jorge Mateo,622761,power_roster,Atlanta Braves,TBD,0.159,1.46,36.9,,7.0,,,0.072,0.0,0.0,0.0,760.0,670.0,900.0,63.4,SMART_LINEUP_V2_1,SMART_PITCHER_V2_2,222.88,8.0,6.0,5.0,7.0,0,39.51,LOW,BetMGM,900.0,True,0,303.9142,159.31889,248.13997,29.94,33.64,36.11,222.88,36.26,0.1,0.1115,0.1115,0.0115,1.15,D,LOW,PASS,113,57,101,103,PASS,LOW,Positive edge but decision score below official-card threshold,0.0,7.0,0,LOW
2026-06-04,2026-06-04T23:15:00+00:00,2026-06-04T19:15:00-04:00,7:15 PM,Toronto Blue Jays vs Atlanta Braves,9,Mike Yastrzemski,573262,power_roster,Atlanta Braves,TBD,0.159,1.46,36.9,,7.0,,,0.072,0.0,0.0,0.0,760.0,670.0,600.0,63.4,SMART_LINEUP_V2_1,SMART_PITCHER_V2_2,222.88,8.0,6.0,5.0,7.0,0,39.51,LOW,FanDuel,760.0,True,0,303.9142,159.31889,248.13997,29.94,33.64,36.11,222.88,36.26,0.11627906976744186,0.1115,0.1115,-0.004779,-0.48,D,LOW,PASS,113,75,101,103,PASS,LOW,V3.11 filter removed negative-edge official play,0.0,7.0,0,LOW
2026-06-04,2026-06-04T23:15:00+00:00,2026-06-04T19:15:00-04:00,7:15 PM,Toronto Blue Jays vs Atlanta Braves,8,Yohendrick Piñango,682818,power_roster,Toronto Blue Jays,Chris Sale,0.155,1.5,36.5,,6.9,,,0.07,0.0,0.0,0.0,1200.0,1160.0,1350.0,65.1,SMART_LINEUP_V2_1,SMART_PITCHER_V2_2,218.82,8.0,6.0,4.0,7.0,0,37.04,LOW,BetMGM,1350.0,True,0,301.67879999999997,158.03546,247.61757999999998,27.16,32.72,34.57,218.82,35.68,0.06896551724137931,0.1113,0.1113,0.042334,4.23,D,LOW,PASS,117,31,102,105,PASS,LOW,Positive edge but decision score below official-card threshold,0.0,7.0,0,LOW
2026-06-04,2026-06-04T17:35:00+00:00,2026-06-04T13:35:00-04:00,1:35 PM,Baltimore Orioles vs Boston Red Sox,1,Taylor Ward,621493,confirmed,Baltimore Orioles,Brayan Bello,0.181,1.17,40.1,,8.3,,,0.091,0.0,0.0,0.0,520.0,552.0,475.0,50.0,SMART_LINEUP_V2_1,SMART_PITCHER_V2_2,254.16,9.0,7.0,5.0,5.0,0,29.32,LOW,DraftKings,552.0,True,0,308.9994,156.37973,236.68979,38.89,31.48,31.48,254.16,35.49,0.15337423312883436,0.1084,0.1084,-0.044974,-4.5,D,LOW,PASS,100,108,103,110,PASS,LOW,V3.11 filter removed negative-edge official play,0.0,5.0,0,LOW
2026-06-04,2026-06-05T00:10:00+00:00,2026-06-04T20:10:00-04:00,8:10 PM,Pittsburgh Pirates vs Houston Astros,1,Christian Vázquez,543877,power_roster,Houston Astros,Jared Jones,0.183,1.14,40.3,,8.4,,,0.092,0.0,0.0,0.0,,,1000.0,48.6,SMART_LINEUP_V2_1,SMART_PITCHER_V2_2,256.48,9.0,7.0,6.0,5.0,0,32.1,LOW,BetMGM,1000.0,True,0,309.9882,157.23969000000002,236.56587000000002,40.12,32.1,30.25,256.48,35.37,0.09090909090909091,0.1078,0.1078,0.016891,1.69,D,LOW,PASS,98,52,104,112,PASS,LOW,Positive edge but decision score below official-card threshold,0.0,5.0,0,LOW
2026-06-04,2026-06-05T00:10:00+00:00,2026-06-04T20:10:00-04:00,8:10 PM,Pittsburgh Pirates vs Houston Astros,1,Endy Rodríguez,682848,power_roster,Pittsburgh Pirates,Kai-Wei Teng,0.176,1.21,39.6,,8.1,,,0.088,0.0,0.0,0.0,820.0,840.0,,51.8,SMART_LINEUP_V2_1,SMART_PITCHER_V2_2,248.5,9.0,7.0,5.0,5.0,0,31.17,LOW,DraftKings,840.0,True,0,305.28,155.5285,235.32299999999998,33.33,30.86,29.63,248.5,33.27,0.10638297872340426,0.1056,0.1056,-0.000783,-0.08,D,LOW,PASS,108,72,105,113,PASS,LOW,V3.11 filter removed negative-edge official play,0.0,5.0,0,LOW
2026-06-04,2026-06-04T17:35:00+00:00,2026-06-04T13:35:00-04:00,1:35 PM,Cleveland Guardians vs New York Yankees,1,David Fry,681807,confirmed,Cleveland Guardians,Carlos Rodón,0.181,1.1,40.1,,8.3,,,0.091,0.0,0.0,0.0,520.0,473.0,350.0,46.9,SMART_LINEUP_V2_1,SMART_PITCHER_V2_2,254.16,9.0,7.0,5.0,5.0,0,23.15,LOW,FanDuel,520.0,True,0,306.3644,153.03148,233.44254,36.42,29.63,28.4,254.16,32.22,0.16129032258064516,0.103,0.103,-0.05829,-5.83,D,LOW,PASS,104,117,107,115,PASS,LOW,V3.11 filter removed negative-edge official play,0.0,5.0,0,LOW
2026-06-04,2026-06-05T00:05:00+00:00,2026-06-04T20:05:00-04:00,8:05 PM,Athletics vs Chicago Cubs,9,Pete Crow-Armstrong,691718,power_roster,Chicago Cubs,J.T. Ginn,0.159,1.38,36.9,,7.1,,,0.072,0.0,0.0,0.0,410.0,403.0,300.0,59.5,SMART_LINEUP_V2_1,SMART_PITCHER_V2_2,223.46,8.0,6.0,5.0,6.0,0,32.72,LOW,FanDuel,410.0,True,0,294.7764,152.72938000000002,236.66174,25.31,29.01,30.86,223.46,31.42,0.19607843137254902,0.1042,0.1042,-0.091878,-9.19,D,LOW,PASS,120,133,106,111,PASS,LOW,V3.11 filter removed negative-edge official play,0.0,6.0,0,LOW
2026-06-04,2026-06-04T17:05:00+00:00,2026-06-04T13:05:00-04:00,1:05 PM,San Diego Padres vs Philadelphia Phillies,2,Trea Turner,607208,confirmed,Philadelphia Phillies,Lucas Giolito,0.175,1.23,39.5,,8.1,,,0.088,0.0,0.0,0.0,850.0,800.0,,52.5,SMART_LINEUP_V2_1,SMART_PITCHER_V2_2,247.78,9.0,7.0,5.0,6.0,0,33.95,LOW,FanDuel,850.0,True,-8,303.76520000000005,144.48184000000006,231.03782,29.01,23.46,27.78,247.78,29.51,0.10526315789473684,0.1007,0.1007,-0.004563,-0.46,D,LOW,PASS,114,74,109,116,PASS,LOW,V3.11 filter removed negative-edge official play,0.0,6.0,0,LOW
2026-06-04,2026-06-05T00:05:00+00:00,2026-06-04T20:05:00-04:00,8:05 PM,Athletics vs Chicago Cubs,7,Dansby Swanson,621020,power_roster,Chicago Cubs,J.T. Ginn,0.155,1.38,36.5,,6.9,,,0.07,0.0,0.0,0.0,540.0,567.0,475.0,59.5,SMART_LINEUP_V2_1,SMART_PITCHER_V2_2,218.82,8.0,6.0,4.0,6.0,0,30.25,LOW,DraftKings,567.0,True,0,290.4188,150.15096,233.97657999999998,22.22,27.16,29.01,218.82,29.26,0.14992503748125938,0.1011,0.1011,-0.048825,-4.88,D,LOW,PASS,125,112,108,114,PASS,LOW,V3.11 filter removed negative-edge official play,0.0,6.0,0,LOW
2026-06-04,2026-06-04T17:35:00+00:00,2026-06-04T13:35:00-04:00,1:35 PM,Cleveland Guardians vs New York Yankees,8,J.C. Escarra,641555,confirmed,New York Yankees,Slade Cecconi,0.161,1.24,37.1,,7.1,,,0.073,0.0,0.0,0.0,880.0,790.0,575.0,53.2,SMART_LINEUP_V2_1,SMART_PITCHER_V2_2,225.2,8.0,6.0,5.0,6.0,0,26.54,LOW,FanDuel,880.0,True,0,290.923,148.19035000000002,231.02304999999998,23.46,26.54,27.16,225.2,28.64,0.10204081632653061,0.0998,0.0998,-0.002241,-0.22,D,LOW,PASS,123,73,110,117,PASS,LOW,V3.11 filter removed negative-edge official play,0.0,6.0,0,LOW
2026-06-04,2026-06-05T01:40:00+00:00,2026-06-04T21:40:00-04:00,9:40 PM,Los Angeles Dodgers vs Arizona Diamondbacks,1,Aramis Garcia,605244,power_roster,Arizona Diamondbacks,Justin Wrobleski,0.182,1.02,40.2,,8.4,,,0.091,0.0,0.0,0.0,,,,43.0,SMART_LINEUP_V2_1,SMART_PITCHER_V2_2,255.46,9.0,7.0,5.0,5.0,0,20.06,LOW,NO_ODDS,,False,0,304.33639999999997,150.56637999999998,230.13273999999998,30.86,27.78,25.93,255.46,27.84,,0.0961,0.0961,0.0,0.0,D,LOW,NO ODDS,112,69,114,119,NO_ODDS,LOW,No sportsbook odds available,0.0,5.0,0,LOW
2026-06-04,2026-06-04T23:40:00+00:00,2026-06-04T19:40:00-04:00,7:40 PM,Kansas City Royals vs Minnesota Twins,1,Carter Jensen,695600,power_roster,Kansas City Royals,Andrew Morris,0.178,1.07,39.8,,8.2,,,0.09,0.0,0.0,0.0,440.0,431.0,450.0,45.5,SMART_LINEUP_V2_1,SMART_PITCHER_V2_2,251.12,9.0,7.0,5.0,5.0,0,21.6,LOW,BetMGM,450.0,True,0,302.3858,150.57361,230.24003,27.78,28.4,26.54,251.12,27.47,0.18181818181818182,0.096,0.096,-0.085818,-8.58,D,LOW,PASS,116,129,115,118,PASS,LOW,V3.11 filter removed negative-edge official play,0.0,5.0,0,LOW
2026-06-04,2026-06-04T17:35:00+00:00,2026-06-04T13:35:00-04:00,1:35 PM,Cleveland Guardians vs New York Yankees,9,Max Schuemann,680474,confirmed,New York Yankees,Slade Cecconi,0.158,1.24,36.8,,7.0,,,0.072,0.0,0.0,0.0,920.0,820.0,725.0,53.2,SMART_LINEUP_V2_1,SMART_PITCHER_V2_2,222.16,8.0,6.0,5.0,6.0,0,26.54,LOW,FanDuel,920.0,True,0,288.1344,146.93547999999998,229.28704000000002,20.99,25.93,25.31,222.16,27.1,0.09803921568627451,0.0975,0.0975,-0.000539,-0.05,D,LOW,PASS,127,71,111,120,PASS,LOW,V3.11 filter removed negative-edge official play,0.0,6.0,0,LOW
2026-06-04,2026-06-05T00:10:00+00:00,2026-06-04T20:10:00-04:00,8:10 PM,Pittsburgh Pirates vs Houston Astros,2,Henry Davis,680779,power_roster,Pittsburgh Pirates,Kai-Wei Teng,0.181,1.21,40.1,,8.3,,,0.091,0.0,0.0,0.0,,,650.0,51.8,SMART_LINEUP_V2_1,SMART_PITCHER_V2_2,254.16,9.0,7.0,5.0,5.0,0,31.17,LOW,BetMGM,650.0,True,-8,302.52939999999995,143.09073,226.17529,28.4,21.6,22.22,254.16,27.04,0.13333333333333333,0.0965,0.0965,-0.036833,-3.68,D,LOW,PASS,115,100,112,125,PASS,LOW,V3.11 filter removed negative-edge official play,0.0,5.0,0,LOW
2026-06-04,2026-06-04T17:35:00+00:00,2026-06-04T13:35:00-04:00,1:35 PM,Cleveland Guardians vs New York Yankees,7,Ryan McMahon,641857,confirmed,New York Yankees,Slade Cecconi,0.156,1.24,36.6,,6.9,,,0.07,0.0,0.0,0.0,440.0,440.0,375.0,53.2,SMART_LINEUP_V2_1,SMART_PITCHER_V2_2,219.54,8.0,6.0,5.0,6.0,0,26.54,LOW,FanDuel,440.0,True,0,285.67359999999996,145.82811999999996,227.77076,19.75,25.31,24.69,219.54,26.3,0.18518518518518517,0.0964,0.0964,-0.088785,-8.88,D,LOW,PASS,129,131,113,121,PASS,LOW,V3.11 filter removed negative-edge official play,0.0,6.0,0,LOW
2026-06-04,2026-06-04T17:05:00+00:00,2026-06-04T13:05:00-04:00,1:05 PM,San Diego Padres vs Philadelphia Phillies,8,Adolis García,666969,confirmed,Philadelphia Phillies,Lucas Giolito,0.156,1.23,36.6,,6.9,,,0.071,0.0,0.0,0.0,490.0,500.0,,52.5,SMART_LINEUP_V2_1,SMART_PITCHER_V2_2,219.84,8.0,6.0,5.0,6.0,0,24.38,LOW,DraftKings,500.0,True,0,285.3606,145.00727,227.21121,19.14,24.69,24.07,219.84,25.19,0.16666666666666666,0.0944,0.0944,-0.072267,-7.23,D,LOW,PASS,130,123,116,122,PASS,LOW,V3.11 filter removed negative-edge official play,0.0,6.0,0,LOW
2026-06-04,2026-06-04T17:35:00+00:00,2026-06-04T13:35:00-04:00,1:35 PM,Baltimore Orioles vs Boston Red Sox,2,Gunnar Henderson,683002,confirmed,Baltimore Orioles,Brayan Bello,0.179,1.17,39.9,,8.3,,,0.09,0.0,0.0,0.0,440.0,454.0,350.0,50.0,SMART_LINEUP_V2_1,SMART_PITCHER_V2_2,252.42,9.0,7.0,5.0,5.0,0,29.32,LOW,DraftKings,454.0,True,-8,299.4978,140.90401000000003,223.32923,26.54,19.75,21.6,252.42,25.06,0.18050541516245489,0.0935,0.0935,-0.087005,-8.7,D,LOW,PASS,118,130,118,126,PASS,LOW,V3.11 filter removed negative-edge official play,0.0,5.0,0,LOW
2026-06-04,2026-06-04T17:05:00+00:00,2026-06-04T13:05:00-04:00,1:05 PM,San Diego Padres vs Philadelphia Phillies,7,J.T. Realmuto,592663,confirmed,Philadelphia Phillies,Lucas Giolito,0.156,1.23,36.6,,6.9,,,0.07,0.0,0.0,0.0,650.0,700.0,,52.5,SMART_LINEUP_V2_1,SMART_PITCHER_V2_2,219.54,8.0,6.0,5.0,6.0,0,24.38,LOW,DraftKings,700.0,True,0,285.0786,144.88037,227.03751,18.52,24.07,23.46,219.54,24.63,0.125,0.0936,0.0936,-0.0314,-3.14,D,LOW,PASS,131,93,117,123,PASS,LOW,V3.11 filter removed negative-edge official play,0.0,6.0,0,LOW
2026-06-04,2026-06-04T17:05:00+00:00,2026-06-04T13:05:00-04:00,1:05 PM,San Diego Padres vs Philadelphia Phillies,9,Justin Crawford,702222,confirmed,Philadelphia Phillies,Lucas Giolito,0.155,1.23,36.5,,6.9,,,0.07,0.0,0.0,0.0,1300.0,900.0,,52.5,SMART_LINEUP_V2_1,SMART_PITCHER_V2_2,218.82,8.0,6.0,4.0,6.0,0,20.99,LOW,FanDuel,1300.0,True,0,284.4688,143.75846,226.64407999999997,17.28,22.84,22.84,218.82,23.64,0.07142857142857142,0.0923,0.0923,0.020871,2.09,D,LOW,PASS,133,48,119,124,PASS,LOW,Positive edge but decision score below official-card threshold,0.0,6.0,0,LOW
2026-06-04,2026-06-05T00:10:00+00:00,2026-06-04T20:10:00-04:00,8:10 PM,Pittsburgh Pirates vs Houston Astros,8,Jake Mangum,663968,power_roster,Pittsburgh Pirates,Kai-Wei Teng,0.162,1.21,37.2,,7.2,,,0.074,0.0,0.0,0.0,1500.0,1500.0,1700.0,51.8,SMART_LINEUP_V2_1,SMART_PITCHER_V2_2,226.8,8.0,6.0,5.0,5.0,0,18.52,LOW,BetMGM,1700.0,True,0,284.80199999999996,143.15089999999998,222.73069999999998,17.9,22.22,20.99,226.8,22.78,0.05555555555555555,0.0906,0.0906,0.035044,3.5,D,LOW,PASS,132,35,120,127,PASS,LOW,Positive edge but decision score below official-card threshold,0.0,5.0,0,LOW
2026-06-04,2026-06-05T00:10:00+00:00,2026-06-04T20:10:00-04:00,8:10 PM,Pittsburgh Pirates vs Houston Astros,9,Tyler Callihan,682997,power_roster,Pittsburgh Pirates,Kai-Wei Teng,0.161,1.21,37.1,,7.1,,,0.073,0.0,0.0,0.0,,,,51.8,SMART_LINEUP_V2_1,SMART_PITCHER_V2_2,225.2,8.0,6.0,5.0,5.0,0,18.52,LOW,NO_ODDS,,False,0,283.23299999999995,142.44484999999997,221.78154999999995,16.05,20.99,20.37,225.2,21.54,,0.0889,0.0889,0.0,0.0,D,LOW,NO ODDS,135,69,121,128,NO_ODDS,LOW,No sportsbook odds available,0.0,5.0,0,LOW
2026-06-04,2026-06-04T17:35:00+00:00,2026-06-04T13:35:00-04:00,1:35 PM,Cleveland Guardians vs New York Yankees,2,José Ramírez,608070,confirmed,Cleveland Guardians,Carlos Rodón,0.178,1.1,39.8,,8.2,,,0.09,0.0,0.0,0.0,360.0,330.0,300.0,46.9,SMART_LINEUP_V2_1,SMART_PITCHER_V2_2,251.12,9.0,7.0,5.0,5.0,0,23.15,LOW,FanDuel,360.0,True,-8,295.5758,136.97661000000002,219.30653000000004,25.93,13.58,19.14,251.12,21.36,0.21739130434782608,0.0876,0.0876,-0.129791,-12.98,D,LOW,PASS,119,139,123,130,PASS,LOW,V3.11 filter removed negative-edge official play,0.0,5.0,0,LOW
2026-06-04,2026-06-05T00:10:00+00:00,2026-06-04T20:10:00-04:00,8:10 PM,Pittsburgh Pirates vs Houston Astros,2,César Salazar,663967,power_roster,Houston Astros,Jared Jones,0.175,1.14,39.5,,8.1,,,0.088,0.0,0.0,0.0,1200.0,1240.0,,48.6,SMART_LINEUP_V2_1,SMART_PITCHER_V2_2,247.78,9.0,7.0,5.0,5.0,0,27.78,LOW,DraftKings,1240.0,True,-8,293.95020000000005,137.74259000000004,219.17757000000003,24.69,14.2,17.9,247.78,21.36,0.07462686567164178,0.0878,0.0878,0.013173,1.32,D,LOW,PASS,121,55,122,132,PASS,LOW,Lineup spot 2 underperformed in tuner. V3.11 protection applied.,0.0,5.0,0,LOW
2026-06-04,2026-06-04T17:35:00+00:00,2026-06-04T13:35:00-04:00,1:35 PM,Baltimore Orioles vs Boston Red Sox,1,Jarren Duran,680776,confirmed,Boston Red Sox,Trevor Rogers,0.176,0.98,39.6,,8.2,,,0.089,0.0,0.0,0.0,590.0,600.0,425.0,41.0,SMART_LINEUP_V2_1,SMART_PITCHER_V2_2,249.38,9.0,7.0,5.0,4.0,0,13.27,LOW,DraftKings,600.0,True,0,290.55920000000003,142.26914,216.79072000000002,22.84,20.37,16.05,249.38,19.88,0.14285714285714285,0.0842,0.0842,-0.058657,-5.87,D,LOW,PASS,124,119,125,135,PASS,LOW,V3.11 filter removed negative-edge official play,0.0,4.0,0,LOW
2026-06-04,2026-06-04T17:35:00+00:00,2026-06-04T13:35:00-04:00,1:35 PM,Baltimore Orioles vs Boston Red Sox,9,Jackson Holliday,702616,confirmed,Baltimore Orioles,Brayan Bello,0.16,1.17,37.0,,7.1,,,0.072,0.0,0.0,0.0,790.0,760.0,600.0,50.0,SMART_LINEUP_V2_1,SMART_PITCHER_V2_2,224.18,8.0,6.0,5.0,5.0,0,16.98,LOW,FanDuel,790.0,True,0,280.8112,140.61004,219.32891999999998,14.2,18.52,19.75,224.18,19.38,0.11235955056179775,0.0855,0.0855,-0.02686,-2.69,D,LOW,PASS,138,90,124,129,PASS,LOW,V3.11 filter removed negative-edge official play,0.0,5.0,0,LOW
2026-06-04,2026-06-05T00:10:00+00:00,2026-06-04T20:10:00-04:00,8:10 PM,Pittsburgh Pirates vs Houston Astros,8,Zach Dezenzo,701305,power_roster,Houston Astros,Jared Jones,0.162,1.14,37.2,,7.2,,,0.073,0.0,0.0,0.0,,,,48.6,SMART_LINEUP_V2_1,SMART_PITCHER_V2_2,226.5,8.0,6.0,5.0,5.0,0,15.43,LOW,NO_ODDS,,False,0,281.8,140.3875,219.20499999999998,14.81,17.9,18.52,226.5,18.64,,0.0841,0.0841,0.0,0.0,D,LOW,NO ODDS,137,69,126,131,NO_ODDS,LOW,No sportsbook odds available,0.0,5.0,0,LOW
2026-06-04,2026-06-05T01:40:00+00:00,2026-06-04T21:40:00-04:00,9:40 PM,Los Angeles Dodgers vs Arizona Diamondbacks,1,Dalton Rushing,687221,power_roster,Los Angeles Dodgers,Ryne Nelson,0.178,0.92,39.8,,8.2,,,0.09,0.0,0.0,0.0,420.0,454.0,,38.1,SMART_LINEUP_V2_1,SMART_PITCHER_V2_2,251.12,9.0,7.0,5.0,4.0,0,10.8,LOW,DraftKings,454.0,True,0,289.5958,140.63810999999998,214.71353,21.6,19.14,14.2,251.12,18.09,0.18050541516245489,0.0812,0.0812,-0.099305,-9.93,D,LOW,PASS,126,135,129,138,PASS,LOW,V3.11 filter removed negative-edge official play,0.0,4.0,0,LOW
2026-06-04,2026-06-05T00:10:00+00:00,2026-06-04T20:10:00-04:00,8:10 PM,Pittsburgh Pirates vs Houston Astros,7,Bryan Reynolds,668804,power_roster,Pittsburgh Pirates,Kai-Wei Teng,0.156,1.21,36.6,,6.9,,,0.071,0.0,0.0,0.0,730.0,670.0,600.0,51.8,SMART_LINEUP_V2_1,SMART_PITCHER_V2_2,219.84,8.0,6.0,5.0,5.0,0,18.52,LOW,FanDuel,730.0,True,0,278.2656,140.20952,218.70296,12.35,16.67,16.67,219.84,18.03,0.12048192771084337,0.0838,0.0838,-0.036682,-3.67,D,LOW,PASS,141,99,127,134,PASS,LOW,V3.11 filter removed negative-edge official play,0.0,5.0,0,LOW
2026-06-04,2026-06-04T17:35:00+00:00,2026-06-04T13:35:00-04:00,1:35 PM,Baltimore Orioles vs Boston Red Sox,7,Colton Cowser,681297,confirmed,Baltimore Orioles,Brayan Bello,0.159,1.17,36.9,,7.1,,,0.072,0.0,0.0,0.0,630.0,640.0,475.0,50.0,SMART_LINEUP_V2_1,SMART_PITCHER_V2_2,223.46,8.0,6.0,5.0,5.0,0,16.98,LOW,DraftKings,640.0,True,0,280.20140000000004,140.33563,218.93549000000002,12.96,17.28,17.28,223.46,18.02,0.13513513513513514,0.0835,0.0835,-0.051635,-5.16,D,LOW,PASS,140,113,128,133,PASS,LOW,V3.11 filter removed negative-edge official play,0.0,5.0,0,LOW
2026-06-04,2026-06-05T01:40:00+00:00,2026-06-04T21:40:00-04:00,9:40 PM,Los Angeles Dodgers vs Arizona Diamondbacks,2,Gabriel Moreno,672515,power_roster,Arizona Diamondbacks,Justin Wrobleski,0.177,1.02,39.7,,8.2,,,0.089,0.0,0.0,0.0,710.0,810.0,900.0,43.0,SMART_LINEUP_V2_1,SMART_PITCHER_V2_2,250.1,9.0,7.0,5.0,5.0,0,20.06,LOW,BetMGM,900.0,True,-8,291.369,133.53105000000002,214.65415000000002,24.07,8.02,13.58,250.1,16.73,0.1,0.0801,0.0801,-0.0199,-1.99,D,LOW,PASS,122,85,131,139,PASS,LOW,V3.11 filter removed negative-edge official play,0.0,5.0,0,LOW
2026-06-04,2026-06-05T00:10:00+00:00,2026-06-04T20:10:00-04:00,8:10 PM,Pittsburgh Pirates vs Houston Astros,7,Zach Cole,805904,power_roster,Houston Astros,Jared Jones,0.158,1.14,36.8,,7.0,,,0.071,0.0,0.0,0.0,,,,48.6,SMART_LINEUP_V2_1,SMART_PITCHER_V2_2,221.86,8.0,6.0,5.0,5.0,0,15.43,LOW,NO_ODDS,,False,0,277.4424,138.42658,216.51984,11.73,16.05,15.43,221.86,16.24,,0.0806,0.0806,0.0,0.0,D,LOW,NO ODDS,142,69,130,136,NO_ODDS,LOW,No sportsbook odds available,0.0,5.0,0,LOW
2026-06-04,2026-06-05T00:10:00+00:00,2026-06-04T20:10:00-04:00,8:10 PM,Pittsburgh Pirates vs Houston Astros,9,Brice Matthews,694728,power_roster,Houston Astros,Jared Jones,0.157,1.14,36.7,,7.0,,,0.071,0.0,0.0,0.0,790.0,840.0,,48.6,SMART_LINEUP_V2_1,SMART_PITCHER_V2_2,221.14,8.0,6.0,5.0,5.0,0,15.43,LOW,DraftKings,840.0,True,0,276.83259999999996,138.15216999999998,216.12640999999996,11.11,14.81,14.81,221.14,15.49,0.10638297872340426,0.0795,0.0795,-0.026883,-2.69,D,LOW,PASS,143,91,132,137,PASS,LOW,V3.11 filter removed negative-edge official play,0.0,5.0,0,LOW
2026-06-04,2026-06-04T18:10:00+00:00,2026-06-04T14:10:00-04:00,2:10 PM,San Francisco Giants vs Milwaukee Brewers,1,Christian Yelich,592885,confirmed,Milwaukee Brewers,Adrian Houser,0.177,0.89,39.7,,8.2,,,0.089,0.0,0.0,0.0,540.0,501.0,390.0,36.8,SMART_LINEUP_V2_1,SMART_PITCHER_V2_2,250.1,9.0,7.0,5.0,4.0,0,6.48,LOW,FanDuel,540.0,True,0,287.599,138.39954999999998,212.78464999999997,20.37,15.43,9.88,250.1,15.06,0.15625,0.0765,0.0765,-0.07975,-7.98,D,LOW,PASS,128,126,133,144,PASS,LOW,V3.11 filter removed negative-edge official play,0.0,4.0,0,LOW
2026-06-04,2026-06-04T17:35:00+00:00,2026-06-04T13:35:00-04:00,1:35 PM,Cleveland Guardians vs New York Yankees,7,Steven Kwan,680757,confirmed,Cleveland Guardians,Carlos Rodón,0.157,1.1,36.7,,7.0,,,0.071,0.0,0.0,0.0,1600.0,1580.0,900.0,46.9,SMART_LINEUP_V2_1,SMART_PITCHER_V2_2,221.14,8.0,6.0,5.0,5.0,0,14.2,LOW,FanDuel,1600.0,True,0,275.38759999999996,136.85441999999998,214.34566,9.26,12.96,12.96,221.14,13.27,0.058823529411764705,0.076,0.076,0.017176,1.72,D,LOW,PASS,146,50,134,140,PASS,LOW,Positive edge but decision score below official-card threshold,0.0,5.0,0,LOW
2026-06-04,2026-06-04T23:40:00+00:00,2026-06-04T19:40:00-04:00,7:40 PM,Kansas City Royals vs Minnesota Twins,8,Bobby Witt Jr.,677951,power_roster,Kansas City Royals,Andrew Morris,0.159,1.07,36.9,,7.0,,,0.072,0.0,0.0,0.0,410.0,405.0,390.0,45.5,SMART_LINEUP_V2_1,SMART_PITCHER_V2_2,222.88,8.0,6.0,5.0,5.0,0,12.04,LOW,FanDuel,410.0,True,0,275.6992,136.17464,213.83972,9.88,12.35,12.35,222.88,12.66,0.19607843137254902,0.0748,0.0748,-0.121278,-12.13,D,LOW,PASS,145,137,135,141,PASS,LOW,V3.11 filter removed negative-edge official play,0.0,5.0,0,LOW
2026-06-04,2026-06-04T23:40:00+00:00,2026-06-04T19:40:00-04:00,7:40 PM,Kansas City Royals vs Minnesota Twins,7,Maikel Garcia,672580,power_roster,Kansas City Royals,Andrew Morris,0.158,1.07,36.8,,7.0,,,0.071,0.0,0.0,0.0,,,,45.5,SMART_LINEUP_V2_1,SMART_PITCHER_V2_2,221.86,8.0,6.0,5.0,5.0,0,12.04,LOW,NO_ODDS,,False,0,274.80740000000003,135.77333000000002,213.27259,7.41,11.73,11.73,221.86,11.36,,0.0729,0.0729,0.0,0.0,D,LOW,NO ODDS,149,69,136,142,NO_ODDS,LOW,No sportsbook odds available,0.0,5.0,0,LOW
2026-06-04,2026-06-04T17:35:00+00:00,2026-06-04T13:35:00-04:00,1:35 PM,Cleveland Guardians vs New York Yankees,8,Austin Hedges,595978,confirmed,Cleveland Guardians,Carlos Rodón,0.155,1.1,36.5,,6.9,,,0.07,0.0,0.0,0.0,980.0,880.0,700.0,46.9,SMART_LINEUP_V2_1,SMART_PITCHER_V2_2,218.82,8.0,6.0,4.0,5.0,0,9.57,LOW,FanDuel,980.0,True,0,273.2088,134.71646,213.00308,6.48,10.8,10.8,218.82,11.08,0.09259259259259259,0.0728,0.0728,-0.019793,-1.98,D,LOW,PASS,150,84,137,143,PASS,LOW,V3.11 filter removed negative-edge official play,0.0,5.0,0,LOW
2026-06-04,2026-06-04T17:35:00+00:00,2026-06-04T13:35:00-04:00,1:35 PM,Cleveland Guardians vs New York Yankees,9,Brayan Rocchio,677587,confirmed,Cleveland Guardians,Carlos Rodón,0.155,1.1,36.5,,6.9,,,0.07,0.0,0.0,0.0,980.0,880.0,650.0,46.9,SMART_LINEUP_V2_1,SMART_PITCHER_V2_2,218.82,8.0,6.0,4.0,5.0,0,9.57,LOW,FanDuel,980.0,True,0,273.2088,134.71646,213.00308,6.48,10.8,10.8,218.82,11.08,0.09259259259259259,0.0728,0.0728,-0.019793,-1.98,D,LOW,PASS,150,84,137,143,PASS,LOW,V3.11 filter removed negative-edge official play,0.0,5.0,0,LOW
2026-06-04,2026-06-05T01:40:00+00:00,2026-06-04T21:40:00-04:00,9:40 PM,Los Angeles Dodgers vs Arizona Diamondbacks,9,Jorge Barrosa,678489,power_roster,Arizona Diamondbacks,Justin Wrobleski,0.161,1.02,37.1,,7.1,,,0.073,0.0,0.0,0.0,,,,43.0,SMART_LINEUP_V2_1,SMART_PITCHER_V2_2,225.2,8.0,6.0,5.0,5.0,0,8.02,LOW,NO_ODDS,,False,0,275.753,134.69385,212.56355,10.49,9.88,9.26,225.2,10.99,,0.0719,0.0719,0.0,0.0,D,LOW,NO ODDS,144,69,138,145,NO_ODDS,LOW,No sportsbook odds available,0.0,5.0,0,LOW
2026-06-04,2026-06-04T17:35:00+00:00,2026-06-04T13:35:00-04:00,1:35 PM,Baltimore Orioles vs Boston Red Sox,2,Ceddanne Rafaela,678882,confirmed,Boston Red Sox,Trevor Rogers,0.177,0.98,39.7,,8.2,,,0.089,0.0,0.0,0.0,570.0,528.0,450.0,41.0,SMART_LINEUP_V2_1,SMART_PITCHER_V2_2,250.1,9.0,7.0,5.0,4.0,0,13.27,LOW,FanDuel,570.0,True,-8,283.16900000000004,127.74355000000001,204.78415,15.43,4.94,6.79,250.1,10.43,0.14925373134328357,0.0707,0.0707,-0.078554,-7.86,D,LOW,PASS,136,125,139,149,PASS,LOW,V3.11 filter removed negative-edge official play,0.0,4.0,0,LOW
2026-06-04,2026-06-05T01:40:00+00:00,2026-06-04T21:40:00-04:00,9:40 PM,Los Angeles Dodgers vs Arizona Diamondbacks,7,Geraldo Perdomo,672695,power_roster,Arizona Diamondbacks,Justin Wrobleski,0.16,1.02,37.0,,7.1,,,0.073,0.0,0.0,0.0,1120.0,1120.0,1050.0,43.0,SMART_LINEUP_V2_1,SMART_PITCHER_V2_2,224.48,8.0,6.0,5.0,5.0,0,8.02,LOW,FanDuel,1120.0,True,0,275.1432,134.41943999999998,212.17012,8.64,9.26,8.64,224.48,9.94,0.08196721311475409,0.0704,0.0704,-0.011567,-1.16,D,LOW,PASS,147,78,140,146,PASS,LOW,V3.11 filter removed negative-edge official play,0.0,5.0,0,LOW
2026-06-04,2026-06-05T01:40:00+00:00,2026-06-04T21:40:00-04:00,9:40 PM,Los Angeles Dodgers vs Arizona Diamondbacks,8,Tommy Troy,694371,power_roster,Arizona Diamondbacks,Justin Wrobleski,0.16,1.02,37.0,,7.1,,,0.072,0.0,0.0,0.0,1120.0,1240.0,1000.0,43.0,SMART_LINEUP_V2_1,SMART_PITCHER_V2_2,224.18,8.0,6.0,5.0,5.0,0,8.02,LOW,DraftKings,1240.0,True,0,274.8612,134.29254,211.99642,8.02,8.64,8.02,224.18,9.38,0.07462686567164178,0.0696,0.0696,-0.005027,-0.5,D,LOW,PASS,148,76,141,147,PASS,LOW,V3.11 filter removed negative-edge official play,0.0,5.0,0,LOW
2026-06-04,2026-06-04T18:10:00+00:00,2026-06-04T14:10:00-04:00,2:10 PM,San Francisco Giants vs Milwaukee Brewers,2,Jackson Chourio,694192,confirmed,Milwaukee Brewers,Adrian Houser,0.181,0.89,40.1,,8.3,,,0.091,0.0,0.0,0.0,540.0,521.0,400.0,36.8,SMART_LINEUP_V2_1,SMART_PITCHER_V2_2,254.16,9.0,7.0,5.0,4.0,0,6.48,LOW,FanDuel,540.0,True,-8,283.27939999999995,125.25572999999996,202.68778999999998,16.67,1.23,5.56,254.16,8.46,0.15625,0.0672,0.0672,-0.08905,-8.91,D,LOW,PASS,134,132,143,151,PASS,LOW,V3.11 filter removed negative-edge official play,0.0,4.0,0,LOW
2026-06-04,2026-06-04T23:40:00+00:00,2026-06-04T19:40:00-04:00,7:40 PM,Kansas City Royals vs Minnesota Twins,9,Isaac Collins,686555,power_roster,Kansas City Royals,Andrew Morris,0.155,1.07,36.5,,6.9,,,0.07,0.0,0.0,0.0,650.0,610.0,800.0,45.5,SMART_LINEUP_V2_1,SMART_PITCHER_V2_2,218.82,8.0,6.0,4.0,5.0,0,5.56,LOW,BetMGM,800.0,True,0,272.0188,132.89846,211.53658,5.56,7.41,7.41,218.82,8.46,0.1111111111111111,0.0687,0.0687,-0.042411,-4.24,D,LOW,PASS,151,104,142,148,PASS,LOW,V3.11 filter removed negative-edge official play,0.0,5.0,0,LOW
2026-06-04,2026-06-05T01:40:00+00:00,2026-06-04T21:40:00-04:00,9:40 PM,Los Angeles Dodgers vs Arizona Diamondbacks,2,Will Smith,669257,power_roster,Los Angeles Dodgers,Ryne Nelson,0.177,0.92,39.7,,8.2,,,0.089,0.0,0.0,0.0,520.0,522.0,575.0,38.1,SMART_LINEUP_V2_1,SMART_PITCHER_V2_2,250.1,9.0,7.0,5.0,4.0,0,10.8,LOW,BetMGM,575.0,True,-8,280.704,125.43679999999999,201.74640000000002,13.58,2.47,4.94,250.1,8.02,0.14814814814814814,0.0669,0.0669,-0.081248,-8.12,D,LOW,PASS,139,127,144,152,PASS,LOW,V3.11 filter removed negative-edge official play,0.0,4.0,0,LOW
2026-06-04,2026-06-04T17:35:00+00:00,2026-06-04T13:35:00-04:00,1:35 PM,Baltimore Orioles vs Boston Red Sox,7,Caleb Durbin,702332,confirmed,Boston Red Sox,Trevor Rogers,0.161,0.98,37.1,,7.1,,,0.073,0.0,0.0,0.0,880.0,880.0,650.0,41.0,SMART_LINEUP_V2_1,SMART_PITCHER_V2_2,225.2,8.0,6.0,5.0,4.0,0,4.32,LOW,FanDuel,880.0,True,0,267.553,129.67884999999998,202.69355,4.94,6.79,6.17,225.2,6.67,0.10204081632653061,0.0654,0.0654,-0.036641,-3.66,D,LOW,PASS,152,98,145,150,PASS,LOW,V3.11 filter removed negative-edge official play,0.0,4.0,0,LOW
2026-06-04,2026-06-04T17:35:00+00:00,2026-06-04T13:35:00-04:00,1:35 PM,Baltimore Orioles vs Boston Red Sox,9,Connor Wong,657136,confirmed,Boston Red Sox,Trevor Rogers,0.157,0.98,36.7,,7.0,,,0.071,0.0,0.0,0.0,710.0,740.0,725.0,41.0,SMART_LINEUP_V2_1,SMART_PITCHER_V2_2,221.14,8.0,6.0,5.0,4.0,0,4.32,LOW,DraftKings,740.0,True,0,263.8726,128.02266999999998,200.39040999999997,2.78,5.86,4.01,221.14,5.09,0.11904761904761904,0.0631,0.0631,-0.055948,-5.59,D,LOW,PASS,155,115,146,153,PASS,LOW,V3.11 filter removed negative-edge official play,0.0,4.0,0,LOW
2026-06-04,2026-06-04T17:35:00+00:00,2026-06-04T13:35:00-04:00,1:35 PM,Baltimore Orioles vs Boston Red Sox,8,Carlos Narváez,665966,confirmed,Boston Red Sox,Trevor Rogers,0.157,0.98,36.7,,7.0,,,0.071,0.0,0.0,0.0,630.0,578.0,550.0,41.0,SMART_LINEUP_V2_1,SMART_PITCHER_V2_2,221.14,8.0,6.0,5.0,4.0,0,4.32,LOW,FanDuel,630.0,True,0,263.8726,128.02266999999998,200.39040999999997,2.78,5.86,4.01,221.14,5.09,0.136986301369863,0.0631,0.0631,-0.073886,-7.39,D,LOW,PASS,155,124,146,153,PASS,LOW,V3.11 filter removed negative-edge official play,0.0,4.0,0,LOW
2026-06-04,2026-06-05T01:40:00+00:00,2026-06-04T21:40:00-04:00,9:40 PM,Los Angeles Dodgers vs Arizona Diamondbacks,9,Alex Call,669743,power_roster,Los Angeles Dodgers,Ryne Nelson,0.161,0.92,37.1,,7.1,,,0.073,0.0,0.0,0.0,920.0,1060.0,,38.1,SMART_LINEUP_V2_1,SMART_PITCHER_V2_2,225.2,8.0,6.0,5.0,4.0,0,2.78,LOW,DraftKings,1060.0,True,0,265.08799999999997,127.60459999999999,199.6558,4.32,4.32,3.09,225.2,4.51,0.08620689655172414,0.0619,0.0619,-0.024307,-2.43,D,LOW,PASS,153,89,147,154,PASS,LOW,V3.11 filter removed negative-edge official play,0.0,4.0,0,LOW
2026-06-04,2026-06-04T18:10:00+00:00,2026-06-04T14:10:00-04:00,2:10 PM,San Francisco Giants vs Milwaukee Brewers,9,David Hamilton,666152,confirmed,Milwaukee Brewers,Adrian Houser,0.161,0.89,37.1,,7.1,,,0.073,0.0,0.0,0.0,980.0,900.0,725.0,36.8,SMART_LINEUP_V2_1,SMART_PITCHER_V2_2,225.2,8.0,6.0,5.0,4.0,0,1.54,LOW,FanDuel,980.0,True,0,263.98299999999995,126.53734999999999,198.29404999999997,3.7,3.7,2.47,225.2,3.39,0.09259259259259259,0.06,0.06,-0.032593,-3.26,D,LOW,PASS,154,94,148,155,PASS,LOW,V3.11 filter removed negative-edge official play,0.0,4.0,0,LOW
2026-06-04,2026-06-05T01:40:00+00:00,2026-06-04T21:40:00-04:00,9:40 PM,Los Angeles Dodgers vs Arizona Diamondbacks,7,Miguel Rojas,500743,power_roster,Los Angeles Dodgers,Ryne Nelson,0.157,0.92,36.7,,7.0,,,0.071,0.0,0.0,0.0,,,,38.1,SMART_LINEUP_V2_1,SMART_PITCHER_V2_2,221.14,8.0,6.0,5.0,4.0,0,2.78,LOW,NO_ODDS,,False,0,261.4076,125.94842,197.35266000000001,1.85,3.09,1.85,221.14,2.9,,0.0596,0.0596,0.0,0.0,D,LOW,NO ODDS,156,69,149,156,NO_ODDS,LOW,No sportsbook odds available,0.0,4.0,0,LOW
2026-06-04,2026-06-04T18:10:00+00:00,2026-06-04T14:10:00-04:00,2:10 PM,San Francisco Giants vs Milwaukee Brewers,8,Luis Rengifo,650859,confirmed,Milwaukee Brewers,Adrian Houser,0.158,0.89,36.8,,7.0,,,0.072,0.0,0.0,0.0,1200.0,1120.0,775.0,36.8,SMART_LINEUP_V2_1,SMART_PITCHER_V2_2,222.16,8.0,6.0,5.0,4.0,0,1.54,LOW,FanDuel,1200.0,True,0,261.1944,125.28247999999999,196.55803999999998,1.23,1.85,1.23,222.16,1.6,0.07692307692307693,0.0575,0.0575,-0.019423,-1.94,D,LOW,PASS,157,83,150,157,PASS,LOW,V3.11 filter removed negative-edge official play,0.0,4.0,0,LOW
2026-06-04,2026-06-04T18:10:00+00:00,2026-06-04T14:10:00-04:00,2:10 PM,San Francisco Giants vs Milwaukee Brewers,7,Sal Frelick,686217,confirmed,Milwaukee Brewers,Adrian Houser,0.155,0.89,36.5,,6.9,,,0.07,0.0,0.0,0.0,920.0,920.0,1000.0,36.8,SMART_LINEUP_V2_1,SMART_PITCHER_V2_2,218.82,8.0,6.0,4.0,4.0,0,0.62,LOW,BetMGM,1000.0,True,0,258.12379999999996,123.67070999999999,194.64832999999996,0.62,0.62,0.62,218.82,0.87,0.09090909090909091,0.0564,0.0564,-0.034509,-3.45,D,LOW,PASS,158,96,151,158,PASS,LOW,V3.11 filter removed negative-edge official play,0.0,4.0,0,LOW
