Date,Game,LineupSpot,Player,player_id,LineupSource,Team,Pitcher,ISO,Pitcher_HR9,HardHit,FlyBall,BarrelRate,ExitVelocity,LaunchAngle,RecentHRRate,ParkFactor,WindFactor,Matchup,FanDuel,DraftKings,BetMGM,PitcherVulnerability
2026-05-29,Atlanta Braves vs Cincinnati Reds,1,Chadwick Tromp,644433,active_roster,Atlanta Braves,Chris Paddack,0.18,1.2,38.0,34.0,8.0,89.0,14.0,0.1,1.0,1.0,0.65,553.0,555.0,565.0,51.25
2026-05-29,Atlanta Braves vs Cincinnati Reds,2,Sandy León,506702,active_roster,Atlanta Braves,Chris Paddack,0.18,1.2,38.0,34.0,8.0,89.0,14.0,0.1,1.0,1.0,0.65,524.0,521.0,523.0,51.25
2026-05-29,Atlanta Braves vs Cincinnati Reds,3,Matt Olson,621566,active_roster,Atlanta Braves,Chris Paddack,0.18,1.2,38.0,34.0,8.0,89.0,14.0,0.1,1.0,1.0,0.65,327.0,341.0,326.0,51.25
2026-05-29,Atlanta Braves vs Cincinnati Reds,4,Ozzie Albies,645277,active_roster,Atlanta Braves,Chris Paddack,0.18,1.2,38.0,34.0,8.0,89.0,14.0,0.1,1.0,1.0,0.65,405.0,399.0,397.0,51.25
2026-05-29,Atlanta Braves vs Cincinnati Reds,5,Austin Riley,663586,active_roster,Atlanta Braves,Chris Paddack,0.18,1.2,38.0,34.0,8.0,89.0,14.0,0.1,1.0,1.0,0.65,624.0,620.0,631.0,51.25
2026-05-29,Atlanta Braves vs Cincinnati Reds,6,Ha-Seong Kim,673490,active_roster,Atlanta Braves,Chris Paddack,0.18,1.2,38.0,34.0,8.0,89.0,14.0,0.1,1.0,1.0,0.65,505.0,500.0,508.0,51.25
2026-05-29,Atlanta Braves vs Cincinnati Reds,7,Jorge Mateo,622761,active_roster,Atlanta Braves,Chris Paddack,0.18,1.2,38.0,34.0,8.0,89.0,14.0,0.1,1.0,1.0,0.65,642.0,630.0,639.0,51.25
2026-05-29,Atlanta Braves vs Cincinnati Reds,8,Mauricio Dubón,643289,active_roster,Atlanta Braves,Chris Paddack,0.18,1.2,38.0,34.0,8.0,89.0,14.0,0.1,1.0,1.0,0.65,415.0,422.0,415.0,51.25
2026-05-29,Atlanta Braves vs Cincinnati Reds,9,Mike Yastrzemski,573262,active_roster,Atlanta Braves,Chris Paddack,0.18,1.2,38.0,34.0,8.0,89.0,14.0,0.1,1.0,1.0,0.65,400.0,413.0,396.0,51.25
2026-05-29,Atlanta Braves vs Cincinnati Reds,1,P.J. Higgins,664731,active_roster,Cincinnati Reds,Grant Holmes,0.18,1.2,38.0,34.0,8.0,89.0,14.0,0.1,1.12,1.0,0.65,457.0,466.0,471.0,51.25
2026-05-29,Atlanta Braves vs Cincinnati Reds,2,Tyler Stephenson,663886,active_roster,Cincinnati Reds,Grant Holmes,0.18,1.2,38.0,34.0,8.0,89.0,14.0,0.1,1.12,1.0,0.65,387.0,377.0,398.0,51.25
2026-05-29,Atlanta Braves vs Cincinnati Reds,3,Sal Stewart,701398,active_roster,Cincinnati Reds,Grant Holmes,0.18,1.2,38.0,34.0,8.0,89.0,14.0,0.1,1.12,1.0,0.65,493.0,478.0,491.0,51.25
2026-05-29,Atlanta Braves vs Cincinnati Reds,4,Matt McLain,680574,active_roster,Cincinnati Reds,Grant Holmes,0.18,1.2,38.0,34.0,8.0,89.0,14.0,0.1,1.12,1.0,0.65,422.0,427.0,417.0,51.25
2026-05-29,Atlanta Braves vs Cincinnati Reds,5,Elly De La Cruz,682829,active_roster,Cincinnati Reds,Grant Holmes,0.18,1.2,38.0,34.0,8.0,89.0,14.0,0.1,1.12,1.0,0.65,350.0,337.0,359.0,51.25
2026-05-29,Atlanta Braves vs Cincinnati Reds,6,JJ Bleday,668709,active_roster,Cincinnati Reds,Grant Holmes,0.18,1.2,38.0,34.0,8.0,89.0,14.0,0.1,1.12,1.0,0.65,454.0,465.0,441.0,51.25
2026-05-29,Atlanta Braves vs Cincinnati Reds,7,Spencer Steer,668715,active_roster,Cincinnati Reds,Grant Holmes,0.18,1.2,38.0,34.0,8.0,89.0,14.0,0.1,1.12,1.0,0.65,485.0,488.0,476.0,51.25
2026-05-29,Atlanta Braves vs Cincinnati Reds,8,Dane Myers,667472,active_roster,Cincinnati Reds,Grant Holmes,0.18,1.2,38.0,34.0,8.0,89.0,14.0,0.1,1.12,1.0,0.65,592.0,583.0,599.0,51.25
2026-05-29,Atlanta Braves vs Cincinnati Reds,9,TJ Friedl,670770,active_roster,Cincinnati Reds,Grant Holmes,0.18,1.2,38.0,34.0,8.0,89.0,14.0,0.1,1.12,1.0,0.65,474.0,466.0,471.0,51.25
2026-05-29,San Diego Padres vs Washington Nationals,1,Freddy Fermin,666023,active_roster,San Diego Padres,Paxton Schultz,0.18,1.2,38.0,34.0,8.0,89.0,14.0,0.1,1.0,1.0,0.65,555.0,565.0,555.0,51.25
2026-05-29,San Diego Padres vs Washington Nationals,2,Rodolfo Durán,660710,active_roster,San Diego Padres,Paxton Schultz,0.18,1.2,38.0,34.0,8.0,89.0,14.0,0.1,1.0,1.0,0.65,532.0,520.0,540.0,51.25
2026-05-29,San Diego Padres vs Washington Nationals,3,Gavin Sheets,657757,active_roster,San Diego Padres,Paxton Schultz,0.18,1.2,38.0,34.0,8.0,89.0,14.0,0.1,1.0,1.0,0.65,423.0,424.0,410.0,51.25
2026-05-29,San Diego Padres vs Washington Nationals,4,Ty France,664034,active_roster,San Diego Padres,Paxton Schultz,0.18,1.2,38.0,34.0,8.0,89.0,14.0,0.1,1.0,1.0,0.65,477.0,471.0,469.0,51.25
2026-05-29,San Diego Padres vs Washington Nationals,5,Sung-Mun Song,823550,active_roster,San Diego Padres,Paxton Schultz,0.18,1.2,38.0,34.0,8.0,89.0,14.0,0.1,1.0,1.0,0.65,353.0,341.0,363.0,51.25
2026-05-29,San Diego Padres vs Washington Nationals,6,Manny Machado,592518,active_roster,San Diego Padres,Paxton Schultz,0.18,1.2,38.0,34.0,8.0,89.0,14.0,0.1,1.0,1.0,0.65,478.0,482.0,490.0,51.25
2026-05-29,San Diego Padres vs Washington Nationals,7,Xander Bogaerts,593428,active_roster,San Diego Padres,Paxton Schultz,0.18,1.2,38.0,34.0,8.0,89.0,14.0,0.1,1.0,1.0,0.65,363.0,354.0,375.0,51.25
2026-05-29,San Diego Padres vs Washington Nationals,8,Ramón Laureano,657656,active_roster,San Diego Padres,Paxton Schultz,0.18,1.2,38.0,34.0,8.0,89.0,14.0,0.1,1.0,1.0,0.65,606.0,603.0,593.0,51.25
2026-05-29,San Diego Padres vs Washington Nationals,9,Jackson Merrill,701538,active_roster,San Diego Padres,Paxton Schultz,0.18,1.2,38.0,34.0,8.0,89.0,14.0,0.1,1.0,1.0,0.65,580.0,587.0,582.0,51.25
2026-05-29,San Diego Padres vs Washington Nationals,1,Drew Millas,686452,active_roster,Washington Nationals,Lucas Giolito,0.18,1.2,38.0,34.0,8.0,89.0,14.0,0.1,1.0,1.0,0.65,484.0,470.0,485.0,51.25
2026-05-29,San Diego Padres vs Washington Nationals,2,Keibert Ruiz,660688,active_roster,Washington Nationals,Lucas Giolito,0.18,1.2,38.0,34.0,8.0,89.0,14.0,0.1,1.0,1.0,0.65,381.0,386.0,373.0,51.25
2026-05-29,San Diego Padres vs Washington Nationals,3,Andrés Chaparro,665953,active_roster,Washington Nationals,Lucas Giolito,0.18,1.2,38.0,34.0,8.0,89.0,14.0,0.1,1.0,1.0,0.65,588.0,582.0,595.0,51.25
2026-05-29,San Diego Padres vs Washington Nationals,4,Curtis Mead,678554,active_roster,Washington Nationals,Lucas Giolito,0.18,1.2,38.0,34.0,8.0,89.0,14.0,0.1,1.0,1.0,0.65,505.0,501.0,503.0,51.25
2026-05-29,San Diego Padres vs Washington Nationals,5,Luis García Jr.,671277,active_roster,Washington Nationals,Lucas Giolito,0.18,1.2,38.0,34.0,8.0,89.0,14.0,0.1,1.0,1.0,0.65,431.0,435.0,444.0,51.25
2026-05-29,San Diego Padres vs Washington Nationals,6,Nasim Nuñez,683083,active_roster,Washington Nationals,Lucas Giolito,0.18,1.2,38.0,34.0,8.0,89.0,14.0,0.1,1.0,1.0,0.65,575.0,583.0,577.0,51.25
2026-05-29,San Diego Padres vs Washington Nationals,7,Jorbit Vivas,678391,active_roster,Washington Nationals,Lucas Giolito,0.18,1.2,38.0,34.0,8.0,89.0,14.0,0.1,1.0,1.0,0.65,602.0,597.0,607.0,51.25
2026-05-29,San Diego Padres vs Washington Nationals,8,CJ Abrams,682928,active_roster,Washington Nationals,Lucas Giolito,0.18,1.2,38.0,34.0,8.0,89.0,14.0,0.1,1.0,1.0,0.65,636.0,628.0,627.0,51.25
2026-05-29,San Diego Padres vs Washington Nationals,9,Daylen Lile,695734,active_roster,Washington Nationals,Lucas Giolito,0.18,1.2,38.0,34.0,8.0,89.0,14.0,0.1,1.0,1.0,0.65,374.0,378.0,360.0,51.25
2026-05-29,Minnesota Twins vs Pittsburgh Pirates,1,Alex Jackson,656577,active_roster,Minnesota Twins,Jared Jones,0.18,1.2,38.0,34.0,8.0,89.0,14.0,0.1,1.0,1.0,0.65,540.0,537.0,542.0,51.25
2026-05-29,Minnesota Twins vs Pittsburgh Pirates,2,Victor Caratini,605170,active_roster,Minnesota Twins,Jared Jones,0.18,1.2,38.0,34.0,8.0,89.0,14.0,0.1,1.0,1.0,0.65,594.0,582.0,590.0,51.25
2026-05-29,Minnesota Twins vs Pittsburgh Pirates,3,Kody Clemens,665019,active_roster,Minnesota Twins,Jared Jones,0.18,1.2,38.0,34.0,8.0,89.0,14.0,0.1,1.0,1.0,0.65,568.0,561.0,566.0,51.25
2026-05-29,Minnesota Twins vs Pittsburgh Pirates,4,Luke Keaschall,807712,active_roster,Minnesota Twins,Jared Jones,0.18,1.2,38.0,34.0,8.0,89.0,14.0,0.1,1.0,1.0,0.65,413.0,419.0,416.0,51.25
2026-05-29,Minnesota Twins vs Pittsburgh Pirates,5,Tristan Gray,656484,active_roster,Minnesota Twins,Jared Jones,0.18,1.2,38.0,34.0,8.0,89.0,14.0,0.1,1.0,1.0,0.65,618.0,629.0,612.0,51.25
2026-05-29,Minnesota Twins vs Pittsburgh Pirates,6,Brooks Lee,686797,active_roster,Minnesota Twins,Jared Jones,0.18,1.2,38.0,34.0,8.0,89.0,14.0,0.1,1.0,1.0,0.65,551.0,563.0,545.0,51.25
2026-05-29,Minnesota Twins vs Pittsburgh Pirates,7,Orlando Arcia,606115,active_roster,Minnesota Twins,Jared Jones,0.18,1.2,38.0,34.0,8.0,89.0,14.0,0.1,1.0,1.0,0.65,533.0,525.0,520.0,51.25
2026-05-29,Minnesota Twins vs Pittsburgh Pirates,8,Austin Martin,668885,active_roster,Minnesota Twins,Jared Jones,0.18,1.2,38.0,34.0,8.0,89.0,14.0,0.1,1.0,1.0,0.65,454.0,448.0,462.0,51.25
2026-05-29,Minnesota Twins vs Pittsburgh Pirates,9,Trevor Larnach,663616,active_roster,Minnesota Twins,Jared Jones,0.18,1.2,38.0,34.0,8.0,89.0,14.0,0.1,1.0,1.0,0.65,515.0,501.0,507.0,51.25
2026-05-29,Minnesota Twins vs Pittsburgh Pirates,1,Endy Rodríguez,682848,active_roster,Pittsburgh Pirates,Taj Bradley,0.18,1.2,38.0,34.0,8.0,89.0,14.0,0.1,1.0,1.0,0.65,531.0,537.0,534.0,51.25
2026-05-29,Minnesota Twins vs Pittsburgh Pirates,2,Henry Davis,680779,active_roster,Pittsburgh Pirates,Taj Bradley,0.18,1.2,38.0,34.0,8.0,89.0,14.0,0.1,1.0,1.0,0.65,577.0,589.0,584.0,51.25
2026-05-29,Minnesota Twins vs Pittsburgh Pirates,3,Spencer Horwitz,687462,active_roster,Pittsburgh Pirates,Taj Bradley,0.18,1.2,38.0,34.0,8.0,89.0,14.0,0.1,1.0,1.0,0.65,368.0,366.0,380.0,51.25
2026-05-29,Minnesota Twins vs Pittsburgh Pirates,4,Brandon Lowe,664040,active_roster,Pittsburgh Pirates,Taj Bradley,0.18,1.2,38.0,34.0,8.0,89.0,14.0,0.1,1.0,1.0,0.65,412.0,422.0,425.0,51.25
2026-05-29,Minnesota Twins vs Pittsburgh Pirates,5,Jared Triolo,669707,active_roster,Pittsburgh Pirates,Taj Bradley,0.18,1.2,38.0,34.0,8.0,89.0,14.0,0.1,1.0,1.0,0.65,413.0,416.0,403.0,51.25
2026-05-29,Minnesota Twins vs Pittsburgh Pirates,6,Nick Gonzales,693304,active_roster,Pittsburgh Pirates,Taj Bradley,0.18,1.2,38.0,34.0,8.0,89.0,14.0,0.1,1.0,1.0,0.65,586.0,600.0,580.0,51.25
2026-05-29,Minnesota Twins vs Pittsburgh Pirates,7,Konnor Griffin,804606,active_roster,Pittsburgh Pirates,Taj Bradley,0.18,1.2,38.0,34.0,8.0,89.0,14.0,0.1,1.0,1.0,0.65,605.0,595.0,592.0,51.25
2026-05-29,Minnesota Twins vs Pittsburgh Pirates,8,Bryan Reynolds,668804,active_roster,Pittsburgh Pirates,Taj Bradley,0.18,1.2,38.0,34.0,8.0,89.0,14.0,0.1,1.0,1.0,0.65,540.0,541.0,555.0,51.25
2026-05-29,Minnesota Twins vs Pittsburgh Pirates,9,Jake Mangum,663968,active_roster,Pittsburgh Pirates,Taj Bradley,0.18,1.2,38.0,34.0,8.0,89.0,14.0,0.1,1.0,1.0,0.65,580.0,587.0,594.0,51.25
2026-05-29,Toronto Blue Jays vs Baltimore Orioles,1,Brandon Valenzuela,678218,active_roster,Toronto Blue Jays,Trevor Rogers,0.18,1.2,38.0,34.0,8.0,89.0,14.0,0.1,1.05,1.1,0.65,637.0,623.0,648.0,51.25
2026-05-29,Toronto Blue Jays vs Baltimore Orioles,2,Tyler Heineman,623168,active_roster,Toronto Blue Jays,Trevor Rogers,0.18,1.2,38.0,34.0,8.0,89.0,14.0,0.1,1.05,1.1,0.65,417.0,406.0,417.0,51.25
2026-05-29,Toronto Blue Jays vs Baltimore Orioles,3,Vladimir Guerrero Jr.,665489,active_roster,Toronto Blue Jays,Trevor Rogers,0.18,1.2,38.0,34.0,8.0,89.0,14.0,0.1,1.05,1.1,0.65,514.0,499.0,502.0,51.25
2026-05-29,Toronto Blue Jays vs Baltimore Orioles,4,Charles McAdoo,807727,active_roster,Toronto Blue Jays,Trevor Rogers,0.18,1.2,38.0,34.0,8.0,89.0,14.0,0.1,1.05,1.1,0.65,513.0,526.0,521.0,51.25
2026-05-29,Toronto Blue Jays vs Baltimore Orioles,5,Ernie Clement,676391,active_roster,Toronto Blue Jays,Trevor Rogers,0.18,1.2,38.0,34.0,8.0,89.0,14.0,0.1,1.05,1.1,0.65,586.0,596.0,583.0,51.25
2026-05-29,Toronto Blue Jays vs Baltimore Orioles,6,Kazuma Okamoto,672960,active_roster,Toronto Blue Jays,Trevor Rogers,0.18,1.2,38.0,34.0,8.0,89.0,14.0,0.1,1.05,1.1,0.65,450.0,436.0,436.0,51.25
2026-05-29,Toronto Blue Jays vs Baltimore Orioles,7,Andrés Giménez,665926,active_roster,Toronto Blue Jays,Trevor Rogers,0.18,1.2,38.0,34.0,8.0,89.0,14.0,0.1,1.05,1.1,0.65,370.0,360.0,385.0,51.25
2026-05-29,Toronto Blue Jays vs Baltimore Orioles,8,Yohendrick Piñango,682818,active_roster,Toronto Blue Jays,Trevor Rogers,0.18,1.2,38.0,34.0,8.0,89.0,14.0,0.1,1.05,1.1,0.65,401.0,396.0,403.0,51.25
2026-05-29,Toronto Blue Jays vs Baltimore Orioles,9,Daulton Varsho,662139,active_roster,Toronto Blue Jays,Trevor Rogers,0.18,1.2,38.0,34.0,8.0,89.0,14.0,0.1,1.05,1.1,0.65,356.0,367.0,356.0,51.25
2026-05-29,Toronto Blue Jays vs Baltimore Orioles,1,Adley Rutschman,668939,active_roster,Baltimore Orioles,TBD,0.18,1.2,38.0,34.0,8.0,89.0,14.0,0.1,1.03,1.0,0.65,388.0,382.0,393.0,51.25
2026-05-29,Toronto Blue Jays vs Baltimore Orioles,2,Samuel Basallo,694212,active_roster,Baltimore Orioles,TBD,0.18,1.2,38.0,34.0,8.0,89.0,14.0,0.1,1.03,1.0,0.65,543.0,544.0,551.0,51.25
2026-05-29,Toronto Blue Jays vs Baltimore Orioles,3,Pete Alonso,624413,active_roster,Baltimore Orioles,TBD,0.18,1.2,38.0,34.0,8.0,89.0,14.0,0.1,1.03,1.0,0.65,292.0,295.0,287.0,51.25
2026-05-29,Toronto Blue Jays vs Baltimore Orioles,4,Jackson Holliday,702616,active_roster,Baltimore Orioles,TBD,0.18,1.2,38.0,34.0,8.0,89.0,14.0,0.1,1.03,1.0,0.65,410.0,401.0,407.0,51.25
2026-05-29,Toronto Blue Jays vs Baltimore Orioles,5,Jeremiah Jackson,669236,active_roster,Baltimore Orioles,TBD,0.18,1.2,38.0,34.0,8.0,89.0,14.0,0.1,1.03,1.0,0.65,417.0,424.0,410.0,51.25
2026-05-29,Toronto Blue Jays vs Baltimore Orioles,6,Blaze Alexander,677942,active_roster,Baltimore Orioles,TBD,0.18,1.2,38.0,34.0,8.0,89.0,14.0,0.1,1.03,1.0,0.65,527.0,533.0,518.0,51.25
2026-05-29,Toronto Blue Jays vs Baltimore Orioles,7,Coby Mayo,691723,active_roster,Baltimore Orioles,TBD,0.18,1.2,38.0,34.0,8.0,89.0,14.0,0.1,1.03,1.0,0.65,401.0,412.0,404.0,51.25
2026-05-29,Toronto Blue Jays vs Baltimore Orioles,8,Weston Wilson,642215,active_roster,Baltimore Orioles,TBD,0.18,1.2,38.0,34.0,8.0,89.0,14.0,0.1,1.03,1.0,0.65,648.0,647.0,650.0,51.25
2026-05-29,Toronto Blue Jays vs Baltimore Orioles,9,Gunnar Henderson,683002,active_roster,Baltimore Orioles,TBD,0.18,1.2,38.0,34.0,8.0,89.0,14.0,0.1,1.03,1.0,0.65,376.0,366.0,381.0,51.25
2026-05-29,Boston Red Sox vs Cleveland Guardians,1,Carlos Narváez,665966,active_roster,Boston Red Sox,Slade Cecconi,0.18,1.2,38.0,34.0,8.0,89.0,14.0,0.1,1.08,1.1,0.65,456.0,466.0,446.0,51.25
2026-05-29,Boston Red Sox vs Cleveland Guardians,2,Connor Wong,657136,active_roster,Boston Red Sox,Slade Cecconi,0.18,1.2,38.0,34.0,8.0,89.0,14.0,0.1,1.08,1.1,0.65,579.0,578.0,579.0,51.25
2026-05-29,Boston Red Sox vs Cleveland Guardians,3,Mickey Gasper,681508,active_roster,Boston Red Sox,Slade Cecconi,0.18,1.2,38.0,34.0,8.0,89.0,14.0,0.1,1.08,1.1,0.65,403.0,392.0,395.0,51.25
2026-05-29,Boston Red Sox vs Cleveland Guardians,4,Willson Contreras,575929,active_roster,Boston Red Sox,Slade Cecconi,0.18,1.2,38.0,34.0,8.0,89.0,14.0,0.1,1.08,1.1,0.65,525.0,539.0,510.0,51.25
2026-05-29,Boston Red Sox vs Cleveland Guardians,5,Isiah Kiner-Falefa,643396,active_roster,Boston Red Sox,Slade Cecconi,0.18,1.2,38.0,34.0,8.0,89.0,14.0,0.1,1.08,1.1,0.65,449.0,453.0,453.0,51.25
2026-05-29,Boston Red Sox vs Cleveland Guardians,6,Marcelo Mayer,691785,active_roster,Boston Red Sox,Slade Cecconi,0.18,1.2,38.0,34.0,8.0,89.0,14.0,0.1,1.08,1.1,0.65,551.0,540.0,543.0,51.25
2026-05-29,Boston Red Sox vs Cleveland Guardians,7,Caleb Durbin,702332,active_roster,Boston Red Sox,Slade Cecconi,0.18,1.2,38.0,34.0,8.0,89.0,14.0,0.1,1.08,1.1,0.65,364.0,363.0,375.0,51.25
2026-05-29,Boston Red Sox vs Cleveland Guardians,8,Nick Sogard,686765,active_roster,Boston Red Sox,Slade Cecconi,0.18,1.2,38.0,34.0,8.0,89.0,14.0,0.1,1.08,1.1,0.65,360.0,361.0,370.0,51.25
2026-05-29,Boston Red Sox vs Cleveland Guardians,9,Andruw Monasterio,655316,active_roster,Boston Red Sox,Slade Cecconi,0.18,1.2,38.0,34.0,8.0,89.0,14.0,0.1,1.08,1.1,0.65,434.0,424.0,441.0,51.25
2026-05-29,Boston Red Sox vs Cleveland Guardians,1,Austin Hedges,595978,active_roster,Cleveland Guardians,Tyler Samaniego,0.18,1.2,38.0,34.0,8.0,89.0,14.0,0.1,1.0,1.0,0.65,474.0,476.0,479.0,51.25
2026-05-29,Boston Red Sox vs Cleveland Guardians,2,Patrick Bailey,672275,active_roster,Cleveland Guardians,Tyler Samaniego,0.18,1.2,38.0,34.0,8.0,89.0,14.0,0.1,1.0,1.0,0.65,414.0,413.0,406.0,51.25
2026-05-29,Boston Red Sox vs Cleveland Guardians,3,Kyle Manzardo,700932,active_roster,Cleveland Guardians,Tyler Samaniego,0.18,1.2,38.0,34.0,8.0,89.0,14.0,0.1,1.0,1.0,0.65,382.0,374.0,369.0,51.25
2026-05-29,Boston Red Sox vs Cleveland Guardians,4,Rhys Hoskins,656555,active_roster,Cleveland Guardians,Tyler Samaniego,0.18,1.2,38.0,34.0,8.0,89.0,14.0,0.1,1.0,1.0,0.65,441.0,440.0,427.0,51.25
2026-05-29,Boston Red Sox vs Cleveland Guardians,5,Travis Bazzana,683953,active_roster,Cleveland Guardians,Tyler Samaniego,0.18,1.2,38.0,34.0,8.0,89.0,14.0,0.1,1.0,1.0,0.65,561.0,550.0,569.0,51.25
2026-05-29,Boston Red Sox vs Cleveland Guardians,6,José Ramírez,608070,active_roster,Cleveland Guardians,Tyler Samaniego,0.18,1.2,38.0,34.0,8.0,89.0,14.0,0.1,1.0,1.0,0.65,611.0,619.0,626.0,51.25
2026-05-29,Boston Red Sox vs Cleveland Guardians,7,Brayan Rocchio,677587,active_roster,Cleveland Guardians,Tyler Samaniego,0.18,1.2,38.0,34.0,8.0,89.0,14.0,0.1,1.0,1.0,0.65,555.0,551.0,548.0,51.25
2026-05-29,Boston Red Sox vs Cleveland Guardians,8,Angel Martínez,682657,active_roster,Cleveland Guardians,Tyler Samaniego,0.18,1.2,38.0,34.0,8.0,89.0,14.0,0.1,1.0,1.0,0.65,646.0,654.0,652.0,51.25
2026-05-29,Boston Red Sox vs Cleveland Guardians,9,Daniel Schneemann,682177,active_roster,Cleveland Guardians,Tyler Samaniego,0.18,1.2,38.0,34.0,8.0,89.0,14.0,0.1,1.0,1.0,0.65,417.0,419.0,421.0,51.25
2026-05-29,Los Angeles Angels vs Tampa Bay Rays,1,Logan O'Hoppe,681351,active_roster,Los Angeles Angels,Nick Martinez,0.22,1.2,42.0,37.0,11.4,91.1,17.2,0.16,1.0,1.0,0.7,606.0,612.0,611.0,51.25
2026-05-29,Los Angeles Angels vs Tampa Bay Rays,2,Sebastián Rivero,665861,active_roster,Los Angeles Angels,Nick Martinez,0.18,1.2,38.0,34.0,8.0,89.0,14.0,0.1,1.0,1.0,0.65,412.0,399.0,414.0,51.25
2026-05-29,Los Angeles Angels vs Tampa Bay Rays,3,Adam Frazier,624428,active_roster,Los Angeles Angels,Nick Martinez,0.18,1.2,38.0,34.0,8.0,89.0,14.0,0.1,1.0,1.0,0.65,486.0,489.0,481.0,51.25
2026-05-29,Los Angeles Angels vs Tampa Bay Rays,4,Donovan Walton,622268,active_roster,Los Angeles Angels,Nick Martinez,0.18,1.2,38.0,34.0,8.0,89.0,14.0,0.1,1.0,1.0,0.65,364.0,358.0,367.0,51.25
2026-05-29,Los Angeles Angels vs Tampa Bay Rays,5,Oswald Peraza,672724,active_roster,Los Angeles Angels,Nick Martinez,0.18,1.2,38.0,34.0,8.0,89.0,14.0,0.1,1.0,1.0,0.65,402.0,399.0,408.0,51.25
2026-05-29,Los Angeles Angels vs Tampa Bay Rays,6,Vaughn Grissom,687093,active_roster,Los Angeles Angels,Nick Martinez,0.18,1.2,38.0,34.0,8.0,89.0,14.0,0.1,1.0,1.0,0.65,503.0,515.0,494.0,51.25
2026-05-29,Los Angeles Angels vs Tampa Bay Rays,7,Nick Madrigal,663611,active_roster,Los Angeles Angels,Nick Martinez,0.18,1.2,38.0,34.0,8.0,89.0,14.0,0.1,1.0,1.0,0.65,447.0,459.0,445.0,51.25
2026-05-29,Los Angeles Angels vs Tampa Bay Rays,8,Zach Neto,687263,active_roster,Los Angeles Angels,Nick Martinez,0.21,1.2,40.0,34.0,8.9,89.5,15.2,0.13,1.0,1.0,0.68,558.0,573.0,555.0,51.25
2026-05-29,Los Angeles Angels vs Tampa Bay Rays,9,Jose Siri,642350,active_roster,Los Angeles Angels,Nick Martinez,0.18,1.2,38.0,34.0,8.0,89.0,14.0,0.1,1.0,1.0,0.65,479.0,478.0,491.0,51.25
2026-05-29,Los Angeles Angels vs Tampa Bay Rays,1,Hunter Feduccia,676439,active_roster,Tampa Bay Rays,Walbert Ureña,0.18,1.2,38.0,34.0,8.0,89.0,14.0,0.1,1.0,1.0,0.65,364.0,361.0,361.0,51.25
2026-05-29,Los Angeles Angels vs Tampa Bay Rays,2,Nick Fortes,663743,active_roster,Tampa Bay Rays,Walbert Ureña,0.18,1.2,38.0,34.0,8.0,89.0,14.0,0.1,1.0,1.0,0.65,546.0,548.0,535.0,51.25
2026-05-29,Los Angeles Angels vs Tampa Bay Rays,3,Jonathan Aranda,666018,active_roster,Tampa Bay Rays,Walbert Ureña,0.18,1.2,38.0,34.0,8.0,89.0,14.0,0.1,1.0,1.0,0.65,486.0,479.0,482.0,51.25
2026-05-29,Los Angeles Angels vs Tampa Bay Rays,4,Richie Palacios,680700,active_roster,Tampa Bay Rays,Walbert Ureña,0.18,1.2,38.0,34.0,8.0,89.0,14.0,0.1,1.0,1.0,0.65,588.0,577.0,584.0,51.25
2026-05-29,Los Angeles Angels vs Tampa Bay Rays,5,Junior Caminero,691406,active_roster,Tampa Bay Rays,Walbert Ureña,0.18,1.2,38.0,34.0,8.0,89.0,14.0,0.1,1.0,1.0,0.65,608.0,604.0,612.0,51.25
2026-05-29,Los Angeles Angels vs Tampa Bay Rays,6,Oliver Dunn,686554,active_roster,Tampa Bay Rays,Walbert Ureña,0.18,1.2,38.0,34.0,8.0,89.0,14.0,0.1,1.0,1.0,0.65,527.0,533.0,521.0,51.25
2026-05-29,Los Angeles Angels vs Tampa Bay Rays,7,Carson Williams,700246,active_roster,Tampa Bay Rays,Walbert Ureña,0.18,1.2,38.0,34.0,8.0,89.0,14.0,0.1,1.0,1.0,0.65,427.0,422.0,429.0,51.25
2026-05-29,Los Angeles Angels vs Tampa Bay Rays,8,Taylor Walls,670764,active_roster,Tampa Bay Rays,Walbert Ureña,0.18,1.2,38.0,34.0,8.0,89.0,14.0,0.1,1.0,1.0,0.65,508.0,514.0,502.0,51.25
2026-05-29,Los Angeles Angels vs Tampa Bay Rays,9,Chandler Simpson,802415,active_roster,Tampa Bay Rays,Walbert Ureña,0.18,1.2,38.0,34.0,8.0,89.0,14.0,0.1,1.0,1.0,0.65,637.0,644.0,624.0,51.25
2026-05-29,Miami Marlins vs New York Mets,1,Joe Mack,691788,active_roster,Miami Marlins,Freddy Peralta,0.18,1.2,38.0,34.0,8.0,89.0,14.0,0.1,1.0,1.0,0.65,527.0,533.0,531.0,51.25
2026-05-29,Miami Marlins vs New York Mets,2,Liam Hicks,689414,active_roster,Miami Marlins,Freddy Peralta,0.18,1.2,38.0,34.0,8.0,89.0,14.0,0.1,1.0,1.0,0.65,465.0,463.0,463.0,51.25
2026-05-29,Miami Marlins vs New York Mets,3,Christopher Morel,666624,active_roster,Miami Marlins,Freddy Peralta,0.18,1.2,38.0,34.0,8.0,89.0,14.0,0.1,1.0,1.0,0.65,442.0,434.0,438.0,51.25
2026-05-29,Miami Marlins vs New York Mets,4,Connor Norby,681393,active_roster,Miami Marlins,Freddy Peralta,0.18,1.2,38.0,34.0,8.0,89.0,14.0,0.1,1.0,1.0,0.65,446.0,439.0,458.0,51.25
2026-05-29,Miami Marlins vs New York Mets,5,Xavier Edwards,669364,active_roster,Miami Marlins,Freddy Peralta,0.26,1.2,47.0,42.0,14.0,92.5,18.0,0.22,1.0,1.0,0.78,530.0,516.0,530.0,51.25
2026-05-29,Miami Marlins vs New York Mets,6,Graham Pauley,688363,active_roster,Miami Marlins,Freddy Peralta,0.18,1.2,38.0,34.0,8.0,89.0,14.0,0.1,1.0,1.0,0.65,483.0,475.0,469.0,51.25
2026-05-29,Miami Marlins vs New York Mets,7,Javier Sanoja,691594,active_roster,Miami Marlins,Freddy Peralta,0.18,1.2,38.0,34.0,8.0,89.0,14.0,0.1,1.0,1.0,0.65,430.0,416.0,436.0,51.25
2026-05-29,Miami Marlins vs New York Mets,8,Otto Lopez,672640,active_roster,Miami Marlins,Freddy Peralta,0.12,1.3,31.0,24.0,4.0,86.0,9.0,0.04,1.0,1.0,0.52,414.0,427.0,428.0,51.25
2026-05-29,Miami Marlins vs New York Mets,9,Heriberto Hernández,681715,active_roster,Miami Marlins,Freddy Peralta,0.18,1.2,38.0,34.0,8.0,89.0,14.0,0.1,1.0,1.0,0.65,383.0,391.0,383.0,51.25
2026-05-29,Miami Marlins vs New York Mets,1,Hayden Senger,663584,active_roster,New York Mets,Max Meyer,0.18,1.2,38.0,34.0,8.0,89.0,14.0,0.1,1.0,1.0,0.65,413.0,403.0,421.0,51.25
2026-05-29,Miami Marlins vs New York Mets,2,Luis Torrens,620443,active_roster,New York Mets,Max Meyer,0.18,1.2,38.0,34.0,8.0,89.0,14.0,0.1,1.0,1.0,0.65,550.0,549.0,565.0,51.25
2026-05-29,Miami Marlins vs New York Mets,3,Eric Wagaman,676572,active_roster,New York Mets,Max Meyer,0.18,1.2,38.0,34.0,8.0,89.0,14.0,0.1,1.0,1.0,0.65,562.0,557.0,549.0,51.25
2026-05-29,Miami Marlins vs New York Mets,4,Jared Young,676724,active_roster,New York Mets,Max Meyer,0.18,1.2,38.0,34.0,8.0,89.0,14.0,0.1,1.0,1.0,0.65,643.0,648.0,645.0,51.25
2026-05-29,Miami Marlins vs New York Mets,5,Mark Vientos,668901,active_roster,New York Mets,Max Meyer,0.18,1.2,38.0,34.0,8.0,89.0,14.0,0.1,1.0,1.0,0.65,516.0,522.0,512.0,51.25
2026-05-29,Miami Marlins vs New York Mets,6,Marcus Semien,543760,active_roster,New York Mets,Max Meyer,0.18,1.2,38.0,34.0,8.0,89.0,14.0,0.1,1.0,1.0,0.65,524.0,527.0,521.0,51.25
2026-05-29,Miami Marlins vs New York Mets,7,Bo Bichette,666182,active_roster,New York Mets,Max Meyer,0.18,1.2,38.0,34.0,8.0,89.0,14.0,0.1,1.0,1.0,0.65,452.0,446.0,457.0,51.25
2026-05-29,Miami Marlins vs New York Mets,8,Brett Baty,683146,active_roster,New York Mets,Max Meyer,0.18,1.2,38.0,34.0,8.0,89.0,14.0,0.1,1.0,1.0,0.65,552.0,539.0,538.0,51.25
2026-05-29,Miami Marlins vs New York Mets,9,Vidal Bruján,660644,active_roster,New York Mets,Max Meyer,0.18,1.2,38.0,34.0,8.0,89.0,14.0,0.1,1.0,1.0,0.65,617.0,606.0,614.0,51.25
2026-05-29,Chicago Cubs vs St. Louis Cardinals,1,Carson Kelly,608348,active_roster,Chicago Cubs,Andre Pallante,0.18,1.2,38.0,34.0,8.0,89.0,14.0,0.1,1.0,1.0,0.65,385.0,398.0,373.0,51.25
2026-05-29,Chicago Cubs vs St. Louis Cardinals,2,Miguel Amaya,665804,active_roster,Chicago Cubs,Andre Pallante,0.18,1.2,38.0,34.0,8.0,89.0,14.0,0.1,1.0,1.0,0.65,517.0,519.0,506.0,51.25
2026-05-29,Chicago Cubs vs St. Louis Cardinals,3,Michael Busch,683737,active_roster,Chicago Cubs,Andre Pallante,0.18,1.2,38.0,34.0,8.0,89.0,14.0,0.1,1.0,1.0,0.65,640.0,634.0,649.0,51.25
2026-05-29,Chicago Cubs vs St. Louis Cardinals,4,Nico Hoerner,663538,active_roster,Chicago Cubs,Andre Pallante,0.18,1.2,38.0,34.0,8.0,89.0,14.0,0.1,1.0,1.0,0.65,507.0,519.0,510.0,51.25
2026-05-29,Chicago Cubs vs St. Louis Cardinals,5,Pedro Ramírez,699393,active_roster,Chicago Cubs,Andre Pallante,0.18,1.2,38.0,34.0,8.0,89.0,14.0,0.1,1.0,1.0,0.65,387.0,390.0,401.0,51.25
2026-05-29,Chicago Cubs vs St. Louis Cardinals,6,Alex Bregman,608324,active_roster,Chicago Cubs,Andre Pallante,0.18,1.2,38.0,34.0,8.0,89.0,14.0,0.1,1.0,1.0,0.65,624.0,613.0,636.0,51.25
2026-05-29,Chicago Cubs vs St. Louis Cardinals,7,Dansby Swanson,621020,active_roster,Chicago Cubs,Andre Pallante,0.18,1.2,38.0,34.0,8.0,89.0,14.0,0.1,1.0,1.0,0.65,525.0,521.0,523.0,51.25
2026-05-29,Chicago Cubs vs St. Louis Cardinals,8,Ian Happ,664023,active_roster,Chicago Cubs,Andre Pallante,0.18,1.2,38.0,34.0,8.0,89.0,14.0,0.1,1.0,1.0,0.65,436.0,442.0,435.0,51.25
2026-05-29,Chicago Cubs vs St. Louis Cardinals,9,Pete Crow-Armstrong,691718,active_roster,Chicago Cubs,Andre Pallante,0.18,1.2,38.0,34.0,8.0,89.0,14.0,0.1,1.0,1.0,0.65,580.0,593.0,572.0,51.25
2026-05-29,Chicago Cubs vs St. Louis Cardinals,1,Pedro Pagés,686780,active_roster,St. Louis Cardinals,Shota Imanaga,0.18,1.2,38.0,34.0,8.0,89.0,14.0,0.1,1.0,1.0,0.65,592.0,593.0,591.0,51.25
2026-05-29,Chicago Cubs vs St. Louis Cardinals,2,Yohel Pozo,650968,active_roster,St. Louis Cardinals,Shota Imanaga,0.18,1.2,38.0,34.0,8.0,89.0,14.0,0.1,1.0,1.0,0.65,488.0,493.0,501.0,51.25
2026-05-29,Chicago Cubs vs St. Louis Cardinals,3,Alec Burleson,676475,active_roster,St. Louis Cardinals,Shota Imanaga,0.18,1.2,38.0,34.0,8.0,89.0,14.0,0.1,1.0,1.0,0.65,468.0,462.0,477.0,51.25
2026-05-29,Chicago Cubs vs St. Louis Cardinals,4,JJ Wetherholt,802139,active_roster,St. Louis Cardinals,Shota Imanaga,0.18,1.2,38.0,34.0,8.0,89.0,14.0,0.1,1.0,1.0,0.65,638.0,638.0,631.0,51.25
2026-05-29,Chicago Cubs vs St. Louis Cardinals,5,César Prieto,693409,active_roster,St. Louis Cardinals,Shota Imanaga,0.18,1.2,38.0,34.0,8.0,89.0,14.0,0.1,1.0,1.0,0.65,635.0,638.0,646.0,51.25
2026-05-29,Chicago Cubs vs St. Louis Cardinals,6,Nolan Gorman,669357,active_roster,St. Louis Cardinals,Shota Imanaga,0.18,1.2,38.0,34.0,8.0,89.0,14.0,0.1,1.0,1.0,0.65,373.0,369.0,373.0,51.25
2026-05-29,Chicago Cubs vs St. Louis Cardinals,7,Masyn Winn,691026,active_roster,St. Louis Cardinals,Shota Imanaga,0.18,1.2,38.0,34.0,8.0,89.0,14.0,0.1,1.0,1.0,0.65,542.0,551.0,548.0,51.25
2026-05-29,Chicago Cubs vs St. Louis Cardinals,8,José Fermín,665877,active_roster,St. Louis Cardinals,Shota Imanaga,0.18,1.2,38.0,34.0,8.0,89.0,14.0,0.1,1.0,1.0,0.65,396.0,396.0,385.0,51.25
2026-05-29,Chicago Cubs vs St. Louis Cardinals,9,Thomas Saggese,695336,active_roster,St. Louis Cardinals,Shota Imanaga,0.18,1.2,38.0,34.0,8.0,89.0,14.0,0.1,1.0,1.0,0.65,541.0,530.0,532.0,51.25
2026-05-29,Detroit Tigers vs Chicago White Sox,1,Dillon Dingler,693307,active_roster,Detroit Tigers,Erick Fedde,0.18,1.2,38.0,34.0,8.0,89.0,14.0,0.1,0.98,1.0,0.65,379.0,384.0,382.0,51.25
2026-05-29,Detroit Tigers vs Chicago White Sox,2,Jake Rogers,668670,active_roster,Detroit Tigers,Erick Fedde,0.18,1.2,38.0,34.0,8.0,89.0,14.0,0.1,0.98,1.0,0.65,648.0,657.0,637.0,51.25
2026-05-29,Detroit Tigers vs Chicago White Sox,3,Spencer Torkelson,679529,active_roster,Detroit Tigers,Erick Fedde,0.18,1.2,38.0,34.0,8.0,89.0,14.0,0.1,0.98,1.0,0.65,514.0,510.0,524.0,51.25
2026-05-29,Detroit Tigers vs Chicago White Sox,4,Hao-Yu  Lee,701678,active_roster,Detroit Tigers,Erick Fedde,0.18,1.2,38.0,34.0,8.0,89.0,14.0,0.1,0.98,1.0,0.65,448.0,454.0,453.0,51.25
2026-05-29,Detroit Tigers vs Chicago White Sox,5,Zach McKinstry,656716,active_roster,Detroit Tigers,Erick Fedde,0.18,1.2,38.0,34.0,8.0,89.0,14.0,0.1,0.98,1.0,0.65,470.0,456.0,461.0,51.25
2026-05-29,Detroit Tigers vs Chicago White Sox,6,Colt Keith,690993,active_roster,Detroit Tigers,Erick Fedde,0.18,1.2,38.0,34.0,8.0,89.0,14.0,0.1,0.98,1.0,0.65,432.0,438.0,440.0,51.25
2026-05-29,Detroit Tigers vs Chicago White Sox,7,Gage Workman,669398,active_roster,Detroit Tigers,Erick Fedde,0.18,1.2,38.0,34.0,8.0,89.0,14.0,0.1,0.98,1.0,0.65,530.0,540.0,545.0,51.25
2026-05-29,Detroit Tigers vs Chicago White Sox,8,Kevin McGonigle,805808,active_roster,Detroit Tigers,Erick Fedde,0.18,1.2,38.0,34.0,8.0,89.0,14.0,0.1,0.98,1.0,0.65,422.0,432.0,427.0,51.25
2026-05-29,Detroit Tigers vs Chicago White Sox,9,Zack Short,670097,active_roster,Detroit Tigers,Erick Fedde,0.18,1.2,38.0,34.0,8.0,89.0,14.0,0.1,0.98,1.0,0.65,395.0,391.0,396.0,51.25
2026-05-29,Detroit Tigers vs Chicago White Sox,1,Drew Romo,691011,active_roster,Chicago White Sox,Troy Melton,0.18,1.2,38.0,34.0,8.0,89.0,14.0,0.1,1.0,1.0,0.65,499.0,502.0,511.0,51.25
2026-05-29,Detroit Tigers vs Chicago White Sox,2,Edgar Quero,700337,active_roster,Chicago White Sox,Troy Melton,0.18,1.2,38.0,34.0,8.0,89.0,14.0,0.1,1.0,1.0,0.65,556.0,549.0,542.0,51.25
2026-05-29,Detroit Tigers vs Chicago White Sox,3,Munetaka Murakami,808959,active_roster,Chicago White Sox,Troy Melton,0.18,1.2,38.0,34.0,8.0,89.0,14.0,0.1,1.0,1.0,0.65,367.0,368.0,365.0,51.25
2026-05-29,Detroit Tigers vs Chicago White Sox,4,Chase Meidroth,805367,active_roster,Chicago White Sox,Troy Melton,0.18,1.2,38.0,34.0,8.0,89.0,14.0,0.1,1.0,1.0,0.65,628.0,634.0,635.0,51.25
2026-05-29,Detroit Tigers vs Chicago White Sox,5,Miguel Vargas,678246,active_roster,Chicago White Sox,Troy Melton,0.18,1.2,38.0,34.0,8.0,89.0,14.0,0.1,1.0,1.0,0.65,543.0,555.0,547.0,51.25
2026-05-29,Detroit Tigers vs Chicago White Sox,6,Colson Montgomery,695657,active_roster,Chicago White Sox,Troy Melton,0.18,1.2,38.0,34.0,8.0,89.0,14.0,0.1,1.0,1.0,0.65,392.0,385.0,389.0,51.25
2026-05-29,Detroit Tigers vs Chicago White Sox,7,Sam Antonacci,803011,active_roster,Chicago White Sox,Troy Melton,0.18,1.2,38.0,34.0,8.0,89.0,14.0,0.1,1.0,1.0,0.65,562.0,555.0,547.0,51.25
2026-05-29,Detroit Tigers vs Chicago White Sox,8,Luisangel Acuña,682668,active_roster,Chicago White Sox,Troy Melton,0.18,1.2,38.0,34.0,8.0,89.0,14.0,0.1,1.0,1.0,0.65,432.0,425.0,428.0,51.25
2026-05-29,Detroit Tigers vs Chicago White Sox,9,Tristan Peters,671976,active_roster,Chicago White Sox,Troy Melton,0.18,1.2,38.0,34.0,8.0,89.0,14.0,0.1,1.0,1.0,0.65,440.0,438.0,445.0,51.25
2026-05-29,Kansas City Royals vs Texas Rangers,1,Carter Jensen,695600,active_roster,Kansas City Royals,MacKenzie Gore,0.18,1.2,38.0,34.0,8.0,89.0,14.0,0.1,1.0,1.0,0.65,568.0,564.0,574.0,51.25
2026-05-29,Kansas City Royals vs Texas Rangers,2,Salvador Perez,521692,active_roster,Kansas City Royals,MacKenzie Gore,0.18,1.2,38.0,34.0,8.0,89.0,14.0,0.1,1.0,1.0,0.65,375.0,388.0,364.0,51.25
2026-05-29,Kansas City Royals vs Texas Rangers,3,Vinnie Pasquantino,686469,active_roster,Kansas City Royals,MacKenzie Gore,0.18,1.2,38.0,34.0,8.0,89.0,14.0,0.1,1.0,1.0,0.65,416.0,423.0,424.0,51.25
2026-05-29,Kansas City Royals vs Texas Rangers,4,Michael Massey,686681,active_roster,Kansas City Royals,MacKenzie Gore,0.18,1.2,38.0,34.0,8.0,89.0,14.0,0.1,1.0,1.0,0.65,449.0,438.0,453.0,51.25
2026-05-29,Kansas City Royals vs Texas Rangers,5,Nick Loftin,679845,active_roster,Kansas City Royals,MacKenzie Gore,0.18,1.2,38.0,34.0,8.0,89.0,14.0,0.1,1.0,1.0,0.65,472.0,472.0,484.0,51.25
2026-05-29,Kansas City Royals vs Texas Rangers,6,Tyler Tolbert,686475,active_roster,Kansas City Royals,MacKenzie Gore,0.18,1.2,38.0,34.0,8.0,89.0,14.0,0.1,1.0,1.0,0.65,354.0,346.0,358.0,51.25
2026-05-29,Kansas City Royals vs Texas Rangers,7,Maikel Garcia,672580,active_roster,Kansas City Royals,MacKenzie Gore,0.18,1.2,38.0,34.0,8.0,89.0,14.0,0.1,1.0,1.0,0.65,461.0,447.0,473.0,51.25
2026-05-29,Kansas City Royals vs Texas Rangers,8,Bobby Witt Jr.,677951,active_roster,Kansas City Royals,MacKenzie Gore,0.18,1.2,38.0,34.0,8.0,89.0,14.0,0.1,1.0,1.0,0.65,438.0,431.0,452.0,51.25
2026-05-29,Kansas City Royals vs Texas Rangers,9,Isaac Collins,686555,active_roster,Kansas City Royals,MacKenzie Gore,0.18,1.2,38.0,34.0,8.0,89.0,14.0,0.1,1.0,1.0,0.65,486.0,499.0,482.0,51.25
2026-05-29,Kansas City Royals vs Texas Rangers,1,Danny Jansen,643376,active_roster,Texas Rangers,Stephen Kolek,0.18,1.2,38.0,34.0,8.0,89.0,14.0,0.1,1.06,1.05,0.65,395.0,384.0,389.0,51.25
2026-05-29,Kansas City Royals vs Texas Rangers,2,Kyle Higashioka,543309,active_roster,Texas Rangers,Stephen Kolek,0.18,1.2,38.0,34.0,8.0,89.0,14.0,0.1,1.06,1.05,0.65,404.0,414.0,402.0,51.25
2026-05-29,Kansas City Royals vs Texas Rangers,3,Jake Burger,669394,active_roster,Texas Rangers,Stephen Kolek,0.18,1.2,38.0,34.0,8.0,89.0,14.0,0.1,1.06,1.05,0.65,523.0,510.0,538.0,51.25
2026-05-29,Kansas City Royals vs Texas Rangers,4,Ezequiel Duran,677649,active_roster,Texas Rangers,Stephen Kolek,0.18,1.2,38.0,34.0,8.0,89.0,14.0,0.1,1.06,1.05,0.65,519.0,532.0,520.0,51.25
2026-05-29,Kansas City Royals vs Texas Rangers,5,Justin Foscue,679822,active_roster,Texas Rangers,Stephen Kolek,0.18,1.2,38.0,34.0,8.0,89.0,14.0,0.1,1.06,1.05,0.65,394.0,382.0,396.0,51.25
2026-05-29,Kansas City Royals vs Texas Rangers,6,Nicky Lopez,670032,active_roster,Texas Rangers,Stephen Kolek,0.18,1.2,38.0,34.0,8.0,89.0,14.0,0.1,1.06,1.05,0.65,418.0,424.0,432.0,51.25
2026-05-29,Kansas City Royals vs Texas Rangers,7,Josh Jung,673962,active_roster,Texas Rangers,Stephen Kolek,0.18,1.2,38.0,34.0,8.0,89.0,14.0,0.1,1.06,1.05,0.65,610.0,612.0,623.0,51.25
2026-05-29,Kansas City Royals vs Texas Rangers,8,Alejandro Osuna,696030,active_roster,Texas Rangers,Stephen Kolek,0.18,1.2,38.0,34.0,8.0,89.0,14.0,0.1,1.06,1.05,0.65,425.0,429.0,424.0,51.25
2026-05-29,Kansas City Royals vs Texas Rangers,9,Sam Haggerty,664059,active_roster,Texas Rangers,Stephen Kolek,0.18,1.2,38.0,34.0,8.0,89.0,14.0,0.1,1.06,1.05,0.65,463.0,476.0,466.0,51.25
2026-05-29,Milwaukee Brewers vs Houston Astros,1,William Contreras,661388,active_roster,Milwaukee Brewers,Kai-Wei Teng,0.18,1.2,38.0,34.0,8.0,89.0,14.0,0.1,1.04,1.0,0.65,631.0,623.0,627.0,51.25
2026-05-29,Milwaukee Brewers vs Houston Astros,2,Andrew Vaughn,683734,active_roster,Milwaukee Brewers,Kai-Wei Teng,0.18,1.2,38.0,34.0,8.0,89.0,14.0,0.1,1.04,1.0,0.65,382.0,375.0,369.0,51.25
2026-05-29,Milwaukee Brewers vs Houston Astros,3,Jake Bauers,641343,active_roster,Milwaukee Brewers,Kai-Wei Teng,0.18,1.2,38.0,34.0,8.0,89.0,14.0,0.1,1.04,1.0,0.65,527.0,520.0,518.0,51.25
2026-05-29,Milwaukee Brewers vs Houston Astros,4,Brice Turang,668930,active_roster,Milwaukee Brewers,Kai-Wei Teng,0.18,1.2,38.0,34.0,8.0,89.0,14.0,0.1,1.04,1.0,0.65,466.0,452.0,459.0,51.25
2026-05-29,Milwaukee Brewers vs Houston Astros,5,Luis Rengifo,650859,active_roster,Milwaukee Brewers,Kai-Wei Teng,0.18,1.3,36.0,31.0,6.2,88.1,12.4,0.09,1.04,1.0,0.62,597.0,606.0,596.0,51.25
2026-05-29,Milwaukee Brewers vs Houston Astros,6,David Hamilton,666152,active_roster,Milwaukee Brewers,Kai-Wei Teng,0.18,1.2,38.0,34.0,8.0,89.0,14.0,0.1,1.04,1.0,0.65,559.0,569.0,556.0,51.25
2026-05-29,Milwaukee Brewers vs Houston Astros,7,Joey Ortiz,687401,active_roster,Milwaukee Brewers,Kai-Wei Teng,0.18,1.2,38.0,34.0,8.0,89.0,14.0,0.1,1.04,1.0,0.65,379.0,378.0,374.0,51.25
2026-05-29,Milwaukee Brewers vs Houston Astros,8,Jackson Chourio,694192,active_roster,Milwaukee Brewers,Kai-Wei Teng,0.18,1.2,38.0,34.0,8.0,89.0,14.0,0.1,1.04,1.0,0.65,426.0,421.0,411.0,51.25
2026-05-29,Milwaukee Brewers vs Houston Astros,9,Blake Perkins,663368,active_roster,Milwaukee Brewers,Kai-Wei Teng,0.18,1.2,38.0,34.0,8.0,89.0,14.0,0.1,1.04,1.0,0.65,457.0,464.0,455.0,51.25
2026-05-29,Milwaukee Brewers vs Houston Astros,1,Christian Vázquez,543877,active_roster,Houston Astros,Coleman Crow,0.18,1.2,38.0,34.0,8.0,89.0,14.0,0.1,1.0,1.0,0.65,540.0,532.0,547.0,51.25
2026-05-29,Milwaukee Brewers vs Houston Astros,2,César Salazar,663967,active_roster,Houston Astros,Coleman Crow,0.18,1.2,38.0,34.0,8.0,89.0,14.0,0.1,1.0,1.0,0.65,351.0,342.0,350.0,51.25
2026-05-29,Milwaukee Brewers vs Houston Astros,3,Christian Walker,572233,active_roster,Houston Astros,Coleman Crow,0.18,1.2,38.0,34.0,8.0,89.0,14.0,0.1,1.0,1.0,0.65,379.0,390.0,374.0,51.25
2026-05-29,Milwaukee Brewers vs Houston Astros,4,Isaac Paredes,670623,active_roster,Houston Astros,Coleman Crow,0.18,1.2,38.0,34.0,8.0,89.0,14.0,0.1,1.0,1.0,0.65,369.0,369.0,383.0,51.25
2026-05-29,Milwaukee Brewers vs Houston Astros,5,Braden Shewmake,669699,active_roster,Houston Astros,Coleman Crow,0.18,1.2,38.0,34.0,8.0,89.0,14.0,0.1,1.0,1.0,0.65,377.0,390.0,386.0,51.25
2026-05-29,Milwaukee Brewers vs Houston Astros,6,Jeremy Peña,665161,active_roster,Houston Astros,Coleman Crow,0.18,1.2,38.0,34.0,8.0,89.0,14.0,0.1,1.0,1.0,0.65,642.0,651.0,633.0,51.25
2026-05-29,Milwaukee Brewers vs Houston Astros,7,Nick Allen,669397,active_roster,Houston Astros,Coleman Crow,0.18,1.2,38.0,34.0,8.0,89.0,14.0,0.1,1.0,1.0,0.65,622.0,629.0,633.0,51.25
2026-05-29,Milwaukee Brewers vs Houston Astros,8,Zach Dezenzo,701305,active_roster,Houston Astros,Coleman Crow,0.18,1.2,38.0,34.0,8.0,89.0,14.0,0.1,1.0,1.0,0.65,443.0,438.0,439.0,51.25
2026-05-29,Milwaukee Brewers vs Houston Astros,9,Brice Matthews,694728,active_roster,Houston Astros,Coleman Crow,0.18,1.2,38.0,34.0,8.0,89.0,14.0,0.1,1.0,1.0,0.65,536.0,536.0,536.0,51.25
2026-05-29,San Francisco Giants vs Colorado Rockies,1,Daniel Susac,691740,active_roster,San Francisco Giants,Michael Lorenzen,0.18,1.2,38.0,34.0,8.0,89.0,14.0,0.1,1.0,1.0,0.65,431.0,424.0,422.0,51.25
2026-05-29,San Francisco Giants vs Colorado Rockies,2,Eric Haase,606992,active_roster,San Francisco Giants,Michael Lorenzen,0.18,1.2,38.0,34.0,8.0,89.0,14.0,0.1,1.0,1.0,0.65,515.0,525.0,527.0,51.25
2026-05-29,San Francisco Giants vs Colorado Rockies,3,Jesus Rodriguez,683679,active_roster,San Francisco Giants,Michael Lorenzen,0.18,1.2,38.0,34.0,8.0,89.0,14.0,0.1,1.0,1.0,0.65,427.0,431.0,434.0,51.25
2026-05-29,San Francisco Giants vs Colorado Rockies,4,Rafael Devers,646240,active_roster,San Francisco Giants,Michael Lorenzen,0.18,1.2,38.0,34.0,8.0,89.0,14.0,0.1,1.0,1.0,0.65,495.0,509.0,494.0,51.25
2026-05-29,San Francisco Giants vs Colorado Rockies,5,Luis Arraez,650333,active_roster,San Francisco Giants,Michael Lorenzen,0.18,1.2,38.0,34.0,8.0,89.0,14.0,0.1,1.0,1.0,0.65,582.0,582.0,581.0,51.25
2026-05-29,San Francisco Giants vs Colorado Rockies,6,Matt Chapman,656305,active_roster,San Francisco Giants,Michael Lorenzen,0.18,1.2,38.0,34.0,8.0,89.0,14.0,0.1,1.0,1.0,0.65,356.0,364.0,353.0,51.25
2026-05-29,San Francisco Giants vs Colorado Rockies,7,Willy Adames,642715,active_roster,San Francisco Giants,Michael Lorenzen,0.18,1.2,38.0,34.0,8.0,89.0,14.0,0.1,1.0,1.0,0.65,457.0,442.0,450.0,51.25
2026-05-29,San Francisco Giants vs Colorado Rockies,8,Drew Gilbert,687551,active_roster,San Francisco Giants,Michael Lorenzen,0.18,1.2,38.0,34.0,8.0,89.0,14.0,0.1,1.0,1.0,0.65,582.0,581.0,578.0,51.25
2026-05-29,San Francisco Giants vs Colorado Rockies,9,Harrison Bader,664056,active_roster,San Francisco Giants,Michael Lorenzen,0.18,1.2,38.0,34.0,8.0,89.0,14.0,0.1,1.0,1.0,0.65,538.0,523.0,531.0,51.25
2026-05-29,San Francisco Giants vs Colorado Rockies,1,Braxton Fulford,690924,active_roster,Colorado Rockies,Logan Webb,0.18,1.2,38.0,34.0,8.0,89.0,14.0,0.1,1.2,1.0,0.65,584.0,572.0,569.0,51.25
2026-05-29,San Francisco Giants vs Colorado Rockies,2,Brett Sullivan,664954,active_roster,Colorado Rockies,Logan Webb,0.18,1.2,38.0,34.0,8.0,89.0,14.0,0.1,1.2,1.0,0.65,383.0,395.0,387.0,51.25
2026-05-29,San Francisco Giants vs Colorado Rockies,3,Hunter Goodman,696100,active_roster,Colorado Rockies,Logan Webb,0.18,1.2,38.0,34.0,8.0,89.0,14.0,0.1,1.2,1.0,0.65,557.0,546.0,552.0,51.25
2026-05-29,San Francisco Giants vs Colorado Rockies,4,TJ Rumfield,681198,active_roster,Colorado Rockies,Logan Webb,0.18,1.2,38.0,34.0,8.0,89.0,14.0,0.1,1.2,1.0,0.65,613.0,604.0,617.0,51.25
2026-05-29,San Francisco Giants vs Colorado Rockies,5,Chad Stevens,677060,active_roster,Colorado Rockies,Logan Webb,0.18,1.2,38.0,34.0,8.0,89.0,14.0,0.1,1.2,1.0,0.65,590.0,586.0,600.0,51.25
2026-05-29,San Francisco Giants vs Colorado Rockies,6,Edouard Julien,666397,active_roster,Colorado Rockies,Logan Webb,0.18,1.2,38.0,34.0,8.0,89.0,14.0,0.1,1.2,1.0,0.65,364.0,356.0,358.0,51.25
2026-05-29,San Francisco Giants vs Colorado Rockies,7,Willi Castro,650489,active_roster,Colorado Rockies,Logan Webb,0.18,1.2,38.0,34.0,8.0,89.0,14.0,0.1,1.2,1.0,0.65,399.0,409.0,386.0,51.25
2026-05-29,San Francisco Giants vs Colorado Rockies,8,Kyle Karros,691720,active_roster,Colorado Rockies,Logan Webb,0.18,1.2,38.0,34.0,8.0,89.0,14.0,0.1,1.2,1.0,0.65,478.0,467.0,488.0,51.25
2026-05-29,San Francisco Giants vs Colorado Rockies,9,Ezequiel Tovar,678662,active_roster,Colorado Rockies,Logan Webb,0.18,1.2,38.0,34.0,8.0,89.0,14.0,0.1,1.2,1.0,0.65,550.0,539.0,558.0,51.25
2026-05-29,New York Yankees vs Athletics,1,Austin Wells,669224,active_roster,New York Yankees,Luis Severino,0.18,1.2,38.0,34.0,8.0,89.0,14.0,0.1,1.1,1.05,0.65,579.0,594.0,587.0,51.25
2026-05-29,New York Yankees vs Athletics,2,J.C. Escarra,641555,active_roster,New York Yankees,Luis Severino,0.18,1.2,38.0,34.0,8.0,89.0,14.0,0.1,1.1,1.05,0.65,420.0,411.0,431.0,51.25
2026-05-29,New York Yankees vs Athletics,3,Ben Rice,700250,active_roster,New York Yankees,Luis Severino,0.18,1.2,38.0,34.0,8.0,89.0,14.0,0.1,1.1,1.05,0.65,611.0,616.0,598.0,51.25
2026-05-29,New York Yankees vs Athletics,4,Paul Goldschmidt,502671,active_roster,New York Yankees,Luis Severino,0.18,1.2,38.0,34.0,8.0,89.0,14.0,0.1,1.1,1.05,0.65,492.0,484.0,505.0,51.25
2026-05-29,New York Yankees vs Athletics,5,Jazz Chisholm Jr.,665862,active_roster,New York Yankees,Luis Severino,0.18,1.2,38.0,34.0,8.0,89.0,14.0,0.1,1.1,1.05,0.65,498.0,499.0,512.0,51.25
2026-05-29,New York Yankees vs Athletics,6,Amed Rosario,642708,active_roster,New York Yankees,Luis Severino,0.18,1.2,38.0,34.0,8.0,89.0,14.0,0.1,1.1,1.05,0.65,439.0,447.0,454.0,51.25
2026-05-29,New York Yankees vs Athletics,7,Ryan McMahon,641857,active_roster,New York Yankees,Luis Severino,0.18,1.2,38.0,34.0,8.0,89.0,14.0,0.1,1.1,1.05,0.65,486.0,501.0,472.0,51.25
2026-05-29,New York Yankees vs Athletics,8,Anthony Volpe,683011,active_roster,New York Yankees,Luis Severino,0.18,1.2,38.0,34.0,8.0,89.0,14.0,0.1,1.1,1.05,0.65,622.0,629.0,625.0,51.25
2026-05-29,New York Yankees vs Athletics,9,José Caballero,676609,active_roster,New York Yankees,Luis Severino,0.18,1.2,38.0,34.0,8.0,89.0,14.0,0.1,1.1,1.05,0.65,459.0,473.0,472.0,51.25
2026-05-29,New York Yankees vs Athletics,1,Jonah Heim,641680,active_roster,Athletics,Carlos Rodón,0.18,1.2,38.0,34.0,8.0,89.0,14.0,0.1,1.0,1.0,0.65,626.0,634.0,641.0,51.25
2026-05-29,New York Yankees vs Athletics,2,Shea Langeliers,669127,active_roster,Athletics,Carlos Rodón,0.18,1.2,38.0,34.0,8.0,89.0,14.0,0.1,1.0,1.0,0.65,514.0,503.0,528.0,51.25
2026-05-29,New York Yankees vs Athletics,3,Nick Kurtz,701762,active_roster,Athletics,Carlos Rodón,0.18,1.2,38.0,34.0,8.0,89.0,14.0,0.1,1.0,1.0,0.65,416.0,407.0,421.0,51.25
2026-05-29,New York Yankees vs Athletics,4,Alika Williams,675961,active_roster,Athletics,Carlos Rodón,0.18,1.2,38.0,34.0,8.0,89.0,14.0,0.1,1.0,1.0,0.65,475.0,480.0,479.0,51.25
2026-05-29,New York Yankees vs Athletics,5,Jeff McNeil,643446,active_roster,Athletics,Carlos Rodón,0.18,1.2,38.0,34.0,8.0,89.0,14.0,0.1,1.0,1.0,0.65,480.0,471.0,483.0,51.25
2026-05-29,New York Yankees vs Athletics,6,Zack Gelof,680869,active_roster,Athletics,Carlos Rodón,0.18,1.2,38.0,34.0,8.0,89.0,14.0,0.1,1.0,1.0,0.65,527.0,532.0,518.0,51.25
2026-05-29,New York Yankees vs Athletics,7,Darell Hernaiz,687231,active_roster,Athletics,Carlos Rodón,0.18,1.2,38.0,34.0,8.0,89.0,14.0,0.1,1.0,1.0,0.65,514.0,512.0,517.0,51.25
2026-05-29,New York Yankees vs Athletics,8,Tyler Soderstrom,691016,active_roster,Athletics,Carlos Rodón,0.18,1.2,38.0,34.0,8.0,89.0,14.0,0.1,1.0,1.0,0.65,480.0,478.0,487.0,51.25
2026-05-29,New York Yankees vs Athletics,9,Henry Bolte,703607,active_roster,Athletics,Carlos Rodón,0.18,1.2,38.0,34.0,8.0,89.0,14.0,0.1,1.0,1.0,0.65,452.0,454.0,466.0,51.25
2026-05-29,Arizona Diamondbacks vs Seattle Mariners,1,Aramis Garcia,605244,active_roster,Arizona Diamondbacks,George Kirby,0.18,1.2,38.0,34.0,8.0,89.0,14.0,0.1,1.0,1.0,0.65,617.0,610.0,627.0,51.25
2026-05-29,Arizona Diamondbacks vs Seattle Mariners,2,Gabriel Moreno,672515,active_roster,Arizona Diamondbacks,George Kirby,0.18,1.2,38.0,34.0,8.0,89.0,14.0,0.1,1.0,1.0,0.65,555.0,570.0,561.0,51.25
2026-05-29,Arizona Diamondbacks vs Seattle Mariners,3,Ildemaro Vargas,545121,active_roster,Arizona Diamondbacks,George Kirby,0.18,1.2,38.0,34.0,8.0,89.0,14.0,0.1,1.0,1.0,0.65,603.0,592.0,615.0,51.25
2026-05-29,Arizona Diamondbacks vs Seattle Mariners,4,Ketel Marte,606466,active_roster,Arizona Diamondbacks,George Kirby,0.18,1.2,38.0,34.0,8.0,89.0,14.0,0.1,1.0,1.0,0.65,576.0,590.0,581.0,51.25
2026-05-29,Arizona Diamondbacks vs Seattle Mariners,5,Nolan Arenado,571448,active_roster,Arizona Diamondbacks,George Kirby,0.18,1.2,38.0,34.0,8.0,89.0,14.0,0.1,1.0,1.0,0.65,351.0,364.0,355.0,51.25
2026-05-29,Arizona Diamondbacks vs Seattle Mariners,6,Geraldo Perdomo,672695,active_roster,Arizona Diamondbacks,George Kirby,0.18,1.2,38.0,34.0,8.0,89.0,14.0,0.1,1.0,1.0,0.65,497.0,504.0,499.0,51.25
2026-05-29,Arizona Diamondbacks vs Seattle Mariners,7,Tim Tawa,694374,active_roster,Arizona Diamondbacks,George Kirby,0.18,1.2,38.0,34.0,8.0,89.0,14.0,0.1,1.0,1.0,0.65,615.0,626.0,630.0,51.25
2026-05-29,Arizona Diamondbacks vs Seattle Mariners,8,Jorge Barrosa,678489,active_roster,Arizona Diamondbacks,George Kirby,0.18,1.2,38.0,34.0,8.0,89.0,14.0,0.1,1.0,1.0,0.65,605.0,597.0,616.0,51.25
2026-05-29,Arizona Diamondbacks vs Seattle Mariners,9,Ryan Waldschmidt,814439,active_roster,Arizona Diamondbacks,George Kirby,0.18,1.2,38.0,34.0,8.0,89.0,14.0,0.1,1.0,1.0,0.65,439.0,425.0,427.0,51.25
2026-05-29,Arizona Diamondbacks vs Seattle Mariners,1,Jhonny Pereda,640902,active_roster,Seattle Mariners,Zac Gallen,0.18,1.2,38.0,34.0,8.0,89.0,14.0,0.1,1.0,1.0,0.65,621.0,626.0,621.0,51.25
2026-05-29,Arizona Diamondbacks vs Seattle Mariners,2,Mitch Garver,641598,active_roster,Seattle Mariners,Zac Gallen,0.18,1.2,38.0,34.0,8.0,89.0,14.0,0.1,1.0,1.0,0.65,539.0,535.0,542.0,51.25
2026-05-29,Arizona Diamondbacks vs Seattle Mariners,3,Josh Naylor,647304,active_roster,Seattle Mariners,Zac Gallen,0.18,1.2,38.0,34.0,8.0,89.0,14.0,0.1,1.0,1.0,0.65,356.0,349.0,352.0,51.25
2026-05-29,Arizona Diamondbacks vs Seattle Mariners,4,Cole Young,702284,active_roster,Seattle Mariners,Zac Gallen,0.18,1.2,38.0,34.0,8.0,89.0,14.0,0.1,1.0,1.0,0.65,534.0,546.0,523.0,51.25
2026-05-29,Arizona Diamondbacks vs Seattle Mariners,5,Colt Emerson,806068,active_roster,Seattle Mariners,Zac Gallen,0.18,1.2,38.0,34.0,8.0,89.0,14.0,0.1,1.0,1.0,0.65,488.0,495.0,503.0,51.25
2026-05-29,Arizona Diamondbacks vs Seattle Mariners,6,Patrick Wisdom,621550,active_roster,Seattle Mariners,Zac Gallen,0.18,1.2,38.0,34.0,8.0,89.0,14.0,0.1,1.0,1.0,0.65,362.0,354.0,355.0,51.25
2026-05-29,Arizona Diamondbacks vs Seattle Mariners,7,J.P. Crawford,641487,active_roster,Seattle Mariners,Zac Gallen,0.18,1.2,38.0,34.0,8.0,89.0,14.0,0.1,1.0,1.0,0.65,395.0,401.0,406.0,51.25
2026-05-29,Arizona Diamondbacks vs Seattle Mariners,8,Randy Arozarena,668227,active_roster,Seattle Mariners,Zac Gallen,0.18,1.2,38.0,34.0,8.0,89.0,14.0,0.1,1.0,1.0,0.65,579.0,575.0,592.0,51.25
2026-05-29,Arizona Diamondbacks vs Seattle Mariners,9,Julio Rodríguez,677594,active_roster,Seattle Mariners,Zac Gallen,0.18,1.2,38.0,34.0,8.0,89.0,14.0,0.1,1.0,1.0,0.65,595.0,603.0,609.0,51.25
2026-05-29,Philadelphia Phillies vs Los Angeles Dodgers,1,Garrett Stubbs,596117,active_roster,Philadelphia Phillies,Justin Wrobleski,0.18,1.2,38.0,34.0,8.0,89.0,14.0,0.1,1.08,1.05,0.65,390.0,387.0,395.0,51.25
2026-05-29,Philadelphia Phillies vs Los Angeles Dodgers,2,J.T. Realmuto,592663,active_roster,Philadelphia Phillies,Justin Wrobleski,0.18,1.2,38.0,34.0,8.0,89.0,14.0,0.1,1.08,1.05,0.65,640.0,648.0,638.0,51.25
2026-05-29,Philadelphia Phillies vs Los Angeles Dodgers,3,Rafael Marchán,665561,active_roster,Philadelphia Phillies,Justin Wrobleski,0.18,1.2,38.0,34.0,8.0,89.0,14.0,0.1,1.08,1.05,0.65,363.0,353.0,349.0,51.25
2026-05-29,Philadelphia Phillies vs Los Angeles Dodgers,4,Bryce Harper,547180,active_roster,Philadelphia Phillies,Justin Wrobleski,0.29,1.3,50.0,43.0,15.9,92.9,18.6,0.28,1.08,1.05,0.89,358.0,344.0,353.0,51.25
2026-05-29,Philadelphia Phillies vs Los Angeles Dodgers,5,Bryson Stott,681082,active_roster,Philadelphia Phillies,Justin Wrobleski,0.18,1.2,38.0,34.0,8.0,89.0,14.0,0.1,1.08,1.05,0.65,361.0,348.0,352.0,51.25
2026-05-29,Philadelphia Phillies vs Los Angeles Dodgers,6,Edmundo Sosa,624641,active_roster,Philadelphia Phillies,Justin Wrobleski,0.18,1.2,38.0,34.0,8.0,89.0,14.0,0.1,1.08,1.05,0.65,485.0,477.0,477.0,51.25
2026-05-29,Philadelphia Phillies vs Los Angeles Dodgers,7,Alec Bohm,664761,active_roster,Philadelphia Phillies,Justin Wrobleski,0.18,1.2,38.0,34.0,8.0,89.0,14.0,0.1,1.08,1.05,0.65,430.0,432.0,440.0,51.25
2026-05-29,Philadelphia Phillies vs Los Angeles Dodgers,8,Trea Turner,607208,active_roster,Philadelphia Phillies,Justin Wrobleski,0.18,1.2,38.0,34.0,8.0,89.0,14.0,0.1,1.08,1.05,0.65,585.0,600.0,596.0,51.25
2026-05-29,Philadelphia Phillies vs Los Angeles Dodgers,9,Brandon Marsh,669016,active_roster,Philadelphia Phillies,Justin Wrobleski,0.18,1.2,38.0,34.0,8.0,89.0,14.0,0.1,1.08,1.05,0.65,518.0,514.0,530.0,51.25
2026-05-29,Philadelphia Phillies vs Los Angeles Dodgers,1,Dalton Rushing,687221,active_roster,Los Angeles Dodgers,Zack Wheeler,0.18,1.2,38.0,34.0,8.0,89.0,14.0,0.1,1.15,1.0,0.65,494.0,508.0,479.0,51.25
2026-05-29,Philadelphia Phillies vs Los Angeles Dodgers,2,Will Smith,669257,active_roster,Los Angeles Dodgers,Zack Wheeler,0.18,1.2,38.0,34.0,8.0,89.0,14.0,0.1,1.15,1.0,0.65,462.0,450.0,458.0,51.25
2026-05-29,Philadelphia Phillies vs Los Angeles Dodgers,3,Freddie Freeman,518692,active_roster,Los Angeles Dodgers,Zack Wheeler,0.18,1.2,38.0,34.0,8.0,89.0,14.0,0.1,1.15,1.0,0.65,530.0,522.0,521.0,51.25
2026-05-29,Philadelphia Phillies vs Los Angeles Dodgers,4,Alex Freeland,690976,active_roster,Los Angeles Dodgers,Zack Wheeler,0.18,1.2,38.0,34.0,8.0,89.0,14.0,0.1,1.15,1.0,0.65,380.0,365.0,395.0,51.25
2026-05-29,Philadelphia Phillies vs Los Angeles Dodgers,5,Max Muncy,571970,active_roster,Los Angeles Dodgers,Zack Wheeler,0.18,1.2,38.0,34.0,8.0,89.0,14.0,0.1,1.15,1.0,0.65,533.0,534.0,530.0,51.25
2026-05-29,Philadelphia Phillies vs Los Angeles Dodgers,6,Hyeseong Kim,808975,active_roster,Los Angeles Dodgers,Zack Wheeler,0.18,1.2,38.0,34.0,8.0,89.0,14.0,0.1,1.15,1.0,0.65,478.0,476.0,469.0,51.25
2026-05-29,Philadelphia Phillies vs Los Angeles Dodgers,7,Miguel Rojas,500743,active_roster,Los Angeles Dodgers,Zack Wheeler,0.18,1.2,38.0,34.0,8.0,89.0,14.0,0.1,1.15,1.0,0.65,586.0,581.0,592.0,51.25
2026-05-29,Philadelphia Phillies vs Los Angeles Dodgers,8,Mookie Betts,605141,active_roster,Los Angeles Dodgers,Zack Wheeler,0.26,1.2,47.0,42.0,14.0,92.5,18.0,0.22,1.15,1.0,0.78,357.0,358.0,349.0,51.25
2026-05-29,Philadelphia Phillies vs Los Angeles Dodgers,9,Alex Call,669743,active_roster,Los Angeles Dodgers,Zack Wheeler,0.18,1.2,38.0,34.0,8.0,89.0,14.0,0.1,1.15,1.0,0.65,444.0,441.0,454.0,51.25
